# Blender 4.4.1
# www.blender.org
mtllib armadillo.mtl
o Armadillo
v 2.638320 73.385376 29.986597
v -39.928337 23.155777 12.411688
v -51.861279 123.815559 -57.511646
v 20.841246 11.120632 10.359884
v -55.115810 121.962189 -56.316750
v 15.850361 21.155392 11.871037
v -56.774872 125.066078 -54.258644
v -52.177044 121.933151 -56.787182
v -35.968781 64.563095 17.329126
v -40.714905 26.357275 10.336121
v -29.206142 47.956226 19.357935
v -24.886339 59.243282 25.883265
v -54.531727 124.617691 -51.912754
v -4.676271 105.395142 38.327232
v -56.745880 114.740158 -54.700451
v -58.008057 113.658417 -55.048733
v -29.883106 11.427433 9.172553
v -49.189907 129.759552 -54.803749
v 13.755476 16.360134 21.030138
v -58.054173 117.749435 -52.349812
v 22.526928 109.090240 25.941313
v 5.025822 100.395996 37.105934
v 14.382066 26.015629 9.835823
v 32.738441 28.003931 11.702669
v -56.366737 120.489899 -49.920624
v -29.043875 50.898006 20.961233
v -61.145466 121.931145 -47.291470
v -52.127300 128.300629 -51.768078
v -53.210194 131.647949 -53.474037
v -6.706817 76.304031 31.161316
v -60.323757 115.269318 -53.023346
v 13.527477 50.497826 19.721989
v -41.728527 29.254013 13.402753
v 4.124981 77.250473 31.448679
v 7.572460 69.328995 26.774309
v -51.288822 131.763199 -51.385883
v -34.137474 68.379623 16.852480
v 14.338545 34.826458 11.203104
v 34.073376 33.289326 10.190202
v -41.818619 36.364830 12.167731
v -56.559464 129.079208 -50.843365
v -21.906338 35.130676 13.717131
v 29.563128 50.320713 18.444124
v -28.863594 71.202660 19.694361
v 32.768154 37.884109 11.967495
v 26.907478 20.859413 28.170675
v 0.657485 55.525951 43.473064
v -34.561230 13.709991 8.353103
v -16.753908 60.950115 25.550114
v -29.228495 17.442379 6.814339
v -5.914843 64.084976 28.689550
v 9.186775 82.960922 31.387217
v -35.868523 17.144894 7.063600
v -12.383955 54.148045 18.598913
v 5.733187 74.351929 30.291859
v -57.737976 131.425629 -45.352409
v 10.289787 54.857346 18.610229
v -62.443138 117.641243 -45.691479
v -61.192387 119.546623 -46.646420
v -56.802120 119.275513 -48.556355
v -8.922060 123.247063 37.532352
v 14.476628 45.200382 14.364509
v 9.534081 57.660149 19.473227
v -55.660912 116.914047 -46.603504
v -21.601151 44.260029 12.070334
v -12.024039 84.899475 30.268646
v 30.504362 45.208534 13.804341
v -39.863701 43.245552 11.210894
v -57.494465 125.665855 -47.489113
v -18.127476 46.707939 10.726688
v -61.230896 114.780701 -46.414951
v 1.968143 117.015335 -48.801334
v -53.693176 127.363205 -47.447170
v 0.751302 61.365711 19.284184
v -1.686281 115.578491 -48.776745
v -35.588745 20.385963 6.579874
v -1.519812 116.546417 -46.358467
v -38.396618 19.985447 7.796226
v -13.086029 100.565521 35.016735
v -33.911678 62.035236 21.143127
v -55.600510 125.646873 -48.010555
v -5.966813 62.329956 20.497271
v 0.495315 114.013107 -47.813972
v 2.770162 114.599503 -47.741993
v 33.988514 52.608585 13.434422
v -54.266338 122.187569 -46.418884
v -30.985695 5.959763 25.475956
v -59.808937 129.230652 -44.722187
v -53.062271 130.471664 -46.024418
v 28.821619 65.729012 19.786711
v -39.272121 53.366119 13.353004
v -58.804718 114.018234 -46.064701
v -31.780489 66.704460 21.776440
v -55.661530 119.446808 -44.767414
v 7.134740 57.131966 14.973408
v 34.792969 56.140308 10.963667
v 25.730890 68.307693 19.799496
v -11.289442 56.011116 11.752628
v -2.643337 112.846024 -45.113461
v -56.802052 114.432434 -45.165554
v -14.179416 92.250031 28.459358
v 0.906934 122.158386 38.371067
v 3.584087 116.114922 -45.784370
v 26.413610 23.584326 7.273543
v -59.196289 126.575089 -45.870209
v 21.754784 61.659771 25.463474
v 8.790340 113.633423 38.050644
v -4.382951 61.311520 10.587309
v -24.628677 73.748520 21.285864
v 18.574444 78.718132 19.133532
v 16.098356 78.864197 22.334764
v 17.341497 84.466911 19.457846
v 22.625410 26.867126 6.301261
v 0.531005 119.185196 -42.774734
v 18.000929 86.214340 19.978664
v 20.255203 28.518082 6.109625
v -34.420448 68.499084 11.786809
v -18.410538 100.034882 30.720966
v 17.532406 102.127808 30.705229
v -49.286400 138.529160 -45.911720
v 17.982054 91.777115 20.467157
v -18.328451 90.542526 22.344595
v -48.374115 139.650864 -44.885433
v 0.348353 103.842636 35.386280
v 27.286531 71.144615 13.404654
v 6.739669 115.465256 -43.242237
v -19.357555 93.424744 21.914074
v -5.357785 117.001709 -43.091938
v -2.220273 56.902664 43.293007
v -28.148176 72.930885 13.243279
v 24.229824 72.407623 13.913590
v 22.367390 95.172356 22.040493
v 22.432653 73.844223 9.579792
v -21.093876 96.081062 22.741968
v -62.000744 114.610420 -41.990654
v -24.383698 97.301163 23.189390
v -2.609105 118.621552 -39.425217
v -21.813694 106.751068 29.336348
v 22.081257 24.782187 28.813324
v -28.796295 108.518845 19.766920
v -54.799320 132.430908 -43.387989
v 23.668324 107.102600 20.509361
v 8.073538 101.586273 35.928368
v -60.656883 113.187210 -43.130535
v -20.031794 88.998878 14.668277
v -20.781313 91.522057 13.018540
v -29.013218 110.761879 17.584297
v 21.175135 94.996262 15.207994
v 26.279663 114.734238 18.280506
v 32.743313 28.079519 21.147444
v -27.720657 62.933941 25.207645
v 20.403700 107.451035 30.205679
v -29.877029 115.404228 18.186499
v -52.253323 139.111511 -42.611958
v 4.513953 111.906952 -44.037109
v -5.702402 113.024857 -42.922482
v -0.419040 112.331573 -43.643154
v 24.163227 97.980209 10.073428
v -27.312683 98.354004 14.296242
v 25.144686 117.287003 19.686367
v 18.473467 110.753403 30.976643
v -27.951777 121.026520 20.545609
v -52.224865 120.977127 -38.224403
v -21.126415 109.962372 32.753582
v -62.334881 124.129051 -40.043667
v 25.706232 121.967606 19.242739
v -52.884544 138.198853 -44.959206
v 20.275017 113.425125 30.749245
v 0.954585 110.535324 -41.574078
v -21.927938 79.774437 20.376612
v 6.963999 112.869591 -41.026188
v -54.138851 116.492004 -39.627174
v -26.654966 124.834259 20.258585
v -54.189404 124.159592 -43.682835
v 24.183926 126.087563 19.895401
v -61.408096 125.922951 -39.707535
v -52.224319 126.905251 -42.826134
v 58.579094 129.949707 -43.382999
v -29.003284 108.679794 13.216217
v 54.777355 135.336441 -42.884144
v 18.332512 103.535461 29.741737
v 51.878109 137.592834 -43.686863
v 10.439389 133.851257 31.448336
v -22.135300 37.229126 8.697534
v -2.318780 110.099617 -41.454823
v -42.738705 36.985081 10.041765
v -58.064327 113.782959 -40.037453
v -63.121914 117.868454 -39.046856
v -62.478870 122.015747 -43.497757
v -52.462051 129.336517 -42.508308
v -59.925987 130.461914 -41.987049
v -21.324436 132.571594 20.818216
v -2.174828 48.239578 46.894653
v 38.021545 116.451645 7.902986
v 53.691494 135.200623 -41.145161
v 2.737958 109.856567 -40.156773
v -35.082840 114.398376 10.107192
v -21.519625 64.829994 25.792557
v -13.931118 138.580048 20.649574
v 14.417335 139.025177 17.471533
v -11.202906 140.110504 22.769201
v 57.448811 132.673157 -42.700542
v -59.561832 130.989990 -38.178528
v -50.698929 132.960999 -40.749134
v -57.411201 133.895157 -40.998646
v 33.856831 118.152451 10.624958
v 7.523740 141.405304 22.847986
v -50.574844 135.570374 -41.159485
v -5.995669 69.156609 29.132700
v 31.332230 117.773575 11.890416
v -7.642317 117.071533 -38.982498
v 4.870706 117.970551 -38.838612
v -1.645514 123.080200 38.190399
v -30.206018 121.455170 11.459334
v -16.516562 127.338280 30.911011
v 60.980415 131.199631 -40.713196
v 23.519299 113.417694 25.941311
v -6.143897 141.624725 23.398188
v -4.467604 144.366913 17.532024
v 16.308826 127.776711 29.241503
v 25.193964 126.724266 11.897580
v 58.043499 136.608276 -39.757607
v -23.338472 43.553215 10.632363
v -56.680569 134.761536 -37.826214
v 56.494476 138.301819 -38.975075
v 13.396920 2.271240 22.347300
v 17.960861 136.009171 11.186985
v -18.782597 137.379456 12.838422
v 6.972332 134.281662 32.636131
v -51.780212 126.829735 -39.076668
v -35.241867 5.878101 23.115034
v 9.072648 135.428604 29.527340
v -14.410951 141.995758 13.423531
v -23.321413 7.386276 23.187817
v 12.097417 49.458115 9.237344
v -4.385972 110.858337 -39.769180
v -54.974758 114.423477 -34.814503
v 35.456253 50.248024 8.050847
v 2.802406 120.176559 -38.710365
v 31.388269 7.435055 18.716177
v 8.650703 143.687073 12.749377
v 28.895599 11.732155 19.752058
v -9.461959 144.175598 7.230094
v 15.389225 11.562725 19.340136
v 7.467988 139.047668 26.817390
v 53.842331 137.142578 -37.877800
v -6.393310 113.368149 -38.422470
v 14.795556 11.506382 24.261230
v -36.305969 11.548347 20.633347
v 56.782734 126.558517 -36.468300
v 61.650017 125.050255 -35.711811
v -49.428013 2.012554 11.825738
v -26.005270 15.468300 21.516371
v 17.517748 2.104141 13.821216
v -53.668671 133.478760 -35.931587
v 3.022111 109.590256 -37.110878
v 4.076707 62.046265 25.198175
v -62.248344 115.934715 -37.606430
v 23.503054 2.632721 13.432618
v -41.023857 52.883373 9.025705
v -60.827278 129.950775 -38.369774
v 57.050713 129.369019 -37.369362
v -38.124691 19.540180 20.981651
v 29.595827 15.480625 18.380579
v 48.543861 142.601273 -40.393032
v 17.294746 2.079422 30.393404
v 23.267216 1.917839 27.147757
v 7.384078 113.063286 -37.372643
v 17.751701 6.654018 12.674653
v -50.325581 6.437397 10.209318
v -24.659908 20.484276 20.126724
v 36.779034 4.939182 13.091717
v 6.581662 58.393456 8.546125
v 12.231288 64.402100 26.192213
v 19.878744 3.095161 31.683159
v -27.754753 6.261246 10.961664
v -6.429131 51.974846 48.673298
v 61.147678 131.040222 -35.161350
v 14.187485 8.490707 29.703609
v 12.758081 24.566013 20.789091
v 51.054386 144.395569 -37.400356
v -1.312613 109.595100 -37.035770
v -24.711205 28.897957 20.292358
v -52.633289 115.972862 -35.515327
v 33.258293 9.814362 12.773767
v 12.437362 28.469837 18.827005
v -4.687155 45.687965 53.694069
v 31.134563 10.002251 11.652844
v -43.271828 9.292095 15.207635
v 62.981071 127.744812 -34.739067
v 19.592672 10.864212 29.536135
v 53.975109 142.069061 -37.313820
v -2.381545 110.877617 -35.407772
v 8.609874 62.735245 25.374098
v -42.733143 11.892464 10.193191
v 3.568614 58.387989 9.883042
v -14.942682 89.753731 30.061079
v -1.461541 121.108147 -38.390049
v 13.852618 91.012878 26.384426
v -40.138508 14.197296 13.002303
v 24.121920 19.462303 30.089182
v 54.804493 133.311279 -36.651211
v 21.006134 17.011551 30.862507
v -23.678520 15.378620 12.791583
v 52.153236 138.351547 -34.200607
v 23.169016 99.640182 17.576054
v -30.134344 35.614285 21.350740
v -5.182015 110.826141 -36.342602
v 8.653433 115.605347 -35.800396
v -40.346207 22.721153 9.355034
v 25.628834 18.157898 11.854355
v -0.086764 61.215729 7.776613
v -61.255219 126.039444 -35.578503
v -38.061886 62.548073 8.154204
v 58.284492 131.632660 -36.415791
v 17.981817 37.364494 20.755022
v 32.227478 36.388145 19.071577
v 22.499537 19.043808 12.239616
v -8.554931 115.242065 -33.913780
v 32.908401 61.591793 6.549468
v -61.860302 122.848190 -34.425369
v 12.301095 93.287704 27.923117
v -1.460988 53.072582 31.612316
v -21.575562 22.647385 12.767162
v 50.323460 142.428024 -35.340523
v -34.929482 40.528236 18.958796
v -58.719521 114.299103 -36.159824
v 24.788351 39.691132 19.937572
v -35.372105 66.955963 8.717870
v 0.424649 121.998085 -36.226051
v 58.384155 123.308731 -34.774162
v 2.830597 63.175812 30.601442
v 0.383767 109.094963 -34.091011
v -5.016358 62.156166 31.939445
v 17.289604 94.312065 26.816406
v -61.910187 118.751083 -35.001881
v 8.084442 119.686638 -30.245798
v -50.270844 131.908508 -37.474709
v 20.746582 44.260853 19.763994
v 4.799276 67.817833 27.571085
v -22.509283 37.228798 13.927886
v 4.385768 119.418488 -35.272629
v -15.787189 95.644089 29.219973
v -3.322747 70.807678 29.804029
v 24.452482 50.362907 21.027054
v -22.441172 46.982250 17.886026
v -23.350368 77.670685 8.034652
v -59.622520 129.578796 -33.277901
v -21.720686 126.771065 25.102364
v 60.289871 132.328796 -34.640438
v -57.216309 132.097839 -33.772987
v 11.658957 50.458046 12.206586
v -9.133419 72.505859 28.761324
v 2.451081 111.035606 -35.337177
v 4.088986 111.076225 -34.219685
v -6.585170 113.027573 -33.586884
v -3.260166 120.091141 -34.678917
v 2.797884 71.563660 30.209187
v -0.970537 138.007736 30.307354
v 25.065159 110.297806 18.242449
v 18.674809 80.185738 13.101538
v 28.159348 55.668205 21.274996
v -18.512424 86.184860 6.779700
v 18.461950 98.000916 26.801783
v 18.168680 25.745275 27.657507
v 12.463162 5.063625 28.504866
v -2.403306 125.169144 -33.761177
v 17.446026 87.113045 10.085291
v -40.435360 22.555470 18.033278
v -4.226015 47.822456 57.519955
v 53.763851 131.452087 -34.158634
v -31.944864 58.083088 22.502514
v 28.344849 25.832632 26.622740
v 7.393528 113.673775 -32.776085
v -59.574600 115.577667 -32.547932
v -7.937235 119.472931 -30.860413
v -46.822578 118.177704 -30.463274
v 4.448873 122.873726 -33.632465
v -49.373566 126.340767 -32.887856
v 4.374718 61.468796 22.039019
v 10.664783 104.694748 35.600922
v 60.554642 134.908630 -31.076754
v 54.178658 136.054413 -34.263062
v 18.019291 89.228149 10.076688
v 58.708672 136.236130 -30.714367
v 55.523800 137.006302 -33.734333
v -11.477387 80.883606 30.702679
v -1.424690 106.543198 -31.386189
v 14.822448 14.336605 21.945950
v -6.240895 127.582184 -34.418484
v -27.807587 100.824333 9.444319
v 62.242096 129.977631 -30.495602
v -2.631378 49.256538 44.189213
v -52.698956 131.766327 -32.556534
v 31.393999 100.485397 7.715388
v -3.681870 107.176231 -30.792833
v 32.136368 22.688381 18.729549
v -50.983116 112.109634 -34.661781
v -56.043369 111.839294 -33.131966
v -49.529171 116.201218 -32.825401
v -47.274075 121.869278 -31.631752
v 3.887290 124.665382 -33.349361
v 58.773102 120.995293 -29.671209
v 38.280609 106.230255 9.260308
v -34.339661 104.791039 9.048777
v -6.730713 124.973381 -33.397602
v -8.009589 87.649948 31.813324
v -7.810951 127.059685 -33.124474
v 55.032269 128.171204 -32.754799
v -49.758503 129.086151 -34.103905
v -6.483452 126.633102 36.473381
v -29.461645 119.076385 17.070312
v 27.881023 104.126663 13.468587
v -4.129086 111.839989 -32.485443
v 25.047348 125.865448 16.299923
v 39.556160 110.643776 8.842032
v -5.257055 121.424927 -32.105198
v -46.608597 124.002853 -29.983789
v 8.310139 126.244316 -32.394417
v 17.365252 93.583405 22.775040
v 54.238068 123.341591 -29.349783
v 12.318818 112.398232 36.162403
v -38.203800 111.732468 8.959243
v 61.561710 133.143036 -32.027119
v -36.333817 55.958954 18.299047
v 56.769161 140.252167 -29.779938
v 22.272833 97.533203 20.520948
v -24.666529 99.379677 22.015020
v -48.769604 110.055397 -31.358940
v 15.578715 96.111816 30.280174
v 36.101475 112.529297 11.929372
v 8.715228 115.233681 -30.720816
v 3.136152 59.220337 29.941816
v 6.429192 127.352127 -32.600986
v -24.096003 69.387627 23.903660
v -29.635916 118.661957 12.632353
v -5.988188 59.481155 30.628492
v 51.182407 135.721268 -31.544075
v 51.763927 140.307953 -30.424553
v 50.029438 145.302979 -33.547005
v 48.520966 144.894775 -32.789421
v 24.102690 121.392212 21.415073
v -15.111139 137.965958 22.020327
v -29.100500 122.766380 13.734871
v -28.843681 120.732681 6.935389
v -25.779711 129.901138 12.442939
v -17.787357 81.302734 25.008877
v 30.990353 120.534874 7.553197
v 8.806848 124.440903 -30.686239
v -59.388256 124.959755 -30.278082
v -47.134418 127.024513 -31.288063
v 26.845186 122.974586 9.593016
v -3.476496 128.299408 -30.622730
v -52.512024 129.124908 -30.826475
v 23.624475 125.582733 17.679535
v -25.486841 110.242874 25.603350
v 17.395094 135.634613 15.642834
v 20.553761 132.423996 19.900837
v 2.169489 108.547546 -31.945536
v 3.868087 111.940552 -31.395830
v -49.060997 112.407982 -29.520103
v 21.080330 131.202820 17.333637
v 6.446041 121.233406 -30.971048
v 59.977615 122.658028 -31.296045
v 19.911470 130.561493 8.047793
v 63.677910 126.375351 -29.782066
v -21.519867 134.344452 11.853135
v -24.444473 1.601948 19.536200
v -7.854348 100.326538 37.024357
v -21.103214 113.474564 32.875580
v -6.686301 114.230270 -31.529549
v -60.201584 119.593147 -31.147476
v -25.470116 114.407883 27.438841
v -44.018864 125.405159 -30.998152
v 16.717176 137.920883 13.576224
v -9.060888 129.167969 -27.745779
v 29.527948 1.822208 20.686953
v -1.716898 49.753693 38.423275
v 50.432152 145.022888 -29.339407
v 4.085711 107.601799 -30.120110
v -17.696011 74.739975 25.771069
v -10.966730 143.454681 5.666883
v 6.154814 111.418098 -28.166546
v 10.510684 142.439575 8.077762
v 27.584154 3.756950 22.925240
v 2.243120 57.426571 37.891735
v -6.132537 52.578037 43.054577
v 24.115080 10.736206 27.507355
v -4.141916 145.996048 6.745631
v 17.345949 125.588531 30.332272
v -0.237058 144.973404 5.846874
v 2.030122 145.653198 6.296598
v -20.371675 151.015976 -31.194717
v 19.791925 12.105316 12.403902
v -60.762947 112.840355 -28.036957
v -1.136016 145.583282 5.347738
v 40.875378 1.724930 6.933702
v -13.972617 128.873474 32.950241
v -40.569775 17.649929 12.508412
v -37.688992 16.205189 19.286991
v 31.530914 2.158455 7.183131
v 5.084592 128.650299 -29.298912
v -11.183737 134.101639 31.368372
v -16.023996 147.204132 -30.835060
v -37.167046 2.292793 3.937289
v -17.455647 151.797897 -30.199827
v -22.652441 149.869965 -28.565359
v -27.750286 3.523212 11.568410
v -21.537374 152.652130 -29.488371
v 16.281206 136.982742 16.700911
v -8.764209 116.780045 -27.576468
v 6.334321 115.077164 -29.474363
v -7.714489 116.970612 -29.996046
v -61.691376 116.726715 -29.062254
v 31.659048 2.224869 15.250586
v 16.751274 109.609070 33.290836
v -8.981077 125.293839 -29.284246
v 1.632880 51.457634 35.974705
v -53.620815 3.809570 6.846681
v -49.048664 1.873154 10.183920
v -44.913891 2.835533 8.798683
v -42.075249 123.563316 -26.370058
v -49.093864 129.826538 -27.196110
v -1.781588 130.188675 -30.776611
v 32.545876 1.523983 9.975919
v -11.583233 141.581818 -30.465147
v -23.229116 125.104301 26.306353
v 32.541348 31.393490 13.360399
v -40.317047 26.389261 19.177629
v 0.342076 108.062668 -26.411398
v -56.509216 109.283905 -28.614109
v 33.815742 4.243752 8.070971
v 61.447014 122.990540 -27.592684
v -57.597126 128.274994 -29.183243
v -11.963094 124.069038 35.760246
v 3.990091 130.486755 -29.933867
v 50.993233 136.075974 -28.468966
v -10.250905 145.479156 -29.700878
v -5.227254 108.472023 -29.907612
v -52.902157 108.851685 -29.720560
v -3.350660 140.664001 26.141062
v 15.619787 6.170776 32.025631
v -15.016349 50.100662 12.781345
v 8.668631 118.129486 -27.515125
v -61.007549 123.728546 -28.270407
v 54.446491 120.399406 -27.483152
v -12.265267 52.428940 12.185852
v -5.016288 57.959183 37.561218
v -44.223152 10.428822 7.219731
v -7.979878 131.531494 -28.987404
v -4.894726 134.171631 -26.439409
v 49.468636 139.511658 -27.088907
v -27.019140 9.801876 10.672659
v -7.052741 144.109100 17.794785
v 1.038754 140.348816 27.187408
v -23.889158 34.932518 18.168324
v 4.638736 143.348969 16.610874
v -16.362568 83.146729 27.030266
v -21.434830 151.827820 -27.578846
v 24.769001 45.380196 19.623344
v 13.678513 86.449677 26.796904
v 12.192708 53.031235 19.541454
v -12.061988 119.995995 -27.547060
v 57.511745 120.426521 -26.742916
v 16.712929 11.464382 28.837910
v -45.189316 128.149490 -26.679943
v 20.830751 124.590195 25.567911
v -5.606744 42.750374 57.067310
v 52.136211 130.575989 -28.654629
v -18.755297 127.305313 30.039881
v 13.023546 142.954071 -29.519985
v 54.018669 141.425262 -27.196198
v 49.552116 140.635437 -24.906776
v -24.516792 50.387760 21.842236
v 17.699955 148.935104 -28.975653
v -16.674934 129.069916 28.843237
v 4.243433 112.194366 -25.011316
v -45.862114 113.596985 -27.275110
v -22.166553 80.153564 13.074534
v 18.085407 129.459183 28.081524
v 19.308689 84.357300 12.617940
v 12.289793 123.170334 35.621540
v 1.867224 69.979416 29.337906
v -54.447048 129.946350 -27.633659
v 11.485703 138.938934 -29.340408
v -24.361200 96.891098 14.253158
v -3.207721 103.605988 38.499973
v -38.270950 23.382217 7.016247
v 0.197043 105.015778 38.829197
v -3.395695 72.443954 30.552174
v -30.847330 2.837444 20.666088
v 33.713581 103.508125 11.762103
v -28.417513 105.514053 13.380069
v 8.804477 125.421150 -26.596882
v 7.043865 58.466583 20.592720
v 31.006538 24.921368 10.220263
v 15.191651 136.422531 23.112444
v -16.084347 131.786102 28.523941
v -30.419550 112.592087 13.091649
v 14.368385 149.050735 -26.949289
v 22.644392 151.551605 -26.760288
v -14.026957 151.575745 -24.898870
v -45.348518 107.888962 -25.449869
v 49.683247 117.283737 -28.087343
v -43.546860 126.738869 -23.133238
v 62.512791 130.553802 -28.105032
v 7.797807 131.750259 -27.962069
v 59.957005 133.794083 -24.744749
v -1.327276 133.026398 -27.169121
v -0.507918 48.815392 42.355019
v 8.923885 141.130859 -27.174887
v 55.706421 138.903549 -25.990349
v -6.944859 141.979523 -25.430006
v 32.034573 29.011406 7.871000
v 18.600359 134.626251 12.951115
v -0.443538 114.316238 38.630154
v 5.690258 80.605003 31.753246
v -4.939198 111.117050 -26.385506
v 51.949039 120.720863 -27.210798
v 0.261051 144.454498 15.920424
v -40.489265 2.056965 16.266989
v -11.975787 142.444580 -25.897516
v -7.706265 124.809128 36.115891
v 19.851093 152.648819 -24.749727
v -58.436329 110.096161 -24.732740
v -43.741657 118.149330 -25.692797
v 55.883022 115.915657 -26.239494
v -8.349646 139.547699 25.087917
v 32.820061 44.546753 7.988513
v -3.827438 49.111290 41.266323
v -57.790646 128.180862 -23.094234
v -18.821272 114.397400 34.717247
v 9.269115 126.274567 35.859638
v 28.092361 47.397079 18.482924
v 2.148462 116.043541 39.494324
v -9.775578 135.271698 -25.901434
v -22.211000 98.942505 26.293602
v 48.690453 136.702637 -26.314013
v 57.936665 138.255737 -26.237522
v 10.543406 139.632202 -25.951485
v 6.362158 127.620140 36.048206
v -49.099030 106.613808 -25.501631
v 13.038464 137.872406 20.584850
v -18.657742 96.412407 30.456850
v 0.041711 107.543587 38.351559
v 52.712284 115.690872 -27.307035
v -7.608128 116.747520 -22.094831
v -63.207764 118.711044 -25.847881
v 22.746958 107.260452 26.890015
v -12.142740 119.184814 -23.879883
v 49.784336 124.762459 -23.802128
v 61.488621 129.771896 -24.426020
v -25.576155 4.794735 26.141222
v -0.393381 134.792648 -27.017834
v 7.187458 135.935303 -24.292662
v -33.490952 2.103313 23.963562
v -14.968901 143.666550 -24.174231
v -21.112093 147.051727 -26.384300
v -34.908989 108.608322 10.478623
v -54.200825 107.232811 -24.090420
v -42.229454 114.331543 -22.009228
v -24.495501 10.761669 16.262920
v 50.017101 118.045883 -24.979855
v 12.189959 119.353470 -22.701595
v -60.521126 124.912369 -24.302141
v 62.206207 125.127586 -24.308571
v 33.956558 59.768387 9.171560
v -12.073749 131.029083 -24.149281
v 10.399320 134.088806 -25.939192
v -25.076714 111.814888 25.383020
v -6.990376 136.988434 -25.422573
v -27.160980 41.172169 15.323187
v -16.435549 150.142990 -22.434502
v -33.903561 15.935509 22.143774
v -3.222794 110.056076 -21.127733
v 29.211065 39.384945 17.376894
v -5.672193 112.572533 -21.285994
v -60.800583 112.959862 -23.554462
v 47.912682 114.365440 -24.617174
v -25.950439 117.765259 26.425055
v 11.503373 120.354073 -25.448500
v 60.811764 122.514763 -22.737366
v -37.221962 26.241756 21.907698
v 4.396873 133.348862 -25.974232
v 30.464956 23.984402 24.681129
v 31.198036 66.021744 11.652965
v 48.535454 138.847595 -23.664156
v 12.570366 148.701447 -23.958824
v 12.636173 2.676498 26.740946
v -33.764595 42.214104 16.358582
v 15.596251 145.478241 -23.888725
v 33.009895 25.756786 17.420858
v -9.734980 131.961090 32.726959
v 53.326591 111.946030 -23.990530
v 16.322916 43.510521 16.099644
v -5.543613 52.896931 53.870979
v -42.391781 119.998535 -22.624166
v -9.498461 147.192596 -24.943447
v 22.588812 121.538338 26.061691
v -21.282034 79.448280 9.413568
v -31.674253 71.378471 12.245543
v -10.951156 56.652988 18.347958
v -2.559640 45.139439 56.588875
v 25.034540 38.103966 22.695789
v -7.930352 134.349915 32.987606
v 8.059001 118.137573 -23.461727
v -10.145711 120.530327 -20.802393
v 19.278461 48.825119 21.428869
v -4.196649 131.771027 35.105137
v 15.989503 2.992668 31.764671
v -47.022167 128.535736 -23.761141
v -21.215628 82.617348 16.013474
v -52.622932 129.854889 -24.028561
v 11.877677 131.581268 -21.517536
v -9.525924 136.565857 -22.792189
v -2.226889 136.453033 -23.615845
v 9.681987 134.973572 -22.055361
v -19.704720 144.547333 -24.267473
v -28.616751 39.710957 18.558992
v -44.631851 106.672134 -22.658386
v -45.923199 110.195137 -24.468248
v 47.689655 112.229294 -24.451151
v 4.904207 112.132751 -21.602909
v 15.607229 46.871971 18.415922
v 12.564000 125.212738 -22.364586
v -13.777918 125.315727 -23.580172
v -6.092484 56.466015 32.518929
v 1.995055 51.888988 41.655308
v 7.999485 143.845428 -22.433723
v -18.695972 130.367279 27.506229
v 27.063482 120.425774 14.249714
v 59.227421 115.054733 -22.268473
v -63.545406 115.989952 -21.520037
v 26.437727 14.934799 26.415638
v 60.308205 118.997360 -23.810083
v -39.742828 120.968826 -22.996269
v 48.700901 133.658478 -22.726376
v 3.838105 136.072952 -22.456665
v -4.864003 138.859802 -22.623745
v 52.597343 141.120270 -22.629927
v 9.835817 142.099854 10.853759
v -47.350117 105.222679 -20.840063
v -41.856228 109.340744 -23.066721
v 47.898773 116.466995 -22.518490
v 34.682407 1.688728 14.303785
v -14.313967 121.824036 -19.625519
v -62.408173 124.320808 -22.113274
v -32.308941 117.784714 9.232330
v -16.999960 86.933121 25.584682
v -29.447496 123.629570 9.160332
v -11.619811 112.227768 37.861664
v 58.429604 112.956863 -19.377409
v -39.994141 123.200859 -21.291096
v -24.872658 128.820709 10.036307
v 15.035864 134.172806 27.210768
v 59.832596 130.434494 -20.922424
v 1.688387 138.314636 -22.478725
v 54.813744 139.765244 -22.554136
v -17.627514 140.204437 -22.599140
v -39.989105 16.135727 14.892353
v 28.116146 16.733044 26.685028
v -2.763698 50.027187 36.169159
v -13.728149 110.246597 37.560345
v 51.197773 109.838684 -22.667439
v 53.636185 109.261688 -19.913692
v 29.685354 19.242474 15.067426
v -40.067703 19.867554 13.802007
v 31.307117 22.624821 13.837756
v -58.981274 127.705238 -20.474499
v -46.229225 127.255424 -20.100170
v -51.279503 128.812912 -21.347284
v -12.701193 134.347900 -22.158344
v -6.773416 140.173767 26.582958
v 10.429003 77.222473 28.697855
v 13.711222 147.012802 -19.747715
v 8.686864 92.988693 30.346132
v -39.312737 112.818359 -22.150747
v 47.649323 113.940872 -21.812206
v -61.884018 112.804001 -20.139042
v 16.576170 38.664337 15.693463
v 61.798923 120.826881 -20.643967
v -41.734947 40.989666 10.672058
v 14.525250 33.813950 20.123657
v 59.763580 126.350037 -20.639130
v 47.835724 129.877411 -20.945658
v 56.835819 136.412598 -20.540730
v 18.579609 2.716118 20.437153
v -36.396297 46.375259 14.610247
v 20.753813 145.510986 -22.023966
v -9.284692 145.599182 -20.306606
v -55.187168 107.400879 -18.654329
v 0.494147 109.784164 -18.864485
v -37.911777 2.763638 11.358024
v -40.396854 34.430367 19.017040
v 27.530798 9.340683 24.698408
v -38.360352 115.803658 -21.582355
v -34.385921 9.846394 23.269562
v 49.956966 131.610687 -17.949558
v -15.849234 137.043610 -21.609938
v -11.669743 114.071892 37.146854
v 52.895359 138.671616 -20.620277
v -5.584302 140.913849 -20.240719
v 29.482019 14.978973 22.301413
v 31.154371 19.375160 22.408060
v -51.641392 105.753525 -20.488668
v 11.013052 70.025978 26.837379
v -3.123605 62.651974 16.145702
v 8.826049 120.024124 -20.472166
v 46.200264 126.211571 -19.443012
v 10.594331 129.720703 -23.092054
v 6.434770 138.204681 -20.909369
v 18.665134 117.324806 30.974009
v 16.455162 142.490936 -21.605200
v -17.026482 145.380951 -21.437893
v -42.928974 106.749039 -18.373735
v 48.616222 106.930977 -19.773888
v 42.453506 108.539383 -19.029955
v 44.818886 110.728241 -22.073675
v 26.694241 21.353493 9.717085
v 6.242543 114.692566 -19.772964
v -38.100780 118.681358 -19.907473
v 45.320564 120.392860 -18.930712
v 18.466337 90.522629 16.285147
v -13.799100 131.051910 -17.674845
v -6.880682 47.373222 55.544483
v 16.616892 136.954514 -20.004288
v 29.775194 35.675594 23.636978
v -0.283084 49.973171 51.399853
v -39.273502 109.738464 -16.781569
v 56.777996 110.833450 -17.919876
v -8.474654 115.744812 -18.171005
v 61.764328 118.188377 -18.629608
v 10.456596 122.079788 -17.705706
v 61.583328 123.661476 -17.134087
v -55.123840 126.669365 -18.598278
v 24.387274 48.706642 21.301924
v -6.183741 53.559792 38.380337
v 18.834642 141.212250 -20.415051
v -23.277069 20.852806 9.653019
v -57.670986 110.365974 -18.130096
v -1.162070 52.576672 52.660454
v -15.379688 125.316406 -19.197481
v 57.270515 131.877625 -18.647255
v 15.304537 54.851288 23.311440
v -20.602976 26.689587 9.581217
v -49.608330 105.306854 -16.301565
v -10.647141 67.621269 28.191389
v -1.965720 145.738495 14.610910
v 5.287976 112.512619 -18.492188
v -41.579079 2.425400 16.691286
v 44.766094 112.435005 -18.639557
v 57.734890 128.412903 -17.864708
v 13.651524 127.945908 -15.435365
v 1.702979 140.509888 -15.915192
v -1.991666 140.128036 -18.982502
v 14.589079 31.184664 8.584470
v 40.012611 111.916672 -17.823799
v -61.146770 119.724205 -16.081621
v -58.965981 123.785149 -15.165616
v -15.070275 128.183624 -17.125906
v 15.148540 15.527332 25.971968
v -23.949604 13.718025 16.912169
v 1.168523 144.656479 17.859163
v 19.111378 19.443893 11.015496
v 14.936407 81.946869 26.067490
v -3.953094 111.321915 -17.537430
v 22.414053 16.177326 13.977617
v -39.388744 121.480278 -17.200544
v 59.687504 127.446678 -16.071236
v -22.785858 16.147617 16.370274
v 44.776356 129.857300 -18.131649
v 11.394795 132.695160 -16.868048
v 3.223688 139.169342 -17.565115
v -46.168900 105.485123 -16.782471
v -53.149971 107.059875 -15.449585
v -25.052269 103.911301 24.422176
v 23.921320 107.511795 23.727272
v -37.664787 113.706116 -16.249214
v -37.960548 116.558075 -15.358626
v 31.076767 57.397907 18.563021
v 25.522598 116.504257 21.575838
v 11.754932 29.631155 13.149244
v 13.264699 123.762421 -17.233353
v -41.061939 124.725006 -18.531992
v -27.624300 117.390686 24.651430
v -11.749343 134.303711 -18.798861
v 54.254253 135.302322 -18.333673
v -41.448570 37.394127 15.267008
v -1.440164 80.289536 31.392839
v 44.109230 104.905876 -15.290309
v 51.702156 106.426590 -16.684298
v 5.030719 113.247177 -17.228146
v -12.206530 121.963959 -14.504599
v -2.832777 48.933479 48.745655
v -25.273424 43.407551 14.591842
v -45.782097 126.332390 -16.907917
v -50.133308 127.155708 -16.878174
v -39.353012 59.370182 10.940551
v -12.526834 137.575531 -18.107740
v 6.525212 139.146576 -15.731490
v 9.454971 139.356689 -15.474727
v 12.041882 47.925545 13.743840
v -60.639851 111.709610 -15.443983
v -37.760918 50.925034 14.982519
v 41.609432 120.799377 -14.001114
v 45.421688 130.145172 -15.017548
v 49.741959 131.904266 -15.658624
v 53.522961 131.816177 -16.526644
v -5.944822 141.203720 -16.622231
v 33.265263 59.787735 13.614171
v -9.453258 56.357349 15.400769
v -10.827764 102.569229 36.787701
v -8.148520 93.397720 32.050068
v 9.308699 119.248550 -15.689260
v 4.883861 98.256683 33.996078
v -12.755624 76.195801 28.403709
v -9.850755 136.978119 -14.527701
v -8.833371 140.586151 -15.523902
v -21.681576 60.606560 25.963596
v -19.044788 50.683109 20.702971
v 16.648024 146.111053 -19.398809
v -43.578995 106.779205 -15.153008
v 55.167698 108.775780 -15.980245
v 20.727215 72.222710 18.262285
v 21.035963 78.018730 11.515041
v 4.358087 111.507957 -14.093608
v 58.847450 112.554970 -14.474118
v -24.923456 76.903946 14.412331
v 63.008705 118.362885 -15.546154
v -33.999447 17.978291 22.974495
v -17.321846 125.198997 -14.367734
v -3.643178 141.888550 -15.188858
v 23.650908 96.265152 15.825900
v -39.070175 107.511261 -15.163883
v 1.416969 108.775116 -14.585386
v -4.340362 110.115784 -14.841683
v 37.995003 115.554848 -14.171934
v -20.104689 85.350433 9.661931
v -54.839508 124.237679 -15.042739
v 41.455101 125.819054 -16.477173
v 10.276848 135.329086 -14.397850
v 48.553242 104.561096 -13.297413
v -15.415998 53.157871 20.064104
v 39.649078 108.050949 -14.801250
v 53.296154 106.800339 -11.005274
v -35.763672 35.099430 22.606653
v -9.371153 113.554062 -14.384612
v 8.783317 114.807541 -13.502903
v 41.655209 115.805992 -14.765171
v -38.744896 119.321068 -14.519864
v -1.310186 57.474365 27.561275
v 56.729813 129.963531 -15.155784
v -13.004452 132.832550 -14.713729
v 7.352472 122.384323 37.702721
v -17.320644 137.735199 15.512684
v 35.847027 103.875038 10.266596
v -42.284336 123.335960 -14.657399
v 39.879234 124.006332 -14.529715
v -39.714119 104.812592 -14.534806
v -54.718800 110.510193 -12.479996
v -33.424118 112.517044 -13.482980
v -19.722996 120.553497 -14.651956
v -2.538054 125.046036 38.050728
v -14.994889 56.346066 22.312513
v 16.358925 9.382294 15.794220
v -9.397584 101.344917 -15.361821
v -14.315136 97.717865 -14.385780
v 12.114837 59.354427 23.159004
v -8.630259 105.335251 -14.503994
v -49.142139 106.949661 -12.532805
v 17.835739 15.894814 29.271692
v 2.452336 60.421326 24.178585
v -33.890404 117.417984 -13.116738
v -2.231402 60.478291 23.337145
v 11.119534 117.040077 -11.799940
v -9.817489 63.701000 23.924421
v 14.126720 129.252808 -11.839566
v -12.902667 133.926956 -12.468420
v -4.446304 98.177460 -14.184834
v 3.638593 102.354172 -14.104460
v 9.218445 103.081985 -14.570477
v 1.203938 53.829109 32.112328
v 12.551267 23.716722 15.819402
v 41.786301 106.566650 -13.204750
v -22.392515 29.598600 16.761246
v 15.554650 75.666664 24.243423
v -21.417583 77.003807 21.053986
v -59.163158 115.010620 -12.939564
v -17.295298 120.494431 -15.138967
v 0.641235 65.980225 31.503778
v -55.785160 123.179741 -11.792123
v -46.973022 124.367882 -12.303753
v -1.327466 61.472454 35.563614
v 9.904209 110.190826 37.207943
v 48.224098 130.281891 -11.928946
v 7.770945 137.146469 -11.004946
v -39.262028 41.010983 15.388943
v 0.666519 103.452507 -12.215891
v -1.025944 102.635239 -11.797195
v -37.188725 105.077225 -13.056806
v -15.249399 104.363037 -15.158490
v -15.203331 108.633080 -13.939609
v 56.019794 109.255020 -11.879411
v -6.640941 108.861908 -13.549294
v 38.657864 111.281296 -11.798687
v -19.488214 45.624447 14.267684
v -27.361254 109.598267 23.880302
v 32.337002 49.810562 15.284177
v -27.735239 112.708694 24.389671
v 39.188309 118.359238 -13.840469
v 10.863596 122.873383 -11.801126
v -40.885662 120.323380 -12.620999
v 16.310713 122.821625 -14.001080
v -16.039360 128.543335 -12.947714
v 9.919724 51.446419 14.024491
v -6.123143 81.926636 31.860380
v 12.889401 95.143768 -11.938694
v 14.411779 100.031250 -12.970257
v -19.212069 104.701614 -13.879335
v 26.017920 33.267452 26.202862
v 6.647305 109.900040 -13.306498
v -33.705830 108.681015 -13.299446
v -55.002209 115.035095 -11.000651
v -58.090256 119.782043 -11.600459
v 38.486546 120.017479 -12.309209
v -22.109045 121.132690 -12.365220
v 32.408920 5.971272 8.019333
v 19.101353 125.265045 29.504595
v -23.386049 3.105568 24.427223
v 12.764033 131.939499 -11.913306
v 55.089230 129.329346 -11.221671
v -0.156799 141.366791 -12.833320
v 7.256428 96.277481 -14.309253
v -6.415522 91.985062 -11.669613
v -20.486895 86.053116 16.230007
v 8.280911 87.297501 31.407845
v 45.915195 104.965408 -11.585546
v 13.783669 112.613205 -10.877573
v -25.892403 11.343788 21.145636
v -48.732811 9.342995 10.630953
v -29.727783 11.374859 23.333714
v -7.084559 107.761383 -11.449241
v -13.821526 117.256348 -13.112511
v 32.741653 108.103409 14.333593
v -8.141733 64.190346 26.155842
v -38.502731 120.629936 -11.770426
v 41.960285 125.288475 -11.854189
v 0.060092 84.826073 31.463503
v 58.190567 127.005974 -8.135670
v 16.124510 126.854851 -10.501618
v -7.545435 139.311066 -12.210521
v 3.530384 139.981628 -11.818615
v -27.448496 27.307455 22.145075
v -9.626143 93.635208 -13.675788
v 4.287051 130.611572 35.731693
v 2.585529 93.785919 -12.624361
v 0.618939 93.986282 -10.453330
v -44.429287 103.806412 -10.529266
v 22.583511 130.740295 15.483997
v -28.501728 14.096478 9.111336
v 3.586300 89.620667 32.159393
v 13.279530 113.763702 -12.049334
v -22.441971 113.492966 -12.466152
v -19.260662 116.209564 -12.087543
v -16.679943 118.725159 -11.910403
v -24.572863 119.480461 -11.010189
v -9.944415 144.149536 14.239081
v 20.836035 116.880005 -10.773421
v -18.495197 126.263367 -10.372091
v -15.138581 131.140808 -10.457492
v 18.923189 103.610138 -10.818560
v -21.803213 103.564270 -11.467405
v -33.236683 104.445236 -11.168693
v 21.780596 53.450920 23.354536
v -27.480566 104.382767 -6.900024
v 16.688148 65.073074 24.409237
v 21.717083 23.620966 8.972061
v 19.654057 39.726746 19.739447
v -19.445169 54.456352 23.664013
v -20.749199 111.102867 -11.316595
v 25.577332 52.687675 22.316355
v 9.356405 110.144958 -11.476934
v 18.480005 24.878704 7.936606
v -51.821911 111.547012 -9.824331
v 59.814514 112.151367 -10.258774
v -14.387198 112.173828 -12.856657
v -29.228981 115.883514 -8.953169
v -42.744591 121.288399 -10.534294
v 25.632475 13.676666 14.278250
v -17.857655 102.906097 33.360615
v 50.874191 130.058868 -10.788815
v -18.000614 95.506821 -10.867332
v -21.033421 27.514252 13.372746
v 47.908054 105.692894 -9.336655
v 40.113705 103.344757 -9.061717
v 50.092369 105.896729 -8.919573
v -23.172405 107.953590 -10.131099
v 37.354412 107.932236 -10.044582
v 15.091928 69.208794 25.611008
v 15.795775 107.858582 -12.044507
v -41.562157 25.673759 14.593534
v 31.274305 24.950684 14.569994
v -5.268219 61.248402 26.054352
v -15.443258 111.193848 -11.871085
v 20.884439 15.197136 29.587179
v 16.589746 37.284611 10.518229
v 38.720448 116.499527 -8.891764
v 39.378277 119.349327 -9.732561
v 40.593712 121.972321 -8.863356
v 20.280666 122.007225 -9.682157
v 10.103536 124.446693 35.116852
v -24.410480 39.842873 9.998505
v 10.740397 88.905548 -8.067188
v -36.720093 102.440063 -8.256323
v -32.500534 119.205772 -9.839957
v -22.766439 123.740608 -8.805561
v 34.222233 48.402542 11.837865
v 21.597166 100.004456 23.754427
v -1.993538 96.658127 -11.449662
v 11.504169 73.744705 25.804541
v 19.822714 98.545486 -7.668975
v -47.299717 106.150352 -7.591364
v -24.338116 111.684517 -10.329647
v 19.610851 114.366074 -9.404589
v 29.123184 69.008041 13.991026
v -53.398869 118.806160 -10.415619
v 24.295597 70.578835 16.966749
v -31.771658 71.688019 16.465466
v -52.113941 123.374184 -11.794689
v -45.713871 120.429024 -8.189681
v 5.262880 139.587402 -7.941105
v -2.147213 141.887253 -9.061129
v -13.554362 91.336502 -10.588393
v -13.161277 72.711411 26.993849
v -24.242468 103.525078 -7.472122
v 5.684160 123.976204 36.782959
v 8.727586 139.511932 23.844196
v 5.197941 141.853775 22.510139
v 14.437957 119.765053 -9.479724
v 62.748280 119.367348 -9.624774
v 1.453216 141.918304 24.579454
v -36.639538 65.161438 12.823482
v -30.039265 1.787327 25.099268
v -6.139031 141.010010 -9.055385
v -0.145420 82.403046 32.801373
v -41.433189 103.514099 -6.818880
v -30.425793 117.504059 15.487014
v -30.528265 103.346352 -7.993514
v -26.982534 109.105011 -9.286587
v 20.658533 112.351036 -7.767350
v 13.424611 9.923092 24.759985
v -25.416189 128.691772 14.363151
v -33.399723 120.844650 -7.371935
v -19.090199 135.425339 13.587695
v 20.078014 64.501167 25.084724
v 12.469390 131.374512 -9.214179
v -10.534824 136.462952 -11.178189
v 6.087690 90.632843 33.751797
v -42.575188 1.813576 -9.202501
v -43.663269 3.056503 -9.500960
v -0.902846 92.061188 -9.997790
v 3.992811 91.076805 -8.872866
v -5.107901 91.806656 -8.424122
v -11.574732 142.100662 15.429594
v 16.978354 94.036819 -6.951391
v 8.621301 90.231171 32.978542
v 54.233086 109.024139 -7.078243
v 0.337817 112.341484 39.371807
v -49.766895 116.449722 -7.699240
v 34.606541 2.432220 16.687700
v 2.986505 108.371567 38.904861
v -11.946462 87.631279 -4.225019
v 35.335636 7.658558 15.018517
v 38.015114 102.222984 -8.126773
v 29.792044 10.897709 15.117028
v 18.182501 32.141045 25.416605
v -26.530121 117.356987 -8.562677
v -39.877083 121.868912 -6.515220
v 45.141369 125.623428 -7.793458
v -36.994068 3.391026 -2.741162
v -40.304264 5.317993 -7.194270
v 3.177372 84.476059 -8.622013
v 14.060385 18.851727 16.590845
v 14.011281 88.875038 -5.146513
v -9.014991 95.325134 33.605492
v 31.628458 107.463402 -7.821927
v -27.339180 55.457764 23.822769
v 35.895554 112.390442 -8.657903
v -2.170083 112.776840 39.603931
v 58.729324 112.349884 -6.415990
v -16.880671 98.437096 32.795551
v -48.864090 120.665451 -8.880592
v -37.261665 121.635933 -4.984715
v 12.806862 32.078419 15.491624
v 54.327621 126.270737 -7.290439
v -10.887397 136.779861 -7.742018
v 11.108189 134.777100 -6.552605
v 31.557705 37.488144 14.991667
v -3.817177 144.157013 -8.473938
v 20.181591 96.130722 -3.673043
v 25.198473 61.090111 23.699602
v 32.226974 104.534470 -6.676796
v 51.126282 107.030792 -6.620626
v -48.759575 110.529144 -5.035546
v 33.757732 114.855347 -8.040128
v -45.568275 121.191917 -5.145133
v -19.517532 112.415756 33.144897
v 18.195843 113.405380 32.878464
v 16.683823 126.305077 -7.745966
v 12.800222 131.453400 -6.143727
v -14.750116 133.118439 -7.118155
v -9.597638 142.193710 -7.563914
v 4.210143 143.186905 -7.553348
v 1.692160 145.135742 -7.187031
v -43.573280 3.334145 -5.099816
v -3.912381 84.834038 -8.987147
v -21.412514 94.950050 -3.915643
v -38.177856 58.461033 15.208762
v 30.521976 63.907688 17.586525
v -11.432390 141.737747 -7.428987
v -5.905107 145.147202 -6.670559
v -1.237109 82.888016 -7.348453
v -8.165016 85.510849 -7.630270
v -9.154761 88.613754 -6.051431
v 18.167093 82.732040 14.396769
v 32.325794 102.294952 -7.083124
v -47.673122 105.015137 -5.128484
v -20.791981 88.395218 18.740873
v 48.321133 106.120758 -6.548162
v 48.800709 125.684769 -6.512606
v 23.286125 121.400040 23.410946
v 21.635456 126.631691 24.147108
v -41.245705 6.451805 -5.188217
v -22.850235 97.447647 -5.830412
v 3.316713 56.258583 34.406990
v 51.995514 111.059021 -4.003032
v 22.611443 111.856308 -7.462340
v -2.017492 47.561272 52.327187
v 29.446913 113.222580 -5.499770
v 35.889740 7.472763 10.424797
v -6.222269 48.261036 52.917675
v 24.156017 119.632782 -3.907341
v 37.384388 117.496109 -3.261094
v 42.629677 120.329430 -4.279630
v -20.616732 127.493896 -4.792023
v -14.172259 138.372467 -6.508936
v 8.534017 85.331619 -5.515686
v 9.333443 87.631210 -4.566607
v -19.082022 91.796349 -3.320245
v 22.526623 100.852791 -3.022720
v 37.233093 100.912384 -4.177382
v 21.669819 106.193489 -6.701717
v 24.058777 11.387531 9.941432
v -5.434863 90.095024 34.268318
v 21.107004 123.282936 -5.356872
v 52.001400 123.289673 -4.871949
v -16.139219 135.137878 -6.909970
v 11.356121 138.453415 -6.650029
v 9.454671 141.394379 -5.695821
v -8.888160 143.752655 -4.282750
v -2.184339 145.656937 -6.120178
v -52.073177 1.578857 -6.338034
v -51.596832 5.075516 -5.251790
v 28.063238 4.833195 -6.198634
v -3.972580 92.370049 32.929390
v 1.715073 79.501190 -6.714491
v -33.497128 100.921135 -1.882608
v 48.845444 112.166939 -1.896970
v 28.165648 114.210159 -5.852375
v 20.102209 12.765732 14.462169
v -40.190090 12.199081 16.560596
v -48.103249 115.391693 -4.901345
v 47.143520 121.934959 -3.428661
v 24.980991 29.011490 27.628433
v 14.983661 134.459412 -5.820316
v 28.409580 17.014046 14.640666
v 4.746937 144.123077 -4.656156
v 27.979731 2.260071 -6.004441
v -47.848911 3.661144 -4.483484
v 28.808975 3.699196 -2.485308
v -33.889423 29.087427 23.133368
v -0.705189 75.886765 -6.259069
v 3.550796 74.963608 -4.956267
v 0.803167 78.433014 -5.873727
v 4.247868 91.984100 31.823128
v 6.548962 83.054459 -4.762122
v -8.540382 83.838120 -5.004497
v 29.772657 29.978804 25.263742
v 25.831308 109.763580 -6.607943
v 33.341347 118.065674 -3.532946
v -34.396641 121.997116 -1.987374
v 8.970138 96.782516 33.502304
v -26.307936 124.851524 -1.694573
v 33.466370 34.109470 18.027964
v 14.670307 36.208687 16.481956
v -17.449791 134.850449 -3.846400
v 24.351652 3.807621 -1.788082
v -7.166539 77.518616 -4.705902
v 7.475554 82.944756 -2.492297
v 13.596317 103.525467 33.628281
v -37.435158 102.237106 -4.444746
v 42.959332 103.239883 -1.577988
v 26.224400 102.874779 -3.933640
v -18.085152 133.208832 -5.828540
v -10.982627 141.562988 -3.925025
v -0.049628 73.450790 -4.678596
v -12.566600 52.880417 15.584595
v -23.987879 99.475296 -2.800052
v -19.812565 119.427238 32.356178
v -14.368907 137.462341 -3.739963
v -4.239103 144.202148 -3.737766
v -43.432728 2.860050 1.210137
v -49.960869 3.184246 0.596655
v -1.580266 71.608589 -5.036184
v 5.523813 76.763580 -2.300963
v 12.642080 87.320435 -1.267908
v 20.374809 67.829086 22.097256
v 20.151463 95.173691 1.422811
v -30.402472 101.667236 -2.979649
v -49.277180 113.234406 -1.926136
v 8.744546 130.198380 34.288788
v 57.149132 123.821831 -3.890163
v 7.620369 131.091522 32.985840
v -23.426453 126.611893 -2.925932
v 19.075790 125.073494 -1.685605
v -22.785175 129.619431 -3.744226
v 16.745619 132.612808 -4.706971
v 14.421601 136.411591 -3.823453
v -11.780444 115.351959 37.568447
v -2.719897 144.668579 -3.681347
v -38.913494 1.575218 1.459982
v -42.401524 3.517818 -1.632594
v -46.623009 7.449219 -1.961714
v 26.448997 7.316925 0.295788
v 28.842304 111.181221 15.852933
v 4.318559 71.733749 -1.688335
v 32.136585 113.212845 14.456607
v 29.362528 100.483704 -0.907448
v -42.638111 104.486923 -2.974940
v -47.797855 118.071701 -2.546981
v 28.459934 118.768768 -1.990836
v 13.406991 137.668503 -2.427442
v 9.318939 140.899323 -3.124683
v 4.142483 143.520020 -3.062747
v -25.222630 130.077408 15.858408
v -35.489571 5.856777 -1.488193
v -40.897240 6.103951 0.745891
v -0.354359 67.224007 -3.725144
v 1.816164 69.815201 -3.530272
v -6.517787 72.492393 -3.393425
v -15.375944 89.272758 -2.641313
v 32.463646 64.316818 10.859428
v -20.829100 93.331444 -2.024166
v 37.826595 100.806107 0.745273
v -39.659187 102.799728 0.372109
v -48.592987 108.147293 -2.393841
v 41.922695 119.211060 -2.343172
v -40.579678 120.953995 -2.183790
v -28.874027 121.212296 -3.104642
v 1.584443 145.243561 14.366088
v 20.952450 126.827286 -1.404351
v 35.862053 1.400913 -3.180649
v 36.787266 3.974831 -2.195355
v -38.523964 8.635555 -0.387098
v -36.509277 47.402142 -3.387689
v -5.116001 67.049057 -3.220343
v -47.025883 5.863327 14.179565
v -8.009274 78.022049 -2.561586
v -13.649364 84.282059 -0.071049
v -16.064320 85.910049 0.685956
v -22.295069 3.574398 19.286232
v -17.244608 90.449738 -0.424265
v 19.641945 93.375336 2.217193
v -40.464783 5.904667 17.801107
v -44.452221 117.433731 -0.645635
v 22.742905 123.879677 0.893765
v 19.821388 130.452942 -1.661973
v -20.802656 131.192139 -1.855513
v 14.448640 134.810242 -2.040256
v 33.996033 4.226727 -2.292248
v -39.364754 49.890392 -1.906215
v 17.636322 14.247780 15.756217
v 27.766293 49.961941 -2.667782
v -27.910254 10.167080 24.432844
v 25.717960 55.526520 -2.583680
v -31.277964 53.534069 -2.570678
v -22.606974 21.478458 17.139238
v -29.859388 16.401154 23.161020
v 15.658523 89.330193 0.887141
v 34.136230 100.182632 -2.082429
v 41.680145 101.090607 -0.910866
v 51.255089 119.582176 -1.328388
v 33.267078 29.458225 16.299622
v -2.171323 96.773514 34.543320
v -16.615093 135.876770 0.257598
v -14.934249 138.221222 -0.245735
v -28.741928 21.126392 22.998377
v -33.259430 23.344078 23.046175
v -35.620903 50.235683 -1.919883
v -35.612434 54.272633 -2.207256
v 20.404184 55.191566 -2.267199
v -31.175480 57.328083 -2.471603
v -23.282705 55.831814 -1.960491
v 25.759895 59.541813 -1.384303
v -7.095152 68.826363 -1.346314
v -10.710416 81.044968 -2.023726
v 13.307385 83.461746 2.139544
v 17.889732 91.506195 0.387829
v 11.176551 98.378281 33.521027
v -30.611145 29.545616 23.031088
v -45.436817 107.609650 -1.355921
v -26.602346 127.484802 -0.811860
v -17.269667 48.805470 15.695012
v -14.358006 137.583374 2.922330
v 1.956348 144.954544 -2.300924
v 22.621422 7.637756 2.792492
v 30.140440 40.801918 -2.120139
v -39.067657 43.105160 -2.799160
v 32.491528 58.346920 16.436102
v -41.859085 49.002243 -0.369346
v -30.067200 48.172760 -1.980221
v -24.537813 60.589535 -1.917796
v 21.037117 59.466614 -2.060642
v -21.378239 61.027412 -1.095469
v -28.798540 62.938148 -1.098552
v -23.612080 55.228600 24.157209
v -3.603685 65.480186 -2.031270
v 3.171982 68.620506 -1.205415
v -24.229286 96.705139 -0.275952
v -43.157055 106.616394 1.309560
v 44.831215 107.050644 1.553746
v -31.708704 69.029938 19.958124
v 53.738388 114.203857 -2.001537
v 48.220379 116.362625 -1.398093
v 22.179466 129.706573 9.536733
v 56.699547 121.356239 -2.655814
v -27.848930 72.361549 18.469032
v 18.425625 130.871979 0.340020
v 26.009819 2.829659 0.334062
v -42.882942 4.607300 0.002944
v -47.656403 5.866497 3.926014
v 30.616814 46.074043 -0.248687
v 24.094372 46.325169 -1.882982
v -26.475655 52.252106 -1.981852
v 29.821981 55.015884 -0.817633
v 18.072819 52.284004 -1.395243
v 24.443521 105.006386 17.698870
v -35.303665 60.008118 0.192513
v 23.572111 65.409332 23.625557
v -26.625000 65.382286 -0.776629
v 1.329723 65.166924 -0.451332
v -7.607428 72.711823 -1.768390
v -7.215539 131.340759 34.227493
v 8.848110 77.883919 -1.121687
v -20.277752 90.623718 -0.804163
v -27.543949 126.917068 15.401668
v 34.916500 119.198105 0.996411
v 29.363054 120.558884 2.895770
v 12.054259 114.909637 37.164570
v -20.139713 132.661407 0.393399
v -18.505602 79.170547 23.297318
v -47.098217 8.813107 0.965508
v -19.618410 136.196899 15.380882
v -42.560936 43.487362 0.037998
v -34.434078 43.964863 -1.547306
v 14.492379 88.254272 27.273134
v -24.548157 48.518730 -0.318918
v -39.607361 51.803024 1.434201
v -4.280876 63.048706 -0.920889
v -24.288261 65.957047 -0.056402
v -12.930270 77.643639 -1.254588
v 30.693037 99.877853 3.149966
v 13.327304 5.637897 20.744459
v 44.743599 117.682785 -0.771012
v -23.890779 124.956291 24.470930
v -41.076134 118.948914 1.789240
v 26.016251 122.961655 2.767507
v -27.892349 121.879753 3.155763
v 19.844667 35.457813 24.354160
v 16.125082 134.253860 0.070334
v 36.941669 1.476303 -1.481053
v 30.134859 1.863941 3.542966
v -34.867085 9.245296 0.973346
v -32.432739 37.693367 -0.812489
v -38.069305 39.381523 0.033443
v 28.163645 44.232742 -0.805612
v -27.103657 43.084576 1.985919
v 31.352608 49.344059 -0.602711
v -1.103770 60.863167 1.421797
v 22.842642 63.987568 -0.304031
v 11.342794 72.730774 -0.703913
v 5.142288 67.511398 -0.015015
v 43.407249 102.310753 1.993051
v -6.115755 98.291374 34.458370
v -32.052197 121.054031 3.487836
v 23.305321 127.090736 0.022696
v -24.900730 128.364532 1.525508
v 19.594261 128.727676 0.371090
v 11.163105 139.533447 3.944152
v 10.335863 141.494629 4.000176
v -4.666941 145.154907 3.961004
v -33.044861 2.303856 2.049366
v -33.323021 5.675175 1.248003
v 28.025984 4.671299 3.133583
v 30.329258 7.396854 2.465128
v 32.589108 8.771626 3.920324
v -36.282135 37.226860 -0.700291
v 30.308233 36.717209 -0.310624
v -30.477646 39.774826 0.476718
v 34.546326 42.292980 2.191198
v 13.882457 20.501205 24.141447
v 22.256405 42.240257 0.007760
v -26.366892 46.246105 0.999948
v -19.192411 52.975975 0.825876
v 16.966795 62.977829 -0.640112
v -13.783422 67.892914 26.763536
v -31.899940 64.697601 1.620918
v -18.813726 48.761566 9.378066
v -34.406921 51.002369 18.338402
v 15.210026 71.524651 0.404129
v -27.965015 101.627808 0.612257
v 45.827755 111.870796 2.292237
v -45.709000 112.996506 0.183784
v 41.439255 117.571671 2.710134
v -36.144489 120.308357 4.922226
v 14.500639 134.636627 2.605638
v 34.385517 4.568058 4.845329
v -32.081169 33.163979 1.337133
v -31.133995 36.974525 0.508549
v 17.906496 58.684631 25.085648
v -15.471868 59.501740 24.575403
v 14.814943 57.874943 -0.632496
v -16.516884 56.034626 1.382599
v -37.847488 58.493332 0.989294
v 11.573819 62.600906 1.123176
v -19.685152 67.382919 0.684291
v 24.683239 65.536934 1.490597
v 9.448615 65.460640 -0.239362
v -20.454878 84.195526 20.012897
v -10.645397 125.082481 35.110920
v 9.526864 114.865128 37.124355
v -22.488226 92.839531 5.360623
v 25.176182 100.342850 0.948088
v -29.033234 125.403465 3.666409
v -19.187813 132.834442 3.183134
v -46.333778 2.136093 5.935372
v -43.659210 9.761528 2.715735
v 33.391186 36.677505 2.142142
v 19.120592 42.238350 2.779031
v 33.070225 45.293861 3.644331
v 17.729492 47.748150 0.289363
v -20.331995 51.655910 2.754775
v 32.783398 54.570774 2.021068
v 11.526796 57.609371 1.214999
v -18.094135 120.095070 34.122898
v 29.999994 61.131569 2.177223
v -17.147198 61.672009 0.537605
v 17.192005 66.753372 0.744775
v -24.578157 45.759247 17.638618
v -15.289518 72.988960 0.368882
v 7.408486 142.905975 16.029423
v 34.375141 100.043579 1.015731
v -43.582527 110.469757 2.827460
v 24.797289 110.842270 23.908396
v -39.230194 10.026237 3.325700
v -28.933392 31.055643 1.289989
v -37.010399 31.868273 1.328586
v -26.258139 35.159180 0.943331
v -28.726137 34.529030 0.970261
v -41.275360 41.109756 3.259577
v 34.591553 48.851643 3.795707
v -6.387342 62.293930 5.224768
v 1.407145 62.754517 3.558685
v 16.193605 18.832989 27.825897
v -11.668288 69.590729 -0.024917
v 16.657398 77.048599 3.607806
v -17.136353 77.172104 3.182703
v 10.520497 78.645775 0.842518
v -38.725899 103.695412 4.538640
v 24.887922 125.417961 2.121684
v 22.369658 127.588631 2.089976
v -41.916725 30.670034 15.421964
v 25.294037 2.147724 5.019433
v 24.031183 8.222836 3.568969
v -32.777634 8.676098 4.811848
v -32.434563 29.508335 2.286644
v -25.071856 30.597197 2.347915
v -38.959995 33.154896 1.705512
v 27.961233 34.504219 2.525556
v -25.326283 37.617252 3.343583
v -42.339230 38.699242 3.866930
v 15.693100 47.009296 3.497582
v -13.489849 60.833794 2.881602
v -34.656429 64.798622 3.762628
v 7.855252 60.401749 3.043543
v -11.412923 63.950390 1.829666
v -6.473249 64.287659 1.591786
v -32.214050 67.408646 3.971641
v 19.632282 70.833275 3.377973
v -22.402969 70.034302 2.473061
v -19.793459 89.850525 4.985141
v -25.429407 98.004669 5.232678
v 21.807291 96.107094 6.226766
v 14.936167 27.178368 24.626041
v 36.493412 118.854538 4.919404
v -18.623310 111.448532 35.010628
v 3.555775 144.725555 4.975428
v -32.125755 1.690826 7.605080
v -56.031322 2.601654 2.439481
v -25.987806 39.546776 4.658315
v 20.583948 56.461819 24.517620
v 11.118748 53.852760 3.842009
v -38.535343 60.528023 4.189373
v 24.750998 56.938011 23.950895
v 21.209953 68.887733 2.184327
v -26.784452 68.782547 2.944524
v 0.304678 62.267124 15.370644
v -21.314148 75.359276 3.566723
v 15.686352 80.085526 5.881589
v 44.741314 104.815941 4.369453
v 16.735466 132.141785 2.662457
v -11.871437 141.262848 2.821775
v 6.392250 144.192383 3.667901
v 35.125610 2.208668 3.040919
v -54.428242 6.337914 3.144678
v 24.275728 34.748013 2.320096
v -40.754715 49.007118 4.715656
v -26.650076 101.234497 16.179296
v 29.035013 65.209251 4.180889
v -0.268018 133.915924 34.271667
v 21.043455 94.432510 3.611906
v -41.938465 116.071274 3.474745
v -16.395222 137.115936 4.421648
v -15.436425 140.421478 16.812502
v -34.949070 11.109558 5.722012
v -29.983416 26.578276 2.484657
v -35.904190 27.927536 2.804842
v -23.637823 35.400070 3.805007
v -42.001366 35.419933 3.070889
v 31.826389 34.781273 5.370888
v 17.434626 40.011719 6.627264
v 33.332939 38.482723 5.704764
v -41.005768 52.964066 5.163790
v 18.942291 89.827545 4.891547
v 37.407806 101.717476 4.697411
v -35.004059 101.695770 3.918284
v -39.941353 109.343826 7.659368
v 45.500675 109.771523 5.207040
v 45.114143 113.641212 4.793471
v -23.336092 7.873856 18.629023
v -21.223303 130.466599 5.616130
v 12.862908 137.214005 4.063723
v -9.371156 143.252106 4.185813
v -31.843721 23.778616 3.700785
v 27.947374 31.357054 2.957667
v 21.752329 31.084038 4.076344
v 25.080593 30.400345 3.315140
v 20.714348 33.669350 4.000973
v -15.818260 53.529408 5.972214
v -29.589890 69.908791 6.098039
v -18.874496 81.009094 7.236075
v 40.691170 105.163696 6.211708
v 20.930752 1.836979 5.022313
v 21.434111 3.747833 3.043269
v -51.229649 3.030151 5.589405
v -31.477617 3.811874 5.298856
v -48.802288 5.274399 4.347958
v -38.856995 11.444061 5.864282
v -24.869776 26.741714 3.998595
v -33.706688 25.750351 4.283019
v -38.637455 27.271761 4.301726
v -22.319242 30.402212 4.691288
v -28.302773 45.346611 17.301878
v 18.614912 35.890553 6.165032
v -31.851704 45.256096 16.454754
v 34.903534 52.401711 4.647443
v 34.197227 56.981171 5.424572
v -39.864933 58.607456 6.174484
v 16.653030 90.288475 3.475260
v 26.405006 100.393845 7.568506
v 42.878227 105.301086 5.055151
v 14.433059 137.250748 5.969962
v 19.426140 6.445221 5.257334
v -42.289520 11.238728 5.047538
v -36.557243 24.541233 4.686388
v 26.301304 26.704884 5.163470
v -21.895113 26.939005 7.129459
v -42.751690 35.006748 6.325544
v 14.566406 62.096863 24.750839
v -22.472889 46.697598 5.103893
v -3.126521 60.410221 3.414251
v 24.772608 70.174843 4.998106
v 20.525871 74.589050 5.887973
v 41.792126 113.719711 6.094543
v -20.909361 132.702286 6.317582
v 8.043525 142.869446 5.173073
v -25.765823 65.439095 25.793642
v 28.503855 28.156599 5.586669
v -40.414478 32.743443 3.815764
v -20.459274 32.310829 8.000947
v 27.804615 69.454262 7.940225
v 23.495762 72.261368 6.787039
v -0.751071 117.460129 39.414005
v -30.548683 102.434219 5.781609
v 25.551487 125.610031 7.706225
v -15.778708 139.426468 7.116143
v 18.734798 3.228130 7.900204
v -2.456117 102.717285 35.258202
v -29.059582 21.269672 4.742761
v -32.738613 20.687550 5.376931
v -40.925476 26.179382 6.840201
v 12.854230 50.839806 6.098780
v -26.336086 73.059021 9.366323
v 35.423901 100.907242 5.781665
v -39.851013 115.468796 6.219348
v -24.729927 128.676529 6.266223
v 40.140259 2.483589 4.951555
v 39.466526 6.117893 7.369892
v 26.022047 9.453327 6.496232
v 30.862577 9.406174 7.404913
v 21.394499 10.173687 5.672000
v -41.828091 30.407621 8.281877
v 17.261404 30.407312 6.292305
v -41.916092 41.988651 6.328854
v -40.714592 48.566509 7.910011
v -10.819958 59.013458 7.886010
v -47.753395 8.072990 7.084502
v 27.536043 11.360744 9.180833
v -25.141771 21.505093 6.778102
v -29.759632 125.546745 6.859096
v 33.666351 33.833893 8.480158
vn -0.1523 -0.3326 -0.9307
vn -0.4735 0.2968 -0.8293
vn 0.0443 0.2490 0.9675
vn -0.9478 -0.3149 -0.0510
vn 0.8773 -0.4760 0.0614
vn 0.2354 -0.9557 0.1767
vn 0.8579 -0.1433 0.4934
vn -0.4119 0.8467 0.3369
vn -0.0469 -0.9714 -0.2328
vn -0.8290 -0.0757 -0.5541
vn -0.7120 0.6888 -0.1367
vn 0.2737 -0.1592 0.9485
vn 0.9033 0.0135 0.4289
vn 0.4248 0.8927 0.1502
vn 0.3084 0.8911 -0.3330
vn -0.6045 0.0940 0.7910
vn 0.4220 -0.5065 0.7519
vn -0.9636 0.2135 0.1612
vn 0.7531 -0.2496 0.6088
vn 0.7260 0.4749 0.4974
vn -0.2075 0.7907 0.5760
vn 0.5544 0.7075 -0.4383
vn 0.2542 0.9654 -0.0585
vn -0.2589 -0.7487 -0.6103
vn -0.8833 -0.0011 -0.4689
vn 0.9703 -0.0895 -0.2246
vn -0.0558 0.9984 -0.0038
vn -0.8083 -0.4763 0.3461
vn -0.3052 0.8976 -0.3181
vn 0.8860 -0.2198 0.4083
vn -0.5593 0.6512 -0.5130
vn 0.6834 -0.7228 0.1025
vn 0.6247 0.6309 -0.4600
vn -0.4272 -0.3120 -0.8486
vn -0.7339 0.5534 -0.3940
vn -0.9232 -0.3526 -0.1528
vn -0.8486 0.0947 0.5205
vn 0.7888 0.1564 0.5945
vn -0.5440 -0.3607 -0.7576
vn -0.2535 -0.8033 -0.5389
vn -0.9832 -0.0781 -0.1651
vn 0.9368 0.2855 -0.2022
vn -0.6470 -0.7488 -0.1442
vn -0.8513 0.3747 -0.3673
vn -0.0650 0.9604 -0.2711
vn 0.9260 -0.2955 0.2351
vn -0.7217 0.5669 -0.3972
vn 0.2319 0.9254 0.2996
vn 0.9139 -0.2533 0.3171
vn 0.1395 -0.3704 -0.9183
vn 0.2525 0.6073 0.7533
vn -0.0925 0.9340 -0.3452
vn -0.6498 0.7600 -0.0086
vn -0.1717 0.8811 -0.4406
vn 0.8098 -0.5443 -0.2192
vn -0.5952 0.3615 0.7177
vn -0.5242 -0.5461 -0.6534
vn 0.9334 0.2108 -0.2905
vn -0.6807 -0.3687 -0.6330
vn 0.6549 -0.7521 0.0742
vn -0.4001 -0.2320 -0.8866
vn -0.2580 -0.7409 -0.6201
vn 0.4288 -0.5924 -0.6821
vn 0.6378 0.6138 0.4653
vn 0.1230 -0.3640 -0.9232
vn 0.7683 0.6286 -0.1211
vn -0.3013 -0.9535 0.0115
vn -0.9600 0.2765 -0.0446
vn 0.7171 0.2154 0.6628
vn -0.4268 -0.7571 -0.4947
vn 0.9402 0.2632 -0.2161
vn 0.8877 -0.2163 0.4065
vn -0.1588 0.7802 -0.6051
vn 0.7846 0.3372 0.5203
vn 0.5715 -0.4142 -0.7084
vn 0.8892 0.0994 -0.4466
vn 0.0523 0.9643 0.2598
vn 0.2514 -0.9601 -0.1228
vn 0.9145 0.0584 -0.4003
vn -0.6124 0.7082 0.3514
vn -0.6874 0.5118 0.5153
vn -0.7497 -0.3841 -0.5389
vn -0.0626 0.8172 0.5729
vn 0.6352 0.5254 0.5662
vn -0.1151 -0.8285 -0.5480
vn -0.2322 0.7526 -0.6162
vn 0.8386 0.0752 -0.5395
vn 0.6067 0.4864 -0.6288
vn 0.9255 -0.2550 0.2801
vn 0.4870 -0.7201 -0.4943
vn 0.0888 0.8266 -0.5558
vn 0.6467 0.6740 0.3570
vn -0.6510 -0.0570 -0.7569
vn -0.6457 0.1515 0.7484
vn 0.4420 0.3781 -0.8135
vn -0.1478 0.9409 -0.3048
vn -0.5369 -0.6477 -0.5406
vn -0.4870 0.8128 -0.3198
vn 0.1358 0.7591 -0.6367
vn 0.9621 -0.1853 -0.2002
vn 0.9502 -0.0522 -0.3072
vn 0.7784 -0.5632 -0.2771
vn -0.8907 0.2011 -0.4078
vn 0.5990 -0.6798 0.4231
vn -0.5994 0.0049 0.8004
vn 0.2502 -0.9614 -0.1144
vn -0.7683 0.0763 -0.6356
vn -0.9218 -0.3467 -0.1737
vn -0.1503 0.9448 -0.2911
vn 0.6889 -0.3212 -0.6498
vn -0.8428 0.4741 -0.2549
vn 0.8850 0.0763 0.4594
vn 0.8516 -0.4559 -0.2587
vn 0.8350 -0.5073 -0.2129
vn -0.7144 -0.5606 0.4188
vn -0.2873 -0.9539 -0.0867
vn 0.7749 -0.3703 -0.5122
vn 0.2832 -0.7866 0.5486
vn 0.4325 -0.8402 0.3271
vn -0.8401 0.4810 -0.2506
vn 0.9848 0.1135 -0.1315
vn -0.7349 0.6060 -0.3043
vn -0.2902 0.9157 -0.2780
vn 0.7876 0.6129 0.0634
vn -0.1161 -0.7869 -0.6060
vn 0.5652 -0.8242 0.0347
vn 0.7097 0.3597 0.6057
vn -0.9368 -0.0677 -0.3434
vn 0.1156 -0.5299 0.8401
vn -0.3483 0.9365 0.0417
vn 0.5715 0.4146 -0.7081
vn 0.4640 -0.6627 -0.5878
vn 0.8373 0.0459 0.5448
vn 0.6713 -0.6058 -0.4271
vn 0.4677 -0.7397 -0.4839
vn 0.9935 -0.0746 0.0861
vn -0.8546 0.5085 -0.1047
vn -0.9206 -0.0013 0.3906
vn -0.5026 -0.7791 -0.3747
vn -0.5617 -0.7382 -0.3736
vn 0.5109 -0.8100 0.2879
vn -0.7780 0.6044 0.1715
vn 0.9494 0.2416 -0.2008
vn -0.3787 0.9210 -0.0915
vn 0.4021 0.3565 0.8434
vn -0.8208 -0.2412 -0.5178
vn -0.9824 -0.0591 -0.1775
vn -0.6688 0.0196 -0.7431
vn 0.7456 0.6602 -0.0904
vn 0.0256 -0.8887 -0.4578
vn 0.2171 -0.7713 -0.5983
vn -0.8723 0.0549 -0.4859
vn 0.4390 0.8855 -0.1524
vn -0.9639 -0.2505 -0.0899
vn 0.5056 0.8056 -0.3089
vn -0.3828 -0.1040 -0.9180
vn 0.8252 0.0842 0.5586
vn -0.7105 -0.1429 -0.6891
vn -0.4543 -0.7997 -0.3926
vn 0.2821 -0.9580 -0.0519
vn 0.6919 0.7058 -0.1520
vn -0.3308 0.5171 -0.7894
vn 0.8251 -0.0061 0.5650
vn 0.9682 0.1469 -0.2024
vn -0.9506 -0.1463 -0.2737
vn -0.5555 0.8161 0.1597
vn 0.8165 -0.4883 -0.3079
vn -0.9636 0.2312 0.1341
vn -0.1910 -0.3862 -0.9024
vn -0.7249 -0.0162 0.6887
vn 0.4357 0.5584 0.7059
vn -0.9597 0.2388 -0.1485
vn -0.7343 0.6756 -0.0652
vn -0.3532 -0.8334 -0.4251
vn 0.5683 -0.7872 -0.2396
vn 0.4223 0.8532 -0.3062
vn 0.8802 -0.2492 -0.4040
vn 0.9871 0.1115 -0.1147
vn 0.5205 0.1544 -0.8398
vn -0.8834 -0.3839 0.2689
vn -0.1179 -0.0671 0.9908
vn -0.4048 -0.7732 0.4882
vn 0.4027 -0.1307 0.9059
vn -0.2646 0.9605 -0.0864
vn -0.6888 -0.4709 -0.5511
vn 0.4662 0.6851 -0.5598
vn 0.6205 -0.7507 -0.2270
vn -0.9649 0.0028 0.2627
vn -0.2243 0.0554 0.9729
vn -0.5580 0.6900 0.4611
vn 0.7648 -0.4126 -0.4947
vn -0.9557 0.2072 -0.2089
vn 0.3777 0.9258 0.0152
vn 0.9062 -0.1463 -0.3967
vn 0.1753 -0.9132 0.3680
vn -0.2331 0.5337 -0.8129
vn -0.3292 0.9264 0.1831
vn -0.2091 0.2763 0.9380
vn 0.5590 -0.8198 -0.1238
vn 0.6194 0.6095 -0.4948
vn -0.9923 0.1197 -0.0319
vn -0.9684 -0.1923 0.1590
vn 0.6756 -0.3199 0.6643
vn -0.9694 0.0139 -0.2450
vn 0.8944 -0.2575 -0.3658
vn -0.6297 0.7754 -0.0473
vn -0.9128 -0.3131 -0.2622
vn 0.1550 0.7397 0.6549
vn -0.3617 -0.9320 -0.0241
vn -0.5991 0.0530 0.7989
vn -0.9258 -0.3732 0.0604
vn 0.5953 -0.0772 0.7998
vn 0.4537 0.5433 -0.7064
vn -0.3181 -0.9466 -0.0531
vn -0.8539 -0.0124 0.5203
vn 0.7478 -0.1550 0.6455
vn -0.3194 -0.9120 0.2574
vn 0.9935 -0.0112 -0.1136
vn -0.7425 -0.5558 -0.3739
vn -0.0137 -0.9915 0.1297
vn 0.7154 -0.3486 -0.6056
vn -0.6571 -0.6893 0.3051
vn 0.2909 -0.4554 -0.8414
vn 0.7703 0.3641 0.5235
vn -0.9831 0.1420 0.1154
vn 0.9886 -0.0924 -0.1190
vn -0.9666 -0.2205 -0.1305
vn 0.9551 -0.2220 -0.1962
vn -0.7953 0.6059 0.0177
vn 0.4190 0.0761 0.9048
vn 0.9919 0.1149 -0.0545
vn 0.0181 -0.6161 0.7875
vn -0.9454 -0.2127 -0.2470
vn -0.4870 0.4360 -0.7568
vn -0.1984 -0.9295 -0.3110
vn 0.8356 0.0035 0.5494
vn 0.4708 -0.8373 -0.2781
vn -0.0489 0.9101 0.4115
vn -0.8898 0.4559 0.0201
vn 0.7685 -0.3924 -0.5054
vn 0.2990 -0.9539 -0.0276
vn -0.4014 -0.8716 -0.2814
vn 0.5546 -0.6952 0.4572
vn -0.8977 -0.3176 0.3053
vn 0.2781 -0.5254 -0.8041
vn 0.8589 -0.4738 -0.1944
vn -0.7200 -0.6915 -0.0578
vn 0.9200 -0.3168 -0.2306
vn -0.9568 0.2667 0.1157
vn 0.7126 0.6785 -0.1786
vn -0.4508 0.8922 0.0260
vn 0.1754 0.9012 0.3964
vn -0.7597 0.5833 0.2876
vn 0.8395 -0.2384 -0.4883
vn -0.3499 -0.8914 -0.2881
vn 0.6797 -0.4139 -0.6055
vn 0.5535 -0.3806 0.7408
vn -0.9100 0.3621 0.2019
vn -0.7608 -0.5541 -0.3379
vn 0.6185 0.7664 -0.1735
vn 0.9709 0.2385 0.0224
vn 0.8932 -0.2683 -0.3609
vn -0.4608 -0.7424 -0.4864
vn 0.1515 0.8607 -0.4860
vn -0.4961 0.2256 -0.8384
vn -0.0064 -0.4647 -0.8854
vn 0.6449 -0.2054 0.7362
vn 0.4223 0.1467 -0.8945
vn -0.2032 0.6976 0.6871
vn 0.0341 -0.9819 -0.1864
vn -0.0350 -0.9809 -0.1915
vn -0.5549 -0.7907 0.2585
vn -0.4356 -0.8990 0.0461
vn -0.9301 -0.1829 0.3185
vn -0.6828 0.6668 0.2986
vn 0.2010 0.2852 -0.9371
vn 0.8745 0.4849 -0.0124
vn 0.5392 0.6843 0.4910
vn 0.6677 -0.6316 -0.3940
vn 0.4100 -0.4396 -0.7992
vn -0.6802 -0.2590 0.6858
vn 0.9754 0.0392 0.2168
vn 0.3636 -0.5801 0.7289
vn -0.1401 0.9402 -0.3103
vn -0.4010 0.0174 0.9159
vn -0.8282 0.4931 -0.2663
vn 0.7680 0.1418 0.6245
vn -0.9907 0.1319 0.0330
vn -0.9314 0.2734 0.2403
vn -0.6395 0.7409 0.2054
vn 0.7346 -0.3929 0.5532
vn 0.1353 -0.4181 0.8983
vn 0.3863 0.8532 0.3504
vn 0.2429 -0.9148 -0.3227
vn -0.8575 0.2602 -0.4439
vn -0.7394 -0.6689 -0.0764
vn 0.8897 -0.3740 -0.2618
vn 0.3566 0.8815 -0.3094
vn -0.0633 0.6948 0.7164
vn -0.9557 -0.0296 0.2928
vn 0.4390 0.0295 0.8980
vn 0.4260 0.5682 -0.7040
vn -0.7770 0.5683 0.2708
vn 0.5198 -0.4456 0.7288
vn -0.9781 -0.1406 0.1537
vn 0.8799 -0.4061 -0.2467
vn -0.9322 -0.1942 0.3055
vn -0.5216 -0.5447 0.6567
vn 0.9215 -0.1236 -0.3681
vn -0.0965 0.1073 0.9895
vn 0.3855 -0.2372 0.8917
vn -0.7204 0.5343 -0.4422
vn 0.2242 0.1173 0.9675
vn -0.6905 0.6973 0.1923
vn -0.7583 -0.3296 -0.5624
vn 0.7523 0.5970 -0.2785
vn 0.0096 0.8351 0.5501
vn 0.7610 0.6482 -0.0251
vn 0.6233 0.7808 -0.0428
vn -0.3252 0.9454 -0.0189
vn 0.6004 -0.1093 0.7922
vn 0.9206 -0.1454 0.3624
vn -0.8108 -0.5851 0.0151
vn -0.3268 0.9106 -0.2529
vn -0.4767 0.2336 -0.8475
vn -0.8485 -0.5034 -0.1635
vn -0.6805 0.6417 0.3538
vn -0.1886 -0.0328 0.9815
vn 0.4760 0.2809 -0.8334
vn -0.2567 0.7312 0.6320
vn 0.9164 -0.1560 -0.3687
vn 0.7075 0.6911 0.1474
vn -0.4831 0.1590 0.8610
vn -0.3593 -0.8099 -0.4637
vn -0.9110 -0.0446 -0.4100
vn 0.5025 -0.5416 0.6739
vn 0.9702 0.1497 0.1904
vn -0.2595 -0.3127 -0.9137
vn 0.2876 0.9351 -0.2071
vn 0.5923 -0.4865 -0.6422
vn 0.6840 -0.3897 -0.6167
vn 0.6287 0.5796 0.5185
vn 0.6905 0.6149 -0.3810
vn 0.5238 0.7527 0.3988
vn -0.6552 -0.2681 0.7063
vn -0.7490 -0.4834 -0.4531
vn 0.7433 0.0955 -0.6621
vn -0.9392 0.0771 -0.3346
vn 0.9475 0.2215 -0.2307
vn -0.8745 -0.4193 -0.2439
vn 0.9447 0.1455 0.2939
vn 0.7860 0.2052 -0.5831
vn -0.7290 0.4226 0.5384
vn -0.0819 -0.9455 0.3153
vn -0.7314 -0.6038 0.3170
vn 0.7359 -0.3766 -0.5627
vn -0.0908 0.1919 -0.9772
vn 0.7720 0.1923 -0.6058
vn -0.0624 -0.3535 -0.9333
vn -0.8094 -0.3379 0.4803
vn -0.7553 0.5283 0.3877
vn 0.7190 0.6912 -0.0727
vn -0.2749 0.9133 0.3005
vn -0.6454 -0.7618 0.0562
vn 0.7461 -0.3472 -0.5681
vn 0.5889 0.8070 0.0439
vn -0.1735 -0.9830 0.0606
vn 0.2327 -0.7420 -0.6287
vn 0.9403 0.0495 -0.3368
vn 0.2572 -0.6261 -0.7361
vn 0.0120 -0.9349 0.3547
vn 0.6546 0.0071 -0.7560
vn -0.9986 0.0479 -0.0204
vn -0.9971 -0.0562 0.0511
vn 0.8750 0.4743 -0.0972
vn -0.9139 0.1875 0.3601
vn 0.2189 0.2189 -0.9509
vn -0.3486 -0.8236 -0.4474
vn 0.3784 -0.7611 -0.5269
vn 0.8104 -0.5416 -0.2235
vn 0.4703 -0.7238 -0.5049
vn 0.1450 -0.5813 -0.8007
vn 0.7957 -0.6033 -0.0538
vn -0.9721 0.2128 -0.0982
vn -0.7988 -0.4690 -0.3768
vn 0.3928 -0.2349 -0.8891
vn -0.5831 -0.1988 -0.7877
vn -0.0977 -0.8731 -0.4776
vn -0.8718 0.2834 0.3995
vn -0.9170 -0.1179 -0.3811
vn 0.8190 0.5704 -0.0622
vn -0.5441 0.8040 0.2398
vn -0.8515 0.4823 -0.2058
vn 0.6158 0.6158 -0.4915
vn 0.0920 -0.9936 0.0659
vn -0.9179 -0.3830 0.1038
vn -0.4825 -0.3290 -0.8117
vn 0.9439 -0.0411 0.3278
vn 0.8871 0.3018 -0.3492
vn 0.8022 -0.0888 -0.5904
vn -0.7057 0.2723 0.6541
vn 0.9408 0.2149 0.2622
vn 0.9474 0.1982 0.2513
vn 0.3682 -0.8688 -0.3312
vn -0.8105 0.3365 0.4794
vn 0.8259 0.0864 0.5572
vn -0.7117 -0.2233 0.6660
vn 0.6054 -0.4531 -0.6544
vn -0.0133 0.8662 0.4996
vn 0.5192 0.6873 -0.5080
vn 0.9032 -0.3640 -0.2275
vn 0.9627 -0.1933 0.1894
vn 0.6945 0.4280 0.5784
vn -0.7539 0.6569 0.0119
vn 0.8741 0.3768 -0.3065
vn 0.6558 0.1334 0.7431
vn -0.5612 -0.4764 -0.6768
vn 0.4817 -0.7750 -0.4091
vn -0.8155 -0.4547 -0.3581
vn 0.5741 0.5804 0.5775
vn 0.8405 0.2198 -0.4953
vn -0.9093 -0.0471 0.4134
vn 0.6929 0.4828 -0.5356
vn -0.6581 0.6732 0.3373
vn 0.1893 0.1401 -0.9719
vn -0.8787 0.3006 0.3707
vn 0.7151 0.3645 0.5965
vn 0.4170 0.1581 0.8951
vn 0.9843 0.1672 0.0571
vn -0.2199 0.9717 0.0857
vn 0.9587 -0.0105 0.2842
vn 0.1206 0.7728 -0.6231
vn 0.7384 -0.3306 -0.5878
vn -0.8512 -0.2863 0.4399
vn 0.1873 0.6399 0.7453
vn -0.7788 -0.5763 0.2479
vn 0.6558 0.3576 0.6649
vn -0.6102 0.4028 -0.6822
vn -0.8693 0.0521 0.4916
vn 0.5281 -0.7575 -0.3837
vn -0.7121 0.6905 -0.1268
vn 0.8512 0.4973 0.1679
vn 0.6108 -0.2218 -0.7601
vn -0.8802 -0.2187 -0.4211
vn -0.9307 0.3657 -0.0054
vn 0.7859 0.6052 -0.1267
vn 0.9010 -0.0161 -0.4335
vn -0.9593 0.0803 -0.2709
vn -0.5787 0.6496 0.4931
vn -0.9678 0.1683 -0.1870
vn 0.5436 0.6174 0.5687
vn -0.0314 -0.7661 -0.6420
vn 0.7776 -0.1983 0.5966
vn 0.8609 0.3752 -0.3436
vn -0.1404 0.7450 0.6521
vn -0.5302 0.7555 0.3850
vn 0.9901 0.1404 -0.0018
vn 0.5567 0.8275 -0.0739
vn -0.1302 -0.4119 -0.9019
vn -0.8200 0.2105 -0.5323
vn -0.4856 0.1522 0.8608
vn 0.9305 0.3650 -0.0300
vn 0.8493 0.4393 0.2927
vn -0.8304 -0.4573 -0.3183
vn -0.1842 0.5294 0.8282
vn 0.8954 -0.3159 -0.3137
vn 0.7210 0.2921 0.6284
vn 0.6673 0.4588 -0.5867
vn 0.3607 -0.7867 -0.5010
vn 0.2851 -0.6954 -0.6596
vn 0.0797 -0.8972 -0.4344
vn -0.3350 -0.8996 0.2802
vn -0.6477 0.6860 0.3316
vn 0.7987 -0.1325 -0.5870
vn -0.6489 -0.7418 -0.1693
vn 0.1012 -0.1697 0.9803
vn -0.6441 0.3371 0.6867
vn -0.7699 -0.5063 0.3885
vn -0.6439 0.3129 0.6982
vn 0.2319 0.7340 -0.6383
vn 0.7808 0.5385 -0.3167
vn -0.2387 -0.5730 -0.7840
vn -0.7731 0.1021 -0.6261
vn 0.2271 0.9734 -0.0311
vn -0.2729 0.9135 0.3016
vn 0.6519 0.7414 0.1593
vn 0.6025 0.6939 0.3943
vn -0.0522 -0.9772 -0.2059
vn 0.7246 -0.6825 -0.0953
vn 0.0531 -0.6178 -0.7845
vn -0.1508 -0.5913 -0.7922
vn 0.0895 -0.5491 0.8309
vn 0.2920 -0.8429 0.4520
vn -0.2844 -0.8597 -0.4242
vn -0.8457 0.0532 -0.5311
vn 0.2919 -0.8780 -0.3793
vn -0.5000 0.1417 -0.8544
vn -0.0190 -0.3577 -0.9336
vn 0.1405 0.8008 0.5822
vn 0.4524 0.3817 0.8060
vn -0.3836 0.9203 -0.0764
vn 0.4937 -0.0473 0.8684
vn -0.7756 0.1362 0.6164
vn 0.0413 0.9759 -0.2145
vn 0.0799 0.7627 0.6419
vn 0.9794 0.1405 -0.1448
vn -0.5586 -0.4824 -0.6747
vn -0.5273 0.7393 0.4188
vn 0.0351 0.7332 -0.6791
vn 0.1091 0.8605 -0.4977
vn 0.2096 0.8523 0.4792
vn -0.9079 -0.1152 -0.4030
vn -0.8219 0.2803 0.4958
vn 0.4999 0.7190 0.4828
vn -0.4629 0.8037 0.3739
vn 0.0813 0.6984 -0.7111
vn -0.5607 0.6671 -0.4906
vn -0.7435 0.6603 -0.1058
vn -0.0710 0.7699 0.6342
vn -0.0560 0.8589 0.5090
vn 0.2240 0.1132 -0.9680
vn -0.3805 0.0478 0.9235
vn -0.9711 -0.2379 0.0187
vn -0.1692 -0.9242 0.3424
vn 0.1275 -0.9603 0.2480
vn 0.9573 0.0545 0.2839
vn -0.9253 -0.3635 -0.1085
vn 0.7382 -0.2742 -0.6164
vn -0.8540 -0.3136 -0.4152
vn -0.9765 -0.0126 0.2151
vn 0.9807 0.1520 -0.1231
vn 0.0074 -0.3671 0.9301
vn -0.3263 -0.5228 -0.7876
vn 0.7350 -0.6362 -0.2345
vn 0.7665 0.6399 0.0548
vn 0.1017 0.6655 -0.7395
vn 0.5856 -0.8037 0.1055
vn 0.1579 -0.2200 -0.9626
vn 0.1524 -0.2406 -0.9586
vn -0.9493 0.0130 0.3142
vn -0.3259 -0.3185 -0.8901
vn -0.7751 -0.2772 -0.5678
vn -0.9866 0.1439 -0.0773
vn -0.7046 -0.6335 0.3198
vn -0.2360 -0.1817 -0.9546
vn 0.7145 0.6993 -0.0218
vn -0.9147 -0.3224 -0.2438
vn -0.3590 -0.6560 0.6638
vn 0.2607 0.2230 -0.9393
vn 0.2430 0.1873 -0.9518
vn 0.8989 -0.3014 -0.3180
vn 0.6478 0.5354 0.5419
vn -0.6373 -0.7453 -0.1960
vn 0.1872 0.9766 0.1059
vn -0.5859 -0.6151 -0.5276
vn 0.0641 0.6532 -0.7544
vn 0.6172 -0.4722 -0.6293
vn 0.8142 -0.1867 0.5497
vn 0.7910 -0.5949 0.1431
vn 0.6114 0.2341 0.7559
vn 0.2801 -0.8457 -0.4542
vn 0.9416 -0.2596 0.2143
vn -0.4022 0.2901 -0.8684
vn 0.9547 0.2441 0.1703
vn 0.6079 -0.3858 -0.6940
vn -0.5407 -0.6546 -0.5283
vn -0.9928 -0.0871 0.0828
vn 0.1418 0.9606 0.2389
vn -0.8853 0.1367 -0.4445
vn -0.8715 -0.2631 0.4139
vn 0.9249 -0.2874 -0.2490
vn -0.3709 -0.7832 0.4990
vn -0.1203 -0.9879 0.0983
vn -0.7449 0.2275 -0.6273
vn -0.1940 -0.9187 -0.3439
vn 0.6978 0.6011 0.3895
vn 0.7553 -0.6180 -0.2184
vn -0.6152 0.1014 -0.7818
vn 0.0497 -0.9842 -0.1698
vn -0.6341 0.1803 0.7519
vn 0.9743 0.2191 -0.0520
vn -0.3378 -0.4556 -0.8236
vn -0.1548 -0.9665 -0.2049
vn 0.6843 0.0736 0.7255
vn 0.8848 0.4576 0.0875
vn -0.0440 0.7199 -0.6927
vn -0.4003 -0.4042 0.8224
vn -0.7624 0.2681 0.5889
vn 0.9428 -0.3301 -0.0456
vn 0.8839 -0.4510 -0.1236
vn 0.6910 -0.0957 -0.7165
vn -0.3957 -0.3045 0.8664
vn -0.7424 0.5440 0.3911
vn 0.4340 -0.8434 -0.3167
vn -0.7164 -0.6913 0.0943
vn -0.7690 -0.5334 -0.3522
vn 0.4887 -0.6563 0.5749
vn 0.6125 -0.5972 0.5179
vn -0.2517 -0.8310 -0.4960
vn -0.6949 -0.5928 -0.4070
vn -0.8595 0.1395 -0.4916
vn -0.5269 0.8137 -0.2457
vn 0.3178 -0.1635 -0.9339
vn -0.2734 0.8785 -0.3917
vn 0.5444 -0.4348 0.7173
vn 0.9286 0.1792 0.3248
vn -0.8514 -0.5151 -0.0989
vn -0.9612 0.2675 0.0667
vn -0.1409 0.3851 0.9120
vn 0.4146 -0.4523 -0.7896
vn 0.0570 0.9305 -0.3618
vn 0.0936 0.1840 -0.9785
vn -0.5471 0.3796 0.7460
vn -0.9805 -0.1892 0.0521
vn -0.0045 -0.5127 0.8586
vn 0.8362 0.5303 -0.1401
vn -0.8741 0.4271 0.2313
vn -0.5481 0.8043 -0.2296
vn 0.0583 -0.9972 0.0475
vn -0.7951 -0.4520 0.4044
vn 0.6377 0.3549 -0.6836
vn 0.4668 0.8668 -0.1750
vn -0.9632 0.0818 -0.2559
vn 0.5137 0.8489 -0.1246
vn -0.1039 0.9754 -0.1943
vn 0.0862 0.7777 -0.6226
vn 0.3280 -0.2971 0.8968
vn 0.0442 0.8075 -0.5882
vn 0.9012 -0.3433 0.2647
vn 0.5585 -0.1685 0.8122
vn 0.8759 -0.4075 0.2584
vn -0.6979 -0.1918 -0.6900
vn -0.8299 0.0775 -0.5525
vn 0.7891 -0.2407 -0.5652
vn -0.5457 0.1723 -0.8200
vn -0.6285 -0.1801 0.7566
vn -0.1501 -0.2530 0.9558
vn 0.6256 0.6836 -0.3760
vn 0.5853 -0.3056 0.7511
vn 0.2895 -0.8323 -0.4727
vn -0.9887 -0.0890 -0.1203
vn 0.3724 -0.6860 0.6251
vn 0.8647 -0.4796 0.1493
vn -0.4801 0.6939 0.5367
vn 0.3846 0.8055 0.4509
vn 0.0081 0.2140 0.9768
vn -0.7891 0.5293 -0.3118
vn 0.9250 0.3321 -0.1848
vn 0.6838 -0.6992 -0.2086
vn -0.4017 0.9157 -0.0097
vn -0.7806 -0.0926 0.6181
vn -0.6196 -0.3050 -0.7232
vn -0.1129 -0.2508 0.9614
vn -0.5843 -0.3741 -0.7202
vn -0.4264 -0.4279 0.7969
vn -0.1935 0.3248 0.9258
vn -0.7206 -0.5466 0.4266
vn -0.5842 0.4214 -0.6937
vn 0.2595 -0.6316 -0.7305
vn -0.3720 0.9235 0.0935
vn 0.9787 0.0076 -0.2051
vn 0.7308 0.2449 -0.6371
vn -0.2074 -0.9264 -0.3142
vn -0.8283 0.5582 -0.0479
vn 0.7976 -0.5077 0.3256
vn 0.7115 -0.2332 -0.6628
vn 0.2788 0.0606 -0.9584
vn -0.1081 0.0026 -0.9941
vn -0.9434 -0.0678 0.3246
vn 0.6811 0.7015 0.2097
vn -0.9807 -0.1772 0.0822
vn 0.5240 -0.0990 -0.8459
vn 0.4668 -0.0274 -0.8839
vn -0.1477 0.1617 -0.9757
vn -0.9787 -0.2021 -0.0369
vn 0.8954 0.4430 -0.0454
vn 0.7440 -0.6497 -0.1560
vn -0.7086 -0.1461 -0.6903
vn -0.0134 0.5771 0.8165
vn 0.7875 -0.0081 -0.6162
vn -0.7854 -0.6171 0.0491
vn -0.9511 -0.1145 -0.2868
vn 0.5904 -0.4383 -0.6777
vn -0.1364 0.7775 -0.6139
vn -0.9064 -0.4222 -0.0098
vn 0.1904 0.9783 -0.0822
vn 0.5533 -0.1492 0.8195
vn -0.8332 -0.3331 0.4414
vn 0.3251 -0.1546 -0.9330
vn 0.4466 0.8754 0.1851
vn 0.2320 -0.1902 -0.9539
vn 0.0942 0.1983 0.9756
vn 0.1367 0.8405 0.5243
vn -0.1594 -0.5369 -0.8284
vn 0.5561 -0.8274 0.0788
vn -0.7103 0.6678 0.2224
vn -0.7162 -0.4971 0.4899
vn 0.1650 -0.6386 -0.7516
vn 0.6159 0.1679 0.7697
vn 0.2451 0.9644 -0.0996
vn 0.7223 -0.3843 -0.5749
vn -0.6476 0.4150 -0.6391
vn 0.0363 0.8081 -0.5879
vn -0.8202 0.5107 0.2577
vn -0.1183 0.6173 0.7778
vn -0.9557 -0.2931 -0.0268
vn 0.2964 0.8705 0.3929
vn -0.5743 0.7080 -0.4110
vn -0.7328 0.1181 0.6701
vn 0.0204 -0.4717 0.8815
vn -0.5472 -0.8313 -0.0977
vn -0.6457 -0.7456 -0.1646
vn -0.8327 -0.5262 0.1725
vn 0.8228 -0.1982 -0.5326
vn -0.9224 -0.2882 -0.2572
vn -0.6285 -0.7565 -0.1812
vn 0.8793 0.0874 -0.4682
vn -0.7438 0.2334 -0.6264
vn -0.7640 -0.1146 0.6349
vn -0.8014 0.5979 -0.0162
vn 0.2747 0.8766 -0.3951
vn -0.0888 0.9902 -0.1078
vn -0.7639 0.0104 -0.6453
vn -0.7622 0.1531 -0.6290
vn -0.6849 0.6370 0.3538
vn 0.2056 -0.0249 -0.9783
vn -0.1553 0.2312 -0.9604
vn 0.9619 -0.0244 0.2724
vn 0.8282 -0.2896 0.4799
vn 0.4340 -0.4436 -0.7841
vn -0.3004 0.7871 -0.5388
vn -0.1992 -0.9286 -0.3130
vn -0.4392 -0.8860 0.1490
vn 0.9274 -0.2829 -0.2447
vn -0.8261 -0.3724 -0.4229
vn 0.8499 0.3858 -0.3589
vn 0.6131 -0.5093 -0.6039
vn 0.8570 0.3674 -0.3614
vn -0.9228 -0.3852 0.0025
vn -0.7740 -0.5095 -0.3759
vn 0.5976 0.7782 0.1934
vn -0.9170 0.3989 -0.0066
vn 0.9014 0.3300 0.2803
vn 0.8978 -0.4341 0.0749
vn -0.7552 0.1363 -0.6412
vn 0.0579 -0.1892 0.9802
vn -0.3931 0.8117 0.4320
vn 0.9477 -0.2946 -0.1226
vn -0.8480 -0.1992 -0.4911
vn -0.4682 0.8836 -0.0012
vn -0.7666 0.0912 0.6356
vn 0.9450 0.1533 0.2890
vn 0.2856 0.2865 -0.9145
vn -0.5909 0.6271 0.5075
vn -0.1932 -0.8602 -0.4720
vn 0.3328 0.6473 -0.6857
vn 0.9961 0.0669 0.0575
vn -0.5908 -0.4514 -0.6688
vn -0.6660 -0.1741 0.7253
vn -0.0464 0.9956 -0.0820
vn 0.7889 -0.3269 0.5204
vn 0.4610 -0.8562 -0.2331
vn 0.2919 -0.6068 -0.7393
vn 0.8199 -0.1947 -0.5384
vn -0.9094 0.0630 -0.4110
vn -0.7537 0.6385 0.1556
vn -0.6584 0.6122 0.4378
vn 0.1026 0.7216 -0.6846
vn 0.7272 -0.5662 -0.3880
vn 0.5442 -0.8389 -0.0110
vn -0.6557 -0.3124 -0.6874
vn -0.0118 -0.9734 -0.2287
vn 0.6810 -0.6369 -0.3614
vn -0.6020 0.7475 0.2807
vn -0.6956 -0.1206 -0.7082
vn 0.8148 0.5131 0.2700
vn 0.0674 0.1935 0.9788
vn -0.7562 0.4174 0.5040
vn -0.7387 0.1256 0.6622
vn -0.0329 0.3176 -0.9476
vn 0.7626 0.3775 0.5253
vn 0.0391 -0.0148 0.9991
vn 0.9138 0.4053 -0.0253
vn 0.8474 0.4425 -0.2934
vn 0.4669 -0.8824 -0.0587
vn -0.1798 -0.7454 -0.6419
vn 0.6646 -0.7472 0.0085
vn 0.8766 0.3592 0.3204
vn -0.7532 0.5289 -0.3911
vn -0.0837 0.1992 0.9764
vn 0.2718 0.9358 -0.2247
vn -0.4838 0.8541 -0.1911
vn 0.7788 0.1214 0.6155
vn -0.1160 0.6206 0.7755
vn -0.8690 0.4941 -0.0278
vn -0.9539 0.2034 -0.2205
vn 0.5363 0.0956 -0.8386
vn -0.5888 -0.4708 -0.6570
vn -0.0825 0.7029 -0.7065
vn -0.2375 -0.6659 -0.7072
vn -0.8271 0.1075 0.5517
vn -0.9409 0.1446 -0.3063
vn 0.5778 -0.4884 0.6539
vn -0.9027 0.3957 -0.1692
vn 0.7353 0.6214 0.2704
vn -0.9400 0.1829 -0.2880
vn -0.1774 0.0687 0.9817
vn 0.1885 0.7518 0.6319
vn 0.6119 0.7534 0.2408
vn 0.1122 -0.9910 0.0737
vn -0.9708 0.2302 0.0674
vn 0.3142 -0.6487 -0.6932
vn -0.1709 -0.9799 0.1028
vn -0.7648 0.1072 0.6353
vn -0.8578 0.4748 -0.1971
vn 0.4615 0.2380 0.8546
vn 0.0514 -0.8623 -0.5038
vn -0.1201 0.9048 0.4087
vn 0.5525 -0.6431 0.5303
vn -0.4584 0.4293 -0.7782
vn -0.5013 0.5343 0.6806
vn 0.6459 -0.5521 0.5271
vn 0.9228 -0.3592 0.1395
vn -0.7977 0.0772 -0.5981
vn -0.3864 -0.3735 0.8433
vn -0.4096 -0.7131 0.5690
vn 0.8862 0.1028 -0.4518
vn 0.7615 -0.4206 -0.4931
vn -0.8923 0.4377 -0.1105
vn -0.0729 0.9758 -0.2062
vn 0.9820 -0.0251 0.1871
vn -0.1173 -0.3198 0.9402
vn -0.3719 0.8083 0.4565
vn -0.9376 -0.2877 0.1950
vn -0.0898 -0.9758 -0.1994
vn -0.8275 -0.2794 -0.4870
vn 0.2939 -0.8463 -0.4443
vn 0.6348 -0.6814 0.3643
vn -0.5007 -0.8656 -0.0112
vn -0.7690 -0.6392 0.0106
vn 0.5681 0.1786 -0.8033
vn 0.5073 -0.6483 -0.5678
vn 0.5428 -0.4445 0.7126
vn -0.2750 0.8254 0.4929
vn -0.7925 -0.5875 0.1636
vn 0.2748 -0.9605 0.0432
vn -0.8577 -0.4977 -0.1290
vn -0.4662 -0.5671 0.6790
vn -0.1721 -0.9677 -0.1841
vn 0.0859 0.3799 0.9210
vn 0.7458 0.6125 -0.2619
vn 0.8886 0.2146 0.4054
vn -0.6612 0.7339 -0.1556
vn 0.7583 -0.3532 0.5480
vn 0.8744 0.3529 -0.3331
vn 0.9043 0.1827 0.3859
vn 0.5023 0.7465 0.4363
vn 0.0118 -0.4494 0.8933
vn -0.7233 -0.5249 0.4488
vn -0.1895 0.3504 0.9172
vn -0.6823 0.5135 0.5203
vn 0.3738 0.4406 -0.8162
vn 0.6207 -0.6441 0.4471
vn -0.8421 0.4455 -0.3039
vn -0.8518 -0.2010 -0.4838
vn 0.1531 0.4000 0.9037
vn 0.0680 -0.4559 -0.8874
vn 0.8673 -0.3877 -0.3122
vn 0.2635 -0.6449 -0.7174
vn 0.2282 0.9716 0.0619
vn 0.8379 -0.0689 -0.5415
vn 0.1562 -0.0120 0.9877
vn 0.9069 -0.4188 -0.0468
vn -0.0062 0.9918 -0.1277
vn 0.7768 -0.4090 -0.4788
vn -0.7745 -0.4751 -0.4176
vn 0.6179 -0.2439 0.7475
vn 0.8487 -0.4996 -0.1736
vn -0.8037 0.4178 -0.4237
vn -0.9938 0.0752 -0.0819
vn -0.1267 -0.1988 0.9718
vn -0.1199 -0.8787 0.4620
vn 0.4186 -0.6753 -0.6073
vn 0.1697 -0.7210 -0.6718
vn 0.3768 0.8389 0.3927
vn 0.4742 -0.8797 0.0366
vn 0.2128 0.9500 0.2286
vn 0.3587 0.2191 -0.9074
vn 0.1296 0.9168 -0.3776
vn 0.2267 0.9179 -0.3258
vn -0.9694 -0.1056 0.2218
vn 0.7989 -0.0082 -0.6015
vn -0.6426 0.3686 0.6717
vn 0.5220 0.8494 -0.0774
vn -0.9129 -0.3730 0.1656
vn -0.7173 0.5351 -0.4462
vn 0.6335 0.5574 0.5367
vn -0.1034 0.9112 0.3989
vn -0.7523 0.4240 0.5043
vn -0.6587 0.2316 0.7159
vn -0.4197 -0.1092 0.9011
vn 0.6759 0.0396 0.7360
vn 0.2405 -0.9017 -0.3593
vn 0.5856 -0.6772 -0.4455
vn -0.0735 0.2759 0.9584
vn 0.5896 -0.6947 -0.4121
vn 0.0333 -0.7948 0.6059
vn -0.4680 0.2591 0.8449
vn 0.2386 0.0777 0.9680
vn -0.4161 -0.4450 0.7930
vn 0.9188 -0.0165 -0.3943
vn 0.0352 -0.9916 -0.1243
vn 0.0918 -0.2125 0.9728
vn 0.4318 0.8888 0.1535
vn 0.7350 0.2175 -0.6422
vn 0.1454 -0.0816 0.9860
vn 0.2095 0.9423 0.2612
vn 0.4125 0.1523 0.8981
vn -0.7873 -0.1064 0.6073
vn 0.7526 -0.4988 -0.4300
vn -0.1656 0.1733 0.9708
vn 0.6338 0.3446 0.6925
vn -0.3308 0.9072 0.2600
vn 0.2247 0.9489 0.2214
vn 0.6988 -0.5995 -0.3902
vn -0.2404 -0.4830 -0.8420
vn 0.5713 0.7978 -0.1926
vn 0.5159 -0.7547 -0.4053
vn 0.6554 0.6345 0.4096
vn -0.5153 0.6581 0.5490
vn 0.4049 0.8947 0.1884
vn -0.9613 -0.1284 -0.2437
vn -0.5903 0.7464 -0.3072
vn 0.4004 0.2019 0.8938
vn -0.1352 0.8677 -0.4784
vn 0.8369 0.5465 0.0301
vn -0.0213 -0.6177 -0.7861
vn -0.9989 -0.0370 -0.0285
vn 0.8685 0.3579 0.3428
vn 0.1955 0.1780 -0.9644
vn 0.8321 0.5490 0.0785
vn -0.4348 -0.6742 0.5971
vn 0.0559 0.4322 -0.9000
vn 0.1155 -0.5178 -0.8476
vn -0.4287 -0.4478 0.7846
vn -0.2048 0.1272 0.9705
vn -0.8518 -0.0242 0.5233
vn -0.0783 -0.6674 -0.7405
vn 0.4864 -0.3485 0.8012
vn -0.6400 0.0071 -0.7683
vn 0.4968 0.5478 0.6732
vn 0.3361 -0.8960 0.2901
vn -0.9737 0.2191 0.0624
vn 0.9046 0.0005 -0.4262
vn 0.9650 -0.0467 -0.2582
vn -0.7340 0.4457 -0.5124
vn -0.9740 0.1999 0.1064
vn -0.9495 0.3102 0.0471
vn -0.4396 0.3995 -0.8045
vn 0.2969 0.8903 0.3454
vn -0.1593 -0.3049 -0.9390
vn -0.5112 0.6672 0.5417
vn 0.8760 0.4633 -0.1345
vn 0.9379 -0.2257 0.2635
vn -0.4391 -0.7502 0.4943
vn 0.7844 -0.1004 0.6121
vn -0.1383 -0.9621 -0.2352
vn -0.9754 0.2095 -0.0679
vn 0.4135 -0.7457 -0.5224
vn -0.7512 0.6594 0.0293
vn -0.7973 -0.5360 -0.2774
vn -0.9194 -0.0828 0.3844
vn -0.1053 0.7998 0.5909
vn 0.8321 0.4368 -0.3417
vn -0.7134 0.6708 -0.2025
vn -0.2033 0.8739 0.4415
vn 0.5541 -0.1587 0.8172
vn 0.9050 0.0142 0.4251
vn -0.0912 -0.1508 -0.9844
vn 0.5169 -0.4211 -0.7453
vn 0.8840 0.4461 -0.1402
vn -0.4387 -0.3543 0.8259
vn 0.3731 0.9260 -0.0574
vn 0.6287 -0.1087 0.7700
vn -0.6765 0.6770 0.2896
vn 0.4673 -0.3361 0.8177
vn -0.1862 -0.9483 -0.2572
vn -0.5508 -0.8314 -0.0742
vn -0.2047 -0.9534 0.2216
vn -0.7345 -0.1728 0.6562
vn -0.7830 -0.1908 0.5920
vn -0.1381 0.3538 0.9251
vn -0.2382 -0.9301 0.2795
vn 0.0623 0.2113 -0.9754
vn -0.3913 -0.2998 0.8701
vn 0.0424 0.1738 -0.9839
vn -0.8417 -0.4485 -0.3005
vn -0.4749 0.7489 -0.4621
vn 0.1475 -0.1025 -0.9837
vn 0.8909 -0.4508 0.0559
vn 0.9552 0.1863 0.2300
vn 0.9855 0.0359 0.1660
vn 0.8367 -0.1261 -0.5330
vn -0.7615 0.0583 -0.6455
vn 0.5483 -0.7795 -0.3030
vn 0.7061 0.6523 -0.2753
vn -0.9136 0.2093 0.3485
vn 0.7446 0.4891 0.4542
vn -0.9652 0.0164 0.2608
vn -0.5558 -0.5165 -0.6514
vn 0.3400 -0.2521 -0.9060
vn 0.0016 -0.4826 0.8758
vn 0.6103 0.4020 0.6826
vn -0.4734 0.5237 0.7083
vn -0.0583 0.8616 0.5042
vn -0.8973 0.2218 -0.3817
vn 0.2920 -0.5264 -0.7985
vn 0.2536 0.7078 0.6593
vn 0.2784 -0.0497 0.9592
vn 0.4397 -0.2096 0.8734
vn -0.2770 0.9467 0.1642
vn 0.7527 -0.3580 0.5525
vn -0.4981 -0.3959 -0.7715
vn -0.7453 -0.3941 -0.5378
vn 0.8971 -0.4400 -0.0406
vn -0.7987 -0.4793 -0.3637
vn 0.1968 0.9582 0.2076
vn 0.9160 0.3035 -0.2622
vn 0.9135 0.1399 -0.3820
vn 0.8409 0.2336 0.4882
vn -0.1871 -0.1237 0.9745
vn -0.1977 0.8877 0.4157
vn 0.8148 -0.0906 0.5726
vn -0.7584 0.0728 -0.6477
vn -0.9120 0.2388 -0.3334
vn 0.9276 0.3514 -0.1265
vn 0.8944 0.1698 0.4137
vn -0.9112 -0.3246 0.2539
vn 0.3068 0.2853 -0.9080
vn -0.1428 -0.1655 0.9758
vn -0.8927 0.3423 0.2930
vn -0.2848 0.7656 -0.5769
vn 0.2123 -0.4243 -0.8803
vn -0.9110 -0.3639 0.1940
vn 0.5778 -0.7518 -0.3178
vn -0.7507 -0.0694 0.6569
vn 0.2565 0.8894 0.3784
vn -0.2598 -0.6769 -0.6887
vn 0.5456 -0.8194 0.1759
vn 0.8817 -0.3606 -0.3042
vn 0.9244 -0.2390 -0.2972
vn 0.1538 -0.8439 0.5139
vn -0.1740 -0.1102 0.9786
vn -0.7056 -0.1937 0.6817
vn -0.4978 -0.1063 0.8608
vn 0.8452 0.1436 0.5148
vn 0.6916 0.2599 0.6740
vn -0.8572 0.4608 -0.2301
vn 0.2765 0.0267 -0.9606
vn -0.0480 -0.4312 0.9010
vn 0.8604 0.4122 0.2996
vn -0.4810 -0.6754 0.5589
vn -0.7003 -0.1776 0.6914
vn 0.0850 0.9182 -0.3868
vn 0.7729 0.1982 0.6028
vn 0.3197 -0.2546 -0.9127
vn -0.6709 -0.0364 0.7406
vn 0.7715 0.6118 0.1747
vn -0.0357 0.0670 0.9971
vn -0.5843 0.6861 0.4334
vn 0.1359 -0.1165 0.9838
vn 0.0912 0.6036 0.7921
vn 0.6526 -0.7165 -0.2465
vn 0.6744 -0.7007 -0.2328
vn 0.5386 -0.7197 -0.4381
vn 0.9485 -0.2716 -0.1627
vn -0.6878 0.2521 0.6807
vn 0.6776 0.7305 0.0857
vn 0.8450 -0.5222 -0.1148
vn -0.9907 0.1358 0.0081
vn -0.9653 0.2596 -0.0304
vn 0.2835 -0.8422 0.4587
vn 0.5578 -0.3293 0.7619
vn 0.9260 0.3414 -0.1614
vn -0.8629 0.2339 0.4480
vn 0.5603 -0.6010 0.5700
vn -0.7195 0.1470 -0.6788
vn 0.9720 -0.1324 0.1939
vn 0.3569 0.7582 -0.5456
vn -0.7807 0.0816 -0.6196
vn -0.1470 0.6588 0.7379
vn 0.3460 -0.9374 -0.0401
vn 0.3917 -0.9095 -0.1394
vn 0.9591 0.1286 0.2524
vn 0.9396 -0.3407 -0.0340
vn 0.5096 -0.8356 -0.2049
vn -0.7037 -0.1260 -0.6993
vn 0.7287 -0.1611 0.6657
vn -0.8233 -0.2890 -0.4885
vn -0.1377 -0.8716 0.4704
vn 0.6729 0.1382 0.7267
vn 0.5556 0.7475 0.3641
vn -0.8745 0.3425 -0.3434
vn -0.7984 -0.5972 -0.0770
vn 0.2193 0.9348 0.2794
vn -0.9034 0.3540 -0.2420
vn -0.8452 0.3735 0.3823
vn -0.8978 0.3662 0.2446
vn -0.0538 0.0464 0.9975
vn -0.4893 0.4792 0.7286
vn -0.9054 0.4213 -0.0534
vn 0.9014 0.1453 0.4080
vn 0.7106 -0.5427 -0.4479
vn -0.7059 -0.1083 0.7000
vn 0.6722 0.1374 0.7276
vn -0.8687 -0.4936 0.0419
vn 0.5394 0.3591 0.7616
vn -0.1262 -0.9910 -0.0444
vn 0.3574 -0.7988 -0.4839
vn 0.6878 0.0270 0.7254
vn 0.1742 -0.8870 0.4276
vn -0.8298 -0.0997 -0.5491
vn -0.4286 -0.8861 -0.1764
vn -0.3421 0.0217 -0.9394
vn 0.8477 0.1265 -0.5151
vn -0.9626 -0.2588 0.0807
vn -0.4431 -0.8949 -0.0527
vn 0.9186 0.3940 0.0298
vn 0.5662 0.8036 -0.1835
vn 0.9160 0.3377 -0.2165
vn -0.4752 -0.4581 -0.7512
vn 0.9042 0.4271 -0.0084
vn -0.9162 0.2949 -0.2714
vn -0.9260 -0.2747 0.2588
vn -0.9124 -0.2376 -0.3334
vn -0.9437 0.0731 0.3225
vn -0.4493 -0.4793 -0.7539
vn 0.3456 0.6275 0.6977
vn 0.3401 0.6181 0.7087
vn 0.7236 0.3238 0.6095
vn 0.1634 0.9355 -0.3133
vn 0.5521 -0.5832 -0.5959
vn -0.7874 0.6064 0.1112
vn -0.4740 0.2363 0.8482
vn 0.5446 0.0697 0.8358
vn 0.5048 0.3734 0.7783
vn 0.3894 -0.5874 -0.7095
vn -0.7941 0.0331 -0.6069
vn 0.8797 -0.4474 -0.1613
vn -0.2911 0.7839 0.5484
vn -0.9385 0.1502 0.3108
vn -0.3672 -0.7015 0.6108
vn 0.9592 -0.0305 -0.2812
vn 0.2316 0.9713 -0.0547
vn -0.0189 0.4848 0.8744
vn 0.7714 -0.0059 0.6363
vn -0.9749 0.0281 -0.2209
vn -0.6757 -0.2393 -0.6972
vn 0.9234 -0.2191 0.3153
vn -0.8322 -0.2118 0.5125
vn -0.0352 -0.2726 -0.9615
vn 0.9968 -0.0566 -0.0572
vn -0.9137 0.2851 0.2895
vn -0.6752 -0.4507 0.5840
vn 0.8682 -0.4685 -0.1636
vn 0.7125 0.0114 0.7016
vn 0.9872 -0.0544 -0.1502
vn -0.7331 0.5461 0.4053
vn 0.4883 0.8300 -0.2695
vn 0.8786 0.4675 -0.0976
vn 0.8614 0.2313 0.4522
vn -0.0759 0.9952 -0.0612
vn 0.1817 0.9512 0.2496
vn 0.8581 0.2198 0.4640
vn -0.3780 0.9258 -0.0073
vn 0.4404 0.8511 -0.2857
vn -0.9882 -0.1469 0.0434
vn -0.8237 -0.3210 0.4674
vn -0.3610 -0.9233 0.1313
vn -0.9734 -0.2062 -0.0995
vn -0.3945 0.8873 -0.2391
vn -0.9832 -0.1668 0.0738
vn -0.4703 -0.8788 -0.0802
vn -0.4951 0.7655 -0.4109
vn 0.0232 0.9916 0.1270
vn -0.7028 -0.7061 0.0868
vn -0.6421 0.4116 0.6468
vn 0.9085 -0.3348 -0.2502
vn -0.2372 -0.7309 -0.6400
vn 0.2543 0.2275 0.9400
vn 0.9988 0.0209 0.0445
vn -0.8296 0.3467 0.4377
vn 0.8740 0.4805 0.0728
vn -0.3084 0.6817 -0.6634
vn 0.9892 -0.0298 -0.1435
vn -0.8819 -0.2983 -0.3650
vn 0.1171 -0.9898 -0.0810
vn -0.7141 -0.2759 0.6434
vn -0.0183 -0.4082 0.9127
vn 0.1066 0.9779 -0.1797
vn -0.6611 0.7032 0.2614
vn 0.4122 0.1936 0.8903
vn -0.7429 -0.6598 0.1131
vn -0.7756 -0.5827 0.2429
vn -0.2684 -0.7476 -0.6075
vn 0.3567 -0.7975 -0.4865
vn 0.8718 0.1339 0.4712
vn -0.9682 -0.0416 0.2469
vn 0.9887 0.1272 -0.0789
vn -0.2361 -0.1004 0.9665
vn -0.2594 -0.9566 0.1329
vn 0.3638 -0.7588 0.5403
vn -0.5466 -0.7341 -0.4028
vn 0.6620 0.1973 0.7230
vn -0.6567 0.2483 -0.7121
vn 0.8960 0.3467 -0.2774
vn -0.4837 0.8612 -0.1558
vn 0.3841 -0.1179 0.9157
vn 0.7453 -0.3676 0.5562
vn 0.4624 0.0225 0.8864
vn -0.5802 0.0129 0.8143
vn -0.2221 0.2635 0.9387
vn 0.2273 0.6829 0.6943
vn -0.4606 -0.4040 -0.7903
vn -0.4515 0.7872 0.4202
vn 0.5941 -0.7943 0.1273
vn -0.5481 -0.7080 -0.4453
vn 0.7442 0.5311 -0.4050
vn 0.8373 0.2941 0.4609
vn 0.6435 -0.7195 -0.2612
vn -0.1966 0.6561 -0.7287
vn -0.0024 -0.6194 0.7851
vn 0.3003 0.8639 0.4044
vn 0.8705 0.4854 0.0810
vn -0.2510 0.9306 -0.2663
vn 0.4607 0.3304 0.8238
vn 0.6952 -0.6793 0.2350
vn -0.7707 0.0606 -0.6343
vn -0.4201 -0.9011 0.1078
vn 0.9606 0.2692 0.0687
vn -0.5194 0.7333 0.4388
vn -0.7945 0.0670 -0.6036
vn -0.5957 -0.7468 -0.2959
vn 0.8061 -0.5108 -0.2989
vn 0.3914 -0.7588 0.5206
vn 0.1302 -0.0034 0.9915
vn 0.7433 -0.6586 -0.1173
vn -0.8540 -0.0126 0.5202
vn 0.6098 -0.3376 -0.7170
vn 0.8071 -0.5882 0.0502
vn -0.7516 -0.6497 0.1137
vn -0.9268 0.0556 -0.3713
vn 0.2895 0.0679 0.9548
vn 0.5868 0.7961 0.1480
vn -0.1625 -0.1028 0.9813
vn -0.7495 0.6552 0.0947
vn 0.6863 0.7264 0.0352
vn -0.3476 0.4879 0.8007
vn 0.1904 0.9195 -0.3438
vn -0.6323 0.6269 0.4551
vn 0.4960 0.6506 0.5751
vn -0.5145 0.7629 0.3916
vn -0.5787 0.7221 0.3790
vn 0.1363 -0.9470 -0.2907
vn 0.5754 -0.7538 -0.3172
vn 0.3827 -0.7715 0.5082
vn -0.4061 -0.8110 -0.4212
vn -0.7599 -0.3546 -0.5449
vn -0.8786 -0.0628 0.4734
vn -0.6138 -0.6840 -0.3942
vn -0.3317 0.1793 0.9262
vn -0.0190 -0.4164 0.9090
vn 0.7577 -0.5931 -0.2722
vn 0.9407 0.3176 0.1192
vn 0.9164 0.1334 -0.3774
vn -0.8875 -0.4173 -0.1954
vn -0.9243 0.3057 0.2284
vn 0.8904 -0.2469 -0.3824
vn -0.0548 0.8221 0.5667
vn 0.8281 -0.4023 -0.3904
vn 0.0670 0.5508 0.8319
vn 0.1712 0.8894 0.4238
vn 0.5902 0.7753 -0.2248
vn -0.1538 0.3473 0.9250
vn 0.4732 0.2539 0.8436
vn 0.9302 0.3633 -0.0524
vn -0.1333 0.3623 0.9225
vn -0.7873 -0.3008 0.5383
vn 0.6102 -0.0908 0.7871
vn -0.0061 0.9061 -0.4231
vn 0.1852 0.3239 0.9278
vn -0.0593 0.8594 0.5078
vn -0.0493 0.6917 0.7205
vn -0.9973 -0.0391 -0.0618
vn 0.2936 0.8484 -0.4404
vn 0.7274 -0.3704 -0.5776
vn -0.6680 -0.3776 0.6413
vn -0.6352 -0.5938 -0.4939
vn -0.0984 -0.8581 0.5040
vn 0.3965 0.7769 0.4891
vn -0.6894 0.7135 -0.1250
vn -0.7151 -0.1394 0.6850
vn 0.2868 -0.9536 -0.0920
vn -0.7712 -0.6366 -0.0048
vn 0.5387 0.7692 0.3436
vn 0.9019 0.3538 -0.2478
vn 0.0922 -0.5797 -0.8096
vn -0.7950 0.6060 -0.0260
vn 0.8437 -0.5174 -0.1426
vn 0.8765 -0.4814 0.0021
vn -0.3229 -0.8523 0.4115
vn 0.5727 -0.8127 -0.1073
vn -0.2155 -0.9598 -0.1799
vn 0.7324 0.0712 0.6771
vn -0.6808 -0.6349 0.3652
vn 0.7330 -0.6721 -0.1045
vn 0.6752 -0.6720 -0.3041
vn -0.5144 -0.6838 -0.5175
vn -0.1339 -0.6279 0.7667
vn -0.7200 0.6928 -0.0405
vn -0.8866 -0.1742 0.4284
vn -0.4360 -0.1625 0.8851
vn -0.7971 0.0335 -0.6029
vn -0.4789 -0.1238 0.8691
vn -0.6843 0.0192 -0.7290
vn -0.5196 -0.1152 -0.8466
vn 0.7224 0.5464 0.4238
vn -0.8814 0.1939 -0.4308
vn 0.2715 -0.1450 0.9514
vn 0.2795 0.8868 0.3681
vn 0.3938 0.3116 0.8648
vn -0.7150 0.3661 0.5956
vn -0.7935 -0.4559 0.4032
vn 0.1232 0.6908 0.7125
vn 0.1659 0.8303 0.5320
vn 0.1383 -0.5399 -0.8303
vn 0.3997 -0.9123 0.0892
vn -0.1074 -0.6112 -0.7842
vn -0.9253 -0.1758 -0.3361
vn -0.2001 0.9416 0.2707
vn 0.8363 0.5130 0.1932
vn -0.7336 0.0962 -0.6727
vn 0.2474 0.5322 -0.8096
vn 0.9612 0.2756 -0.0089
vn 0.8754 -0.2575 -0.4092
vn -0.2695 0.3015 -0.9146
vn -0.5358 0.4141 0.7358
vn -0.8052 -0.3926 0.4445
vn -0.2689 0.7849 0.5583
vn -0.2766 0.8986 -0.3407
vn 0.2583 0.8524 -0.4545
vn -0.1007 -0.1289 -0.9865
vn 0.0548 0.2735 -0.9603
vn -0.7072 0.1255 0.6958
vn 0.0677 0.1972 -0.9780
vn 0.0358 -0.2350 -0.9713
vn -0.4619 0.8479 -0.2602
vn 0.0251 0.9372 -0.3480
vn -0.2321 -0.9706 0.0642
vn 0.1272 0.8365 0.5330
vn 0.8085 -0.0931 0.5811
vn -0.6282 0.3495 -0.6952
vn 0.9569 -0.0550 0.2850
vn -0.2082 -0.9524 0.2228
vn -0.9704 -0.2311 0.0702
vn 0.8981 0.3961 0.1914
vn -0.8296 0.3874 0.4020
vn 0.7414 0.2060 -0.6387
vn -0.9849 0.1698 -0.0338
vn -0.9037 0.3545 -0.2401
vn 0.5613 0.7907 -0.2444
vn -0.8554 0.5121 -0.0784
vn 0.7527 -0.2677 0.6015
vn -0.0371 -0.2124 -0.9765
vn -0.6998 -0.2710 0.6609
vn -0.8758 0.4439 0.1893
vn 0.2359 -0.1051 -0.9661
vn 0.3137 0.1415 -0.9389
vn -0.5755 -0.8177 0.0102
vn -0.8943 0.3364 0.2953
vn 0.1711 0.1640 0.9715
vn 0.0060 0.0402 0.9992
vn 0.3411 -0.0699 -0.9374
vn -0.2929 0.9556 0.0323
vn 0.5969 -0.7490 -0.2875
vn 0.3882 0.3668 -0.8454
vn 0.8609 -0.2013 -0.4672
vn 0.5964 -0.6288 -0.4989
vn 0.7001 0.6288 0.3383
vn -0.1193 -0.9880 0.0984
vn 0.7371 -0.4625 0.4928
vn -0.1905 0.1578 -0.9689
vn 0.4512 0.2284 0.8627
vn 0.8927 0.1742 0.4156
vn -0.8781 0.0893 -0.4702
vn -0.6560 0.7384 0.1564
vn 0.4168 0.8824 0.2183
vn 0.1088 -0.9100 -0.4001
vn -0.8317 0.5453 -0.1047
vn -0.6968 0.6117 0.3745
vn 0.7230 -0.1693 0.6698
vn -0.1009 0.9064 0.4102
vn 0.0933 -0.2153 -0.9721
vn -0.8367 0.5014 -0.2203
vn -0.0813 -0.0148 -0.9966
vn -0.3154 -0.1532 -0.9365
vn -0.6072 -0.6106 0.5083
vn 0.1562 0.2105 0.9650
vn -0.6303 -0.7429 0.2254
vn 0.1016 -0.9165 0.3869
vn 0.6839 0.4959 -0.5351
vn 0.1486 0.2946 -0.9440
vn -0.7947 -0.4499 0.4074
vn 0.6598 -0.7498 -0.0495
vn -0.5502 -0.8144 0.1845
vn -0.3455 -0.0905 0.9340
vn 0.3534 0.0205 0.9353
vn 0.5787 0.2972 -0.7595
vn -0.6359 -0.7440 0.2050
vn 0.6900 -0.5961 0.4105
vn -0.7763 -0.0618 0.6274
vn 0.0729 0.1272 0.9892
vn 0.9236 -0.3831 -0.0122
vn -0.6395 0.6700 -0.3770
vn -0.3216 -0.1572 0.9337
vn -0.1129 0.9540 0.2777
vn -0.8685 0.4344 -0.2388
vn -0.3174 0.8159 0.4833
vn 0.8797 -0.2069 0.4282
vn -0.0768 0.1222 0.9895
vn 0.8476 0.5069 -0.1569
vn 0.6180 0.6519 0.4395
vn 0.6240 0.1331 0.7700
vn -0.1470 -0.1220 0.9816
vn -0.2739 -0.1309 -0.9528
vn -0.5544 -0.0750 -0.8289
vn 0.6920 -0.1530 -0.7055
vn 0.9634 0.0120 0.2679
vn 0.3875 0.1863 -0.9029
vn -0.1732 -0.9649 0.1973
vn 0.8985 -0.2796 -0.3383
vn -0.9795 -0.0004 -0.2014
vn 0.2573 -0.1040 -0.9607
vn -0.3065 0.8203 0.4829
vn -0.2310 -0.2118 -0.9496
vn -0.9174 -0.2164 0.3339
vn -0.2360 0.8602 0.4520
vn 0.4357 -0.2241 -0.8717
vn 0.7496 -0.3616 -0.5543
vn 0.2195 -0.5679 -0.7933
vn 0.3026 0.6483 0.6987
vn -0.1970 -0.2199 -0.9554
vn -0.9736 0.0683 0.2180
vn 0.9615 0.0016 0.2749
vn 0.0640 -0.1286 -0.9896
vn -0.8854 0.0519 -0.4620
vn -0.5340 0.7980 -0.2792
vn 0.6970 -0.3565 -0.6222
vn 0.5022 -0.8609 0.0811
vn -0.7779 0.0180 0.6281
vn 0.3998 0.8012 0.4453
vn 0.8086 0.5105 -0.2924
vn 0.1952 0.9089 0.3685
vn -0.3177 -0.3213 0.8921
vn 0.3210 -0.2903 -0.9015
vn -0.9416 -0.0706 -0.3294
vn -0.7957 0.1472 0.5876
vn -0.1290 0.4114 -0.9023
vn -0.1216 -0.3893 -0.9130
vn 0.3000 -0.4229 -0.8550
vn 0.6180 -0.6443 0.4504
vn -0.2582 -0.4221 -0.8690
vn 0.2495 -0.1154 -0.9615
vn 0.8201 -0.3891 -0.4196
vn -0.2873 -0.0162 -0.9577
vn 0.0364 -0.5030 0.8635
vn -0.6064 -0.1708 -0.7766
vn -0.7642 0.5928 -0.2543
vn 0.2971 -0.8123 -0.5018
vn -0.6437 0.3541 -0.6784
vn -0.6082 0.4495 0.6542
vn -0.5380 -0.3787 0.7531
vn 0.6475 -0.7427 0.1706
vn 0.8662 0.3496 -0.3569
vn -0.1016 0.8167 0.5680
vn 0.4528 -0.8889 -0.0686
vn 0.6684 0.7250 0.1663
vn 0.6150 0.6638 0.4256
vn -0.0660 -0.9952 -0.0722
vn 0.1211 0.8913 0.4370
vn -0.1124 0.5859 0.8026
vn 0.9155 0.4002 0.0399
vn -0.6951 0.7182 -0.0315
vn -0.4044 -0.2151 0.8889
vn 0.6085 -0.3408 -0.7166
vn 0.2312 0.9644 -0.1286
vn 0.2665 0.2658 0.9265
vn 0.3025 -0.4397 -0.8457
vn 0.7260 -0.1665 0.6673
vn -0.1619 -0.6447 0.7471
vn -0.4203 0.3180 0.8498
vn 0.5456 -0.8179 -0.1825
vn 0.6830 -0.3240 0.6546
vn 0.2058 0.9498 0.2355
vn -0.1667 0.9597 -0.2262
vn -0.8700 -0.0779 -0.4868
vn 0.0322 -0.9992 0.0221
vn -0.4300 -0.6933 0.5784
vn 0.8246 0.2469 0.5090
vn 0.3193 -0.4670 -0.8246
vn -0.3621 0.1820 0.9142
vn 0.1287 -0.3570 0.9252
vn -0.4271 -0.8765 0.2223
vn -0.4975 0.5711 0.6530
vn 0.2487 0.6226 -0.7420
vn -0.7051 -0.5867 0.3984
vn 0.7288 -0.6810 -0.0718
vn 0.9971 0.0754 0.0097
vn 0.5146 -0.0786 -0.8538
vn -0.3989 0.6769 0.6187
vn -0.4749 -0.3002 0.8272
vn 0.2635 -0.1838 -0.9470
vn -0.7962 -0.1719 -0.5800
vn 0.7035 0.6763 0.2184
vn -0.5816 0.0157 -0.8133
vn -0.0381 0.0550 0.9978
vn -0.6864 0.0395 -0.7262
vn 0.3368 0.8383 -0.4287
vn 0.9658 0.2594 -0.0015
vn 0.2827 -0.1997 0.9382
vn 0.9629 0.1067 0.2477
vn 0.2291 -0.5393 -0.8103
vn 0.8619 0.4861 0.1443
vn -0.4347 -0.1150 -0.8932
vn -0.8198 0.4457 -0.3595
vn -0.4053 -0.4202 0.8119
vn 0.7593 0.5865 0.2820
vn -0.7248 -0.0213 0.6886
vn 0.8799 0.4415 -0.1758
vn 0.2120 0.9296 0.3016
vn 0.8276 0.3807 0.4124
vn -0.6757 0.5837 -0.4502
vn 0.2720 0.9623 0.0028
vn -0.3253 -0.5119 -0.7951
vn -0.4218 -0.5003 -0.7562
vn 0.7415 -0.2293 0.6305
vn 0.5200 -0.4582 -0.7209
vn 0.3232 0.0546 -0.9448
vn -0.6230 0.1965 0.7572
vn -0.2314 -0.0191 -0.9727
vn 0.0887 0.0638 0.9940
vn 0.2899 -0.9247 -0.2468
vn 0.7063 0.1042 0.7002
vn 0.4050 0.8659 0.2937
vn 0.0366 -0.7478 0.6629
vn 0.4780 -0.6171 -0.6251
vn -0.6687 0.5377 -0.5135
vn -0.2214 -0.0822 -0.9717
vn -0.2326 0.3036 -0.9240
vn 0.7598 -0.4316 0.4862
vn -0.6613 0.7283 0.1797
vn 0.9931 -0.1025 0.0579
vn -0.7140 0.3666 0.5965
vn -0.0503 0.9539 0.2958
vn 0.6682 0.6039 0.4345
vn 0.3783 0.8761 0.2990
vn 0.0958 0.4981 0.8618
vn -0.4070 0.8836 0.2314
vn -0.0214 -0.7887 -0.6144
vn 0.1836 -0.1808 -0.9662
vn -0.9570 -0.2863 -0.0459
vn -0.5370 0.7931 0.2875
vn -0.2691 -0.0142 0.9630
vn -0.9986 -0.0492 -0.0194
vn 0.4068 0.0360 -0.9128
vn 0.4479 0.5758 -0.6840
vn -0.8720 0.2367 0.4285
vn 0.5044 -0.3084 -0.8066
vn 0.5940 0.0881 -0.7996
vn 0.0810 0.0372 0.9960
vn 0.4947 -0.5698 -0.6562
vn -0.0133 0.3984 0.9171
vn -0.6931 0.2874 0.6611
vn 0.8986 0.3603 0.2506
vn -0.4660 -0.6348 0.6164
vn -0.8711 -0.4911 -0.0036
vn 0.3069 0.6635 -0.6823
vn -0.0189 0.1841 0.9827
vn -0.3323 -0.6975 0.6348
vn -0.6011 0.1684 -0.7812
vn -0.0656 -0.6715 -0.7381
vn 0.3052 -0.2285 -0.9245
vn 0.5794 0.2984 -0.7584
vn -0.8260 0.0277 0.5630
vn -0.2957 0.0920 0.9509
vn 0.3310 -0.3074 0.8922
vn 0.9143 0.0400 -0.4030
vn 0.0384 0.9009 -0.4323
vn -0.8251 0.5260 0.2062
vn -0.7873 0.4861 0.3794
vn -0.5404 -0.6403 -0.5458
vn -0.8308 0.5159 -0.2089
vn -0.3937 0.7053 -0.5895
vn 0.3991 0.8027 0.4432
vn -0.5955 0.6911 0.4095
vn 0.3670 0.8821 0.2953
vn -0.3522 0.0530 0.9344
vn 0.0223 -0.3825 0.9237
vn -0.8091 0.4636 -0.3611
vn -0.0381 0.9603 0.2765
vn 0.4172 0.6149 -0.6692
vn 0.4333 0.2473 0.8666
vn 0.5633 -0.8015 0.2005
vn 0.5137 0.8303 0.2160
vn 0.3613 0.9316 -0.0410
vn -0.3882 0.1445 0.9102
vn 0.5565 0.8093 -0.1881
vn -0.3172 -0.9276 0.1973
vn -0.5734 -0.5565 -0.6012
vn -0.2899 0.9075 0.3041
vn 0.3155 0.1749 0.9327
vn -0.1546 0.0748 0.9851
vn -0.5437 -0.3251 -0.7738
vn 0.7967 -0.1712 0.5797
vn 0.6321 -0.4537 0.6281
vn 0.9750 -0.0634 0.2130
vn 0.9266 -0.0070 0.3759
vn -0.1739 -0.1393 -0.9749
vn 0.0098 0.1071 0.9942
vn 0.1233 -0.8918 0.4353
vn -0.0157 -0.1218 0.9924
vn -0.0898 -0.9879 -0.1263
vn -0.9556 -0.1844 -0.2299
vn -0.0082 -0.3714 0.9285
vn -0.6834 0.0090 -0.7300
vn 0.6322 -0.5143 0.5795
vn -0.7132 0.0048 0.7010
vn 0.5873 -0.7616 -0.2740
vn 0.0591 0.4105 0.9099
vn -0.9348 0.1958 0.2963
vn -0.7239 -0.4708 -0.5043
vn 0.9966 -0.0378 -0.0735
vn -0.3094 -0.8139 -0.4919
vn -0.6690 0.1941 0.7175
vn -0.0544 0.9246 0.3770
vn -0.4986 0.0332 -0.8662
vn -0.3054 -0.7744 -0.5541
vn -0.2890 -0.5059 -0.8127
vn -0.8167 0.3557 0.4544
vn 0.3054 0.1995 0.9311
vn 0.1542 -0.9822 0.1070
vn 0.7047 -0.3115 0.6374
vn 0.4361 0.3301 -0.8371
vn 0.3560 0.3020 -0.8843
vn -0.4491 -0.1848 0.8742
vn 0.3008 0.2982 0.9059
vn 0.3614 0.0458 0.9313
vn -0.9784 0.0664 -0.1957
vn -0.9435 0.2798 0.1776
vn -0.0959 -0.9410 -0.3246
vn 0.3969 0.8476 0.3522
vn -0.9977 -0.0616 0.0271
vn 0.1403 -0.9716 0.1908
vn 0.7388 0.2159 -0.6384
vn -0.5581 0.5712 -0.6019
vn 0.1293 -0.0896 -0.9876
vn -0.1926 0.0171 0.9811
vn 0.0563 -0.6295 -0.7749
vn 0.8089 0.4829 -0.3354
vn 0.8356 -0.1058 0.5390
vn -0.6497 -0.5784 0.4932
vn -0.1827 -0.9528 0.2425
vn -0.0556 -0.7772 -0.6268
vn 0.3785 -0.5549 -0.7409
vn -0.0824 0.3722 -0.9245
vn -0.2263 0.3434 0.9115
vn -0.9606 0.0591 0.2715
vn 0.0648 -0.3949 -0.9164
vn -0.8249 0.0897 0.5581
vn -0.4163 -0.1577 0.8954
vn 0.5007 -0.4633 -0.7313
vn -0.4231 -0.6597 -0.6212
vn 0.9180 -0.3825 0.1052
vn -0.9469 -0.0293 0.3201
vn -0.2915 0.7706 0.5667
vn 0.8078 0.0246 0.5890
vn -0.8813 0.2830 0.3784
vn -0.2542 -0.7491 -0.6117
vn -0.0148 0.2928 0.9561
vn 0.7732 -0.2797 0.5691
vn -0.9522 -0.1771 -0.2489
vn -0.9908 -0.1182 0.0657
vn 0.6576 -0.7370 0.1562
vn 0.4814 -0.6157 0.6239
vn 0.1761 0.9834 -0.0428
vn -0.6302 -0.1840 0.7544
vn -0.3588 -0.0149 0.9333
vn -0.4415 -0.8933 0.0847
vn 0.1597 -0.9676 -0.1955
vn -0.7082 0.2123 0.6734
vn 0.9134 0.3909 -0.1133
vn 0.1756 -0.9765 -0.1252
vn 0.0934 -0.8687 -0.4864
vn -0.7925 -0.4363 -0.4262
vn -0.0401 -0.9989 -0.0241
vn -0.7581 -0.0457 -0.6506
vn -0.9981 0.0588 0.0186
vn 0.3599 -0.9202 0.1542
vn 0.6099 -0.4761 -0.6335
vn 0.6493 -0.7284 -0.2187
vn 0.4085 -0.5572 -0.7229
vn 0.0651 -0.9963 -0.0553
vn 0.3596 -0.5838 -0.7279
vn -0.7433 -0.0804 -0.6641
vn -0.9646 0.2486 0.0880
vn -0.6542 0.5475 -0.5219
vn -0.2529 -0.0424 0.9666
vn 0.7207 0.5855 0.3712
vn -0.2027 0.1917 0.9603
vn 0.0913 0.9743 -0.2058
vn -0.9169 0.3133 0.2473
vn 0.1980 -0.7649 0.6130
vn 0.8468 -0.0862 0.5248
vn -0.0605 0.8830 0.4654
vn 0.2932 0.9558 0.0228
vn -0.1822 0.3600 0.9150
vn 0.3676 0.9273 -0.0700
vn -0.8362 -0.4579 -0.3017
vn -0.6234 -0.6893 -0.3690
vn 0.2089 0.6441 0.7359
vn -0.6537 -0.1979 0.7304
vn -0.1786 0.9034 -0.3899
vn 0.0856 -0.9855 -0.1468
vn 0.7707 -0.6280 -0.1080
vn -0.6205 -0.2337 -0.7485
vn -0.3216 0.5060 -0.8004
vn 0.4864 -0.3198 0.8131
vn 0.4376 0.5208 -0.7330
vn -0.5598 0.7709 0.3038
vn -0.5907 -0.2839 0.7553
vn 0.2094 0.5492 -0.8090
vn 0.6356 -0.6196 -0.4607
vn -0.6764 0.7307 -0.0920
vn 0.3404 0.3138 -0.8864
vn 0.4375 0.6983 -0.5666
vn -0.3259 -0.3246 -0.8879
vn -0.7097 -0.0824 -0.6997
vn 0.0253 0.9158 -0.4009
vn 0.7267 0.6646 0.1738
vn -0.1017 0.7029 0.7040
vn -0.3679 -0.1875 0.9108
vn -0.3312 -0.2345 0.9140
vn -0.0576 0.2797 0.9584
vn -0.0669 -0.1439 0.9873
vn -0.2814 0.2048 0.9375
vn -0.4948 -0.3686 0.7870
vn -0.5210 -0.8391 -0.1561
vn -0.6182 0.7733 -0.1408
vn -0.2143 0.9754 0.0525
vn -0.7076 0.6933 -0.1365
vn -0.4968 -0.7813 -0.3779
vn 0.0737 -0.2844 -0.9559
vn -0.3092 -0.3523 -0.8833
vn 0.6965 -0.6442 -0.3160
vn -0.7341 -0.3880 -0.5573
vn 0.8348 0.4842 0.2619
vn 0.8668 -0.1810 -0.4647
vn 0.6507 0.6758 -0.3463
vn -0.6003 -0.4956 -0.6277
vn 0.2375 0.3882 0.8904
vn 0.8272 0.3690 -0.4237
vn 0.0381 -0.1709 0.9845
vn 0.8836 -0.3829 0.2693
vn -0.6201 0.3875 -0.6822
vn -0.7887 -0.4713 -0.3948
vn 0.5593 0.0244 -0.8286
vn -0.4294 -0.9000 -0.0742
vn 0.3045 0.7940 0.5262
vn -0.8313 0.5136 -0.2127
vn 0.5701 0.8031 -0.1731
vn 0.0430 -0.1559 -0.9868
vn 0.2114 -0.0632 -0.9754
vn -0.2264 0.9668 0.1183
vn -0.2043 -0.8284 -0.5216
vn -0.1600 0.7285 0.6661
vn 0.3783 0.0225 0.9254
vn -0.3705 0.5738 0.7304
vn 0.1463 -0.3358 -0.9305
vn 0.0804 -0.5728 0.8157
vn -0.5303 0.8117 0.2448
vn 0.6015 -0.6586 -0.4520
vn 0.0361 -0.9593 0.2800
vn 0.0336 -0.8168 0.5760
vn 0.8974 0.2414 0.3693
vn 0.5524 -0.8168 0.1663
vn -0.3817 0.2999 0.8743
vn 0.0330 -0.5236 0.8513
vn 0.8002 0.4445 0.4026
vn 0.6162 0.2411 -0.7498
vn 0.3474 -0.4759 -0.8080
vn -0.6273 -0.0731 0.7753
vn 0.3634 0.3065 -0.8798
vn -0.8451 -0.2296 0.4828
vn -0.8512 0.5237 -0.0338
vn 0.4798 0.8110 0.3348
vn 0.7479 -0.3496 -0.5644
vn 0.4079 -0.2516 0.8777
vn 0.3375 0.8362 -0.4323
vn -0.4303 0.3697 0.8235
vn -0.7031 0.5177 0.4874
vn 0.2927 -0.5173 0.8041
vn -0.7851 0.5448 -0.2946
vn -0.4440 -0.8941 -0.0578
vn -0.6905 0.7114 -0.1309
vn -0.7703 0.0808 0.6326
vn 0.3700 -0.2132 0.9042
vn -0.3528 0.0535 -0.9342
vn 0.3882 -0.1728 0.9052
vn -0.6072 0.1978 -0.7695
vn 0.8757 0.4146 0.2475
vn -0.1020 0.2099 0.9724
vn -0.1685 -0.4258 -0.8890
vn 0.0944 -0.2471 0.9644
vn 0.9558 -0.2585 0.1403
vn -0.2634 0.1610 -0.9512
vn 0.4423 -0.6611 -0.6061
vn -0.8482 -0.1066 -0.5189
vn -0.3198 -0.3784 -0.8686
vn -0.3030 -0.4001 -0.8649
vn 0.4095 -0.8777 0.2488
vn -0.7902 -0.5790 0.2010
vn -0.9910 -0.0878 0.1012
vn 0.6659 0.7282 0.1622
vn 0.3942 0.3730 -0.8399
vn 0.0990 0.0816 -0.9917
vn 0.4852 -0.1206 0.8660
vn -0.1935 0.0773 -0.9781
vn 0.0495 -0.3339 0.9413
vn -0.3456 0.0014 0.9384
vn -0.9534 0.1013 0.2841
vn 0.9735 -0.1143 0.1980
vn 0.7274 -0.2014 0.6560
vn -0.7595 0.1617 0.6301
vn -0.4206 0.3272 0.8462
vn 0.1901 0.9655 -0.1779
vn -0.0473 -0.0684 0.9965
vn -0.3766 -0.4975 0.7814
vn -0.0166 0.7907 0.6120
vn -0.3473 -0.9377 0.0034
vn 0.8736 0.4483 0.1892
vn -0.2198 0.7250 0.6528
vn -0.7515 0.6470 0.1287
vn 0.9230 0.3690 -0.1089
vn -0.5935 0.2673 0.7592
vn 0.4617 0.1965 -0.8650
vn 0.8091 -0.0415 0.5862
vn 0.5521 -0.3209 -0.7696
vn -0.6515 -0.6608 -0.3727
vn 0.4730 -0.7698 0.4286
vn 0.0267 0.4351 0.9000
vn -0.9220 0.1627 0.3515
vn 0.5950 -0.2484 0.7643
vn 0.5619 0.7905 -0.2436
vn -0.2691 -0.4471 -0.8530
vn -0.2518 -0.1297 -0.9591
vn 0.4901 0.7262 -0.4821
vn -0.4511 -0.1717 -0.8758
vn 0.4396 0.7367 0.5138
vn 0.6618 0.5035 -0.5554
vn 0.0999 0.9814 -0.1638
vn 0.0910 -0.4828 -0.8710
vn -0.1012 0.4291 -0.8976
vn -0.4162 0.8865 -0.2022
vn 0.6631 -0.7238 0.1911
vn 0.7130 0.6077 0.3496
vn -0.7418 -0.6143 -0.2691
vn -0.8033 0.5488 -0.2315
vn -0.9535 0.2757 0.1219
vn -0.0489 0.2163 -0.9751
vn 0.7659 -0.1363 -0.6283
vn 0.1040 -0.3311 0.9378
vn 0.2000 -0.9787 -0.0452
vn 0.3643 -0.2031 0.9089
vn -0.5334 -0.1366 0.8347
vn 0.5444 -0.5697 -0.6157
vn 0.1573 -0.5819 0.7979
vn 0.7509 -0.1372 -0.6461
vn 0.0505 -0.1898 0.9805
vn -0.8075 -0.3190 -0.4961
vn 0.8105 -0.1255 -0.5721
vn 0.9757 0.0383 -0.2157
vn 0.7044 -0.7097 0.0116
vn -0.3123 -0.4021 -0.8607
vn -0.9962 0.0608 0.0627
vn -0.5789 0.4564 0.6757
vn 0.8207 0.0361 -0.5702
vn 0.4272 0.5682 -0.7033
vn 0.2762 0.7350 0.6192
vn -0.0369 0.5817 0.8126
vn 0.9792 0.1878 -0.0768
vn -0.4845 -0.0282 0.8744
vn 0.7766 0.6291 -0.0321
vn 0.6252 0.1038 0.7735
vn -0.7122 0.5781 -0.3983
vn -0.1796 -0.0295 -0.9833
vn 0.7723 0.6347 -0.0254
vn -0.0824 -0.5604 -0.8241
vn 0.6445 0.7606 -0.0783
vn -0.7073 0.3664 0.6045
vn -0.0864 0.0533 -0.9948
vn -0.2630 0.3595 -0.8953
vn 0.1963 0.1616 -0.9671
vn 0.1449 0.3604 -0.9215
vn -0.7579 -0.6499 0.0565
vn -0.3600 -0.1528 -0.9203
vn 0.0074 -0.6381 -0.7699
vn -0.0505 -0.8453 -0.5319
vn 0.5056 -0.8260 -0.2491
vn -0.3595 0.1161 -0.9259
vn -0.0141 -0.9735 -0.2280
vn -0.0293 0.8520 -0.5227
vn -0.4016 0.0906 0.9113
vn 0.1420 0.1702 0.9751
vn -0.9152 0.4016 0.0340
vn 0.5720 -0.7922 -0.2127
vn 0.2407 -0.9097 -0.3385
vn -0.6309 -0.7738 0.0560
vn -0.3686 0.1640 -0.9150
vn 0.3176 0.7832 0.5345
vn -0.6739 0.4787 -0.5627
vn -0.5929 0.2737 0.7573
vn -0.2352 0.7342 0.6369
vn 0.7899 0.5933 0.1553
vn -0.9411 0.2727 0.1998
vn 0.6880 0.7148 0.1253
vn -0.8094 0.3836 0.4446
vn 0.6343 -0.7682 0.0870
vn 0.4113 0.8423 -0.3484
vn 0.2347 0.1717 -0.9568
vn -0.3232 0.6202 -0.7147
vn -0.2336 -0.8797 -0.4141
vn -0.2527 0.6788 0.6895
vn -0.6468 -0.6665 -0.3708
vn 0.8516 -0.2280 -0.4720
vn -0.8533 0.0978 0.5122
vn 0.0355 -0.9347 -0.3537
vn -0.2092 -0.9735 0.0922
vn 0.8848 0.0761 0.4598
vn -0.7818 -0.5127 -0.3548
vn 0.8363 0.0575 0.5453
vn -0.3470 0.6191 -0.7044
vn 0.5453 -0.7785 0.3108
vn -0.0686 0.5948 -0.8009
vn -0.8521 0.2408 0.4648
vn 0.8691 -0.0754 0.4889
vn 0.4544 -0.7620 0.4614
vn -0.1299 0.9902 -0.0503
vn -0.9832 -0.1598 0.0885
vn 0.8700 -0.0525 -0.4903
vn 0.3660 -0.6311 0.6839
vn -0.6930 0.7079 -0.1364
vn 0.9036 -0.4188 0.0904
vn -0.5965 0.6928 -0.4053
vn -0.8227 0.5654 0.0593
vn -0.5081 0.5299 -0.6790
vn -0.8612 0.3021 0.4088
vn -0.2981 -0.7852 -0.5428
vn 0.5107 -0.0956 -0.8544
vn 0.9234 0.2693 0.2736
vn 0.7792 0.6188 -0.0999
vn -0.7446 -0.3901 -0.5416
vn 0.4724 0.1926 0.8601
vn -0.0719 -0.9423 -0.3269
vn 0.9763 0.0465 0.2114
vn 0.3866 -0.9212 -0.0446
vn 0.1151 -0.1510 -0.9818
vn -0.8410 0.4465 -0.3055
vn -0.3459 -0.4580 0.8189
vn -0.7782 -0.4892 0.3937
vn -0.7523 -0.1844 -0.6325
vn -0.9691 0.2283 0.0929
vn 0.1374 0.1017 0.9853
vn -0.0437 -0.6436 -0.7641
vn 0.8961 0.0246 -0.4432
vn 0.5825 -0.5108 -0.6323
vn 0.1850 -0.0793 -0.9795
vn 0.8496 0.1962 -0.4895
vn 0.1621 -0.2989 0.9404
vn -0.1826 0.3014 0.9359
vn 0.6471 0.6888 -0.3268
vn 0.0028 0.7890 0.6144
vn -0.1550 -0.0048 -0.9879
vn 0.5478 -0.0315 0.8360
vn -0.2287 0.2555 -0.9394
vn 0.2001 -0.0394 -0.9790
vn 0.6953 -0.6356 0.3355
vn -0.2719 -0.8106 -0.5187
vn -0.0407 0.8552 -0.5167
vn 0.4760 -0.1855 0.8596
vn 0.1532 0.3517 -0.9235
vn -0.1766 0.8191 -0.5458
vn -0.5133 0.2056 0.8332
vn -0.5495 0.8279 -0.1126
vn 0.1216 0.5278 0.8406
vn 0.8832 -0.1244 -0.4522
vn 0.5959 -0.6546 -0.4651
vn 0.1516 0.6003 0.7853
vn 0.3820 -0.9242 0.0051
vn 0.7836 -0.5509 -0.2873
vn -0.8595 0.0495 0.5087
vn -0.6514 -0.0958 0.7526
vn 0.5121 -0.8571 0.0557
vn 0.3006 -0.9020 0.3098
vn -0.8016 0.5888 -0.1038
vn -0.5196 -0.8543 0.0134
vn 0.1567 -0.1570 -0.9751
vn -0.3153 0.1132 -0.9422
vn 0.3822 0.7079 0.5939
vn -0.3885 -0.3181 0.8648
vn -0.9821 -0.1786 0.0606
vn -0.7355 -0.4363 0.5184
vn -0.8372 0.3234 0.4411
vn 0.3500 0.8294 -0.4355
vn 0.5390 -0.4308 -0.7238
vn -0.8781 -0.2229 -0.4234
vn 0.9189 0.2334 -0.3179
vn 0.4253 0.8836 -0.1957
vn 0.0473 0.6068 0.7935
vn 0.9426 0.0935 0.3205
vn 0.7919 0.3792 0.4787
vn -0.4890 0.7940 -0.3610
vn -0.4375 0.6953 0.5702
vn 0.1834 -0.0275 -0.9826
vn -0.5707 0.7108 -0.4112
vn 0.6578 -0.7256 0.2021
vn 0.1067 -0.4884 0.8661
vn 0.2838 0.2490 -0.9260
vn 0.0127 -0.3380 0.9411
vn -0.1454 -0.3030 -0.9418
vn 0.3120 0.0950 -0.9453
vn -0.8351 0.5498 -0.0175
vn 0.5876 0.8062 -0.0681
vn -0.5063 -0.7947 -0.3348
vn 0.8758 0.4824 -0.0137
vn -0.6800 -0.2600 0.6856
vn -0.9385 0.0640 0.3393
vn -0.3319 -0.6738 0.6602
vn 0.4430 0.1371 0.8860
vn -0.1021 -0.3599 0.9274
vn 0.2167 -0.6070 0.7646
vn -0.1137 0.2242 -0.9679
vn 0.2496 0.4726 0.8452
vn 0.5657 -0.3920 -0.7255
vn 0.4569 -0.5519 0.6976
vn 0.3655 -0.6354 0.6801
vn 0.7339 -0.1141 0.6696
vn -0.2112 0.1459 -0.9665
vn -0.8386 0.0984 0.5358
vn 0.7868 0.5349 -0.3081
vn -0.3017 0.3719 0.8779
vn -0.3536 0.6729 0.6497
vn -0.0535 0.0721 0.9960
vn -0.9686 -0.0369 0.2459
vn -0.3940 0.1379 -0.9087
vn -0.5770 -0.0593 0.8146
vn -0.0222 0.8024 0.5964
vn -0.7720 -0.5646 -0.2920
vn -0.7203 0.6092 0.3317
vn -0.9536 0.2511 0.1660
vn 0.5417 0.7653 -0.3477
vn 0.0009 -0.9066 -0.4221
vn 0.9764 -0.0476 -0.2106
vn 0.2876 -0.0255 -0.9574
vn -0.2100 -0.5528 0.8065
vn 0.1750 -0.8645 -0.4713
vn 0.6568 0.0811 -0.7497
vn -0.0815 -0.5578 -0.8260
vn 0.3799 -0.0581 0.9232
vn 0.4815 -0.4352 -0.7607
vn -0.9575 -0.1539 0.2440
vn -0.7234 -0.1290 -0.6783
vn -0.8592 -0.4860 -0.1598
vn -0.8949 0.3172 0.3140
vn -0.7865 0.4616 0.4103
vn -0.1814 -0.9654 0.1874
vn -0.3377 -0.4018 -0.8512
vn 0.3031 -0.3298 -0.8941
vn -0.6216 -0.4179 0.6625
vn -0.9239 0.1319 0.3593
vn -0.1434 0.2385 -0.9605
vn -0.2364 -0.5840 -0.7766
vn 0.3390 0.8359 -0.4316
vn -0.4849 0.0706 0.8717
vn -0.8379 -0.3100 0.4492
vn -0.3609 -0.0093 -0.9326
vn -0.9939 0.0092 -0.1100
vn 0.5845 -0.5459 -0.6003
vn -0.9005 -0.3179 0.2967
vn -0.8495 -0.5267 -0.0303
vn -0.2946 -0.5283 0.7963
vn -0.1680 0.2440 -0.9551
vn -0.0502 -0.5909 -0.8052
vn -0.3170 -0.1134 -0.9416
vn 0.8355 0.1881 0.5164
vn -0.7413 -0.1193 -0.6605
vn -0.4684 -0.2463 -0.8485
vn -0.3490 0.3071 0.8853
vn 0.3807 -0.8976 -0.2225
vn -0.2566 -0.9614 -0.0993
vn 0.7017 0.4055 -0.5858
vn -0.4435 0.1410 -0.8851
vn 0.0991 -0.5537 -0.8268
vn -0.3009 0.7734 0.5579
vn -0.3037 -0.3598 -0.8822
vn 0.7773 -0.4693 0.4189
vn -0.8187 -0.3286 -0.4709
vn -0.4882 0.7149 0.5006
vn -0.7124 0.2983 0.6352
vn 0.1523 0.8116 -0.5640
vn -0.4976 0.8262 -0.2643
vn -0.2246 0.0744 0.9716
vn -0.8421 0.1981 -0.5016
vn 0.7677 0.1694 0.6180
vn 0.0801 0.9776 -0.1944
vn -0.9646 0.1781 -0.1946
vn 0.5816 0.2464 0.7753
vn 0.3830 -0.1807 -0.9059
vn -0.7490 0.6079 -0.2634
vn 0.6921 0.1911 0.6960
vn 0.7246 0.5861 -0.3625
vn -0.7584 0.6333 0.1543
vn 0.7542 0.1479 0.6397
vn -0.1913 -0.1015 0.9763
vn -0.8072 0.4085 0.4261
vn 0.0941 0.0149 0.9954
vn 0.5045 -0.2736 0.8189
vn 0.2399 -0.7186 -0.6527
vn 0.5719 -0.3780 -0.7280
vn 0.1815 -0.9453 -0.2711
vn -0.7621 -0.0241 -0.6470
vn -0.9476 -0.2652 -0.1783
vn 0.2271 -0.9687 -0.0999
vn 0.3542 0.6187 0.7013
vn -0.3140 0.3808 -0.8697
vn 0.4246 0.3053 -0.8523
vn -0.4178 -0.3826 0.8240
vn -0.9157 0.3979 -0.0559
vn -0.8014 0.5977 -0.0213
vn -0.8472 0.1692 0.5035
vn -0.0110 -0.1333 -0.9910
vn -0.4185 0.0207 -0.9080
vn -0.6614 0.6679 -0.3412
vn -0.8003 0.5230 -0.2933
vn -0.6377 0.7441 0.1993
vn -0.6168 -0.7472 -0.2475
vn 0.1778 0.9687 0.1730
vn -0.1817 0.9012 0.3936
vn -0.7687 -0.4956 0.4043
vn 0.8983 0.1865 0.3979
vn -0.2901 -0.2767 -0.9161
vn 0.6411 0.3237 -0.6958
vn -0.9250 -0.2159 -0.3128
vn 0.4014 -0.7820 -0.4768
vn 0.1142 -0.9412 -0.3181
vn 0.2933 -0.2586 -0.9204
vn -0.9811 -0.1934 0.0049
vn -0.2023 0.7073 0.6773
vn -0.3423 0.9079 -0.2419
vn 0.6842 -0.1857 -0.7053
vn -0.3022 -0.0918 0.9488
vn -0.8765 0.3702 -0.3077
vn -0.3922 0.8513 0.3485
vn -0.0675 0.8097 -0.5830
vn -0.5352 -0.5620 -0.6306
vn -0.7651 -0.2778 -0.5809
vn -0.5399 -0.5523 -0.6352
vn 0.6907 0.5877 0.4214
vn 0.4310 0.8734 0.2269
vn 0.5516 -0.0170 0.8339
vn 0.7743 0.5475 -0.3173
vn 0.6833 0.7043 -0.1925
vn -0.2350 0.9688 0.0785
vn -0.5322 -0.2591 -0.8060
vn -0.1324 0.9190 0.3713
vn 0.7993 0.5559 0.2284
vn 0.4489 -0.8765 -0.1738
vn -0.8792 -0.0985 0.4661
vn -0.9585 0.0430 0.2820
vn -0.2877 0.8535 -0.4346
vn 0.5503 -0.6542 -0.5189
vn -0.4695 -0.8590 0.2042
vn -0.8914 0.4463 0.0785
vn -0.2334 0.3686 -0.8998
vn 0.1488 -0.5097 -0.8474
vn 0.2456 -0.9266 -0.2847
vn -0.3301 -0.2026 0.9219
vn -0.5113 -0.8200 -0.2572
vn -0.8685 -0.4957 0.0056
vn 0.1316 -0.9848 -0.1137
vn -0.2862 -0.8736 -0.3935
vn 0.7551 0.1910 -0.6272
vn 0.4018 -0.8652 -0.2998
vn 0.9540 0.1931 0.2292
vn -0.3655 -0.9231 0.1190
vn 0.9613 -0.0273 0.2740
vn 0.3126 -0.5641 0.7643
vn -0.5565 -0.6084 -0.5657
vn -0.9600 -0.2739 -0.0586
vn 0.1002 0.9766 -0.1905
vn 0.7894 0.5563 -0.2597
vn -0.6220 0.6226 -0.4748
vn -0.5234 -0.1180 -0.8439
vn 0.7598 0.6268 -0.1725
vn -0.9879 0.1174 -0.1013
vn -0.2695 -0.1925 -0.9436
vn 0.0964 -0.8011 -0.5907
vn 0.5098 0.5716 0.6429
vn 0.5903 0.7863 0.1826
vn 0.7446 0.3548 0.5654
vn 0.3376 0.4435 -0.8303
vn -0.9413 0.2120 0.2628
vn -0.4414 0.5456 0.7123
vn -0.1358 0.8894 -0.4365
vn -0.1100 0.1658 -0.9800
vn -0.2558 0.5520 -0.7936
vn 0.0600 0.4975 0.8654
vn -0.0851 -0.7303 -0.6778
vn -0.3532 -0.4131 -0.8394
vn -0.8043 -0.3620 0.4713
vn 0.4812 0.1933 -0.8550
vn 0.4832 -0.2380 -0.8425
vn 0.2250 -0.6661 -0.7112
vn -0.9332 -0.1212 -0.3383
vn -0.1057 0.9084 0.4044
vn 0.9362 -0.3475 0.0534
vn 0.4433 -0.5238 0.7274
vn 0.3638 -0.2073 0.9081
vn -0.5587 -0.8288 -0.0309
vn 0.8825 -0.3752 -0.2835
vn 0.6373 -0.7580 -0.1386
vn -0.2622 -0.3277 -0.9077
vn 0.5306 0.4444 0.7218
vn -0.9736 -0.1127 -0.1984
vn -0.9513 0.1360 -0.2767
vn -0.6648 -0.1436 0.7331
vn -0.7162 -0.6910 0.0979
vn 0.8558 -0.4854 0.1786
vn -0.8361 0.1716 -0.5210
vn 0.8187 0.0389 0.5729
vn 0.4766 0.4477 0.7566
vn 0.0235 0.6883 0.7251
vn -0.4622 -0.5225 -0.7165
vn -0.6122 0.6179 0.4934
vn -0.3546 0.6312 0.6898
vn 0.3652 -0.2468 -0.8976
vn -0.8995 -0.0001 0.4370
vn 0.5453 -0.6757 0.4961
vn 0.7223 0.6854 -0.0921
vn 0.5233 0.8313 0.1877
vn -0.2890 0.2699 0.9185
vn -0.7764 0.5862 0.2313
vn 0.8372 0.5470 -0.0011
vn 0.0943 0.8850 -0.4560
vn -0.3853 0.1038 -0.9169
vn 0.8967 0.2480 0.3666
vn 0.5407 0.6470 -0.5377
vn 0.8511 -0.2595 -0.4564
vn 0.1364 0.5380 0.8318
vn 0.8811 -0.2898 -0.3737
vn -0.9968 -0.0626 -0.0490
vn -0.5793 -0.6057 -0.5454
vn -0.1067 -0.4211 0.9007
vn -0.5671 0.7847 -0.2502
vn -0.1425 -0.9292 -0.3409
vn 0.6915 -0.7186 -0.0736
vn -0.7032 0.7102 -0.0320
vn 0.6585 0.2806 0.6983
vn -0.9468 0.2664 -0.1804
vn 0.8128 0.1730 0.5562
vn 0.4883 -0.2062 0.8479
vn 0.6367 0.6106 0.4709
vn -0.3234 -0.8423 -0.4312
vn -0.0309 0.9789 0.2018
vn -0.5449 0.6241 0.5600
vn 0.6123 -0.1831 0.7691
vn 0.8782 0.3623 0.3121
vn -0.7514 0.6091 -0.2538
vn 0.4067 0.7926 0.4543
vn 0.1169 0.9112 0.3950
vn -0.4494 -0.8913 -0.0596
vn -0.2282 -0.6880 0.6889
vn 0.8419 -0.0996 -0.5304
vn 0.0630 0.3370 -0.9394
vn 0.6517 0.6200 -0.4369
vn 0.3189 0.8335 0.4512
vn -0.6302 -0.6260 0.4594
vn -0.0590 -0.0066 -0.9982
vn 0.0399 -0.2107 0.9767
vn 0.2122 -0.9460 0.2449
vn 0.7105 -0.6459 -0.2793
vn 0.9467 0.3103 0.0866
vn -0.0580 -0.6379 -0.7679
vn -0.6889 -0.2063 -0.6949
vn -0.5565 -0.3644 -0.7466
vn 0.4015 0.2577 0.8788
vn 0.6021 -0.7915 -0.1047
vn 0.1518 0.8309 0.5353
vn 0.9030 -0.2178 -0.3703
vn -0.6920 -0.5637 -0.4509
vn 0.6528 -0.3847 0.6526
vn -0.8699 -0.1603 -0.4664
vn -0.2193 -0.4576 0.8617
vn 0.4133 -0.8632 -0.2899
vn 0.2590 -0.9600 0.1061
vn -0.1855 -0.8554 -0.4835
vn 0.1805 -0.9828 -0.0398
vn -0.9013 -0.3900 0.1884
vn 0.1492 0.4351 0.8879
vn -0.8893 0.1552 0.4302
vn 0.8967 -0.0357 0.4413
vn 0.0283 0.1626 0.9863
vn 0.0770 0.4351 0.8971
vn -0.5703 -0.1002 -0.8153
vn -0.6922 0.7087 0.1365
vn -0.7961 0.6029 -0.0526
vn -0.6443 0.7624 -0.0596
vn -0.7728 -0.6346 0.0128
vn -0.6005 0.5012 0.6231
vn 0.4057 0.2326 -0.8839
vn -0.5927 0.8053 -0.0137
vn 0.2028 -0.2914 0.9349
vn -0.0560 -0.1218 -0.9910
vn 0.3005 -0.3028 -0.9044
vn -0.0790 -0.9869 0.1407
vn 0.7501 0.1032 -0.6532
vn -0.0684 -0.1224 0.9901
vn -0.0467 0.4710 -0.8809
vn -0.1196 -0.0926 -0.9885
vn 0.0983 -0.0870 -0.9913
vn -0.2044 -0.1271 -0.9706
vn -0.0953 -0.0705 -0.9930
vn 0.4504 -0.3341 0.8280
vn -0.9195 0.3293 0.2147
vn 0.1276 0.0224 -0.9916
vn -0.0788 0.0281 -0.9965
vn -0.5902 -0.7816 -0.2019
vn 0.7426 -0.2276 0.6299
vn 0.9395 0.3427 0.0023
vn -0.0449 0.2554 -0.9658
vn 0.9483 0.0879 0.3049
vn 0.7156 -0.3567 -0.6006
vn 0.9833 -0.1818 0.0053
vn 0.1692 0.8090 0.5629
vn -0.0088 -0.4161 0.9093
vn -0.3076 0.3703 0.8765
vn 0.2596 -0.9168 -0.3034
vn -0.3755 -0.4477 0.8115
vn 0.3773 -0.8527 -0.3613
vn -0.4158 -0.9053 -0.0863
vn 0.8322 -0.3816 0.4023
vn 0.0248 0.8210 0.5704
vn -0.9741 0.2116 -0.0793
vn 0.1905 -0.9404 0.2818
vn -0.0693 0.9783 0.1954
vn 0.3776 0.7823 -0.4954
vn -0.4267 -0.2562 0.8673
vn 0.1844 0.7282 -0.6600
vn -0.7417 0.6706 -0.0169
vn 0.6531 -0.0640 -0.7546
vn -0.6281 0.5045 0.5924
vn -0.7588 0.3293 -0.5620
vn 0.6531 0.4274 -0.6251
vn -0.3483 -0.6397 0.6852
vn 0.5725 0.1304 0.8095
vn -0.6288 0.0226 -0.7772
vn -0.0353 -0.0659 -0.9972
vn -0.4375 0.5320 0.7249
vn 0.8628 -0.4910 0.1201
vn 0.7629 -0.1454 -0.6300
vn -0.0026 0.0083 -1.0000
vn -0.4499 0.1025 -0.8872
vn 0.0896 -0.0132 -0.9959
vn 0.4088 0.2573 -0.8756
vn 0.1316 0.2825 -0.9502
vn -0.0630 0.0575 -0.9964
vn 0.2418 0.0725 -0.9676
vn 0.3651 -0.3376 0.8676
vn 0.4701 0.4489 -0.7600
vn -0.5501 0.0134 0.8350
vn 0.7403 -0.6548 0.1526
vn -0.1864 -0.0994 -0.9774
vn -0.3665 -0.1645 -0.9158
vn 0.6289 -0.7522 0.1968
vn 0.5888 0.1322 0.7974
vn -0.2721 0.9524 -0.1377
vn -0.7408 -0.6384 -0.2090
vn -0.7450 -0.6027 -0.2859
vn 0.0709 -0.9948 0.0724
vn 0.0612 -0.9977 -0.0289
vn 0.6933 -0.6676 -0.2712
vn 0.3852 -0.2601 0.8854
vn 0.3234 -0.3633 -0.8737
vn -0.9958 -0.0763 -0.0498
vn -0.3007 -0.9533 -0.0275
vn -0.0991 -0.4946 0.8634
vn 0.4263 0.7860 0.4477
vn 0.3012 0.3773 0.8757
vn -0.5676 0.7613 0.3133
vn 0.4565 -0.3578 -0.8146
vn -0.9896 -0.1439 -0.0078
vn -0.0904 -0.3899 0.9164
vn -0.5289 0.8461 0.0666
vn -0.1829 -0.3684 -0.9115
vn -0.7833 0.0077 0.6217
vn -0.2427 0.6898 0.6822
vn -0.2179 -0.9579 -0.1872
vn 0.4910 -0.8408 0.2281
vn 0.6072 -0.5720 -0.5514
vn -0.3049 -0.0062 -0.9524
vn 0.8956 -0.1415 -0.4217
vn 0.4002 0.9129 -0.0809
vn -0.6164 -0.4029 -0.6766
vn -0.7083 0.7010 0.0827
vn 0.8449 -0.4089 -0.3449
vn 0.9251 0.0485 0.3766
vn -0.0398 0.3374 -0.9405
vn 0.5098 0.1052 -0.8538
vn -0.5446 0.0859 -0.8343
vn -0.3232 -0.4491 0.8330
vn -0.3540 -0.2950 0.8875
vn -0.1078 -0.4992 0.8597
vn 0.4070 0.1634 -0.8987
vn 0.0259 -0.4352 0.9000
vn 0.5660 -0.5005 -0.6551
vn 0.4032 0.7889 0.4638
vn -0.2430 0.0827 -0.9665
vn 0.5751 0.5667 0.5900
vn 0.9294 -0.1171 0.3499
vn 0.5030 0.0494 0.8629
vn 0.1078 0.9489 0.2967
vn 0.1297 0.3137 -0.9406
vn 0.7887 -0.6032 0.1185
vn -0.2475 0.1029 -0.9634
vn -0.0785 0.1985 -0.9770
vn -0.1613 0.8957 -0.4143
vn 0.4740 -0.2405 0.8470
vn -0.3833 0.5123 -0.7685
vn 0.2445 -0.4583 -0.8545
vn 0.6287 -0.4706 -0.6191
vn 0.9944 0.0486 0.0943
vn -0.8292 -0.1673 -0.5334
vn 0.1827 0.1437 0.9726
vn 0.1589 -0.1568 -0.9748
vn -0.8122 -0.4164 -0.4085
vn 0.3112 0.0739 -0.9475
vn 0.6712 0.7023 -0.2372
vn 0.5755 -0.2062 -0.7914
vn 0.8425 -0.5031 -0.1926
vn -0.2968 -0.8902 -0.3456
vn 0.0328 -0.0116 0.9994
vn -0.9885 -0.1494 0.0248
vn -0.3540 0.6280 0.6931
vn 0.5693 -0.4868 -0.6625
vn -0.0447 0.4428 0.8955
vn 0.8209 -0.5008 -0.2746
vn -0.8537 0.2981 0.4270
vn -0.3423 -0.2742 0.8987
vn -0.5107 -0.1466 0.8472
vn -0.6819 -0.7226 -0.1136
vn 0.0732 -0.0905 0.9932
vn 0.1526 0.9450 -0.2893
vn -0.3886 -0.5203 -0.7604
vn 0.5501 0.7462 -0.3750
vn 0.6279 -0.4799 -0.6128
vn 0.6539 0.7360 0.1754
vn 0.7749 -0.5551 -0.3024
vn 0.0879 0.9764 -0.1973
vn -0.5646 0.2164 0.7965
vn 0.2224 0.9181 -0.3281
vn -0.6808 0.6887 -0.2493
vn 0.7660 -0.0583 0.6402
vn 0.8290 0.4902 0.2691
vn -0.8879 0.0539 -0.4569
vn 0.7507 -0.1287 -0.6480
vn 0.9005 0.2324 0.3675
vn -0.4915 -0.2074 0.8458
vn 0.7121 -0.6709 -0.2070
vn 0.3953 -0.1428 0.9074
vn 0.0133 0.3791 -0.9253
vn -0.3097 0.2722 0.9111
vn -0.9985 -0.0531 0.0116
vn 0.0196 -0.4272 -0.9039
vn 0.5499 -0.5156 -0.6570
vn -0.2718 -0.3317 0.9034
vn 0.0627 0.5909 0.8043
vn -0.5323 0.7174 -0.4494
vn -0.5094 -0.1946 0.8382
vn -0.5827 0.4671 0.6650
vn -0.8783 -0.2899 -0.3801
vn 0.5352 -0.0558 -0.8429
vn -0.1528 0.7223 0.6745
vn -0.4740 -0.1580 -0.8663
vn 0.9668 0.2416 0.0834
vn 0.1984 0.3129 -0.9288
vn 0.2090 0.3117 -0.9269
vn -0.1985 0.9762 0.0869
vn -0.0819 0.9116 0.4027
vn 0.3319 0.1713 -0.9276
vn 0.6772 -0.7242 -0.1302
vn -0.9094 -0.2209 -0.3523
vn 0.6191 0.5308 0.5787
vn -0.2495 -0.9634 -0.0981
vn -0.0372 -0.9253 -0.3774
vn -0.6966 -0.7151 -0.0575
vn 0.7941 -0.2491 0.5544
vn 0.4397 0.8880 0.1348
vn -0.4430 0.2461 0.8621
vn 0.2401 -0.0106 0.9707
vn -0.1675 0.9850 0.0414
vn 0.7471 0.4708 -0.4693
vn 0.0228 0.9973 0.0691
vn -0.8595 -0.5100 -0.0334
vn 0.4461 0.8844 -0.1376
vn -0.6002 -0.7772 0.1888
vn 0.1805 0.9670 -0.1800
vn -0.6944 0.6527 -0.3030
vn 0.0927 -0.9927 0.0770
vn -0.7372 -0.2958 -0.6075
vn 0.6096 0.2931 -0.7366
vn -0.8245 0.4711 0.3134
vn 0.1006 -0.1141 0.9884
vn 0.6251 0.3254 -0.7095
vn -0.7987 0.3109 0.5151
vn -0.0614 0.2758 -0.9593
vn 0.8661 0.4272 0.2595
vn -0.3322 0.8514 0.4058
vn 0.0734 -0.3767 -0.9234
vn 0.6493 0.2016 -0.7333
vn -0.9681 -0.1634 0.1899
vn -0.4682 0.3624 -0.8059
vn -0.6941 -0.3945 -0.6022
vn -0.3674 -0.2992 -0.8806
vn -0.0814 0.8624 -0.4997
vn 0.3698 -0.2120 -0.9046
vn 0.3682 -0.3232 -0.8718
vn -0.3003 -0.0450 -0.9528
vn 0.8292 0.4221 0.3664
vn -0.7270 0.6843 0.0567
vn -0.3332 0.3550 -0.8735
vn -0.0096 0.3655 -0.9308
vn -0.0254 0.4459 -0.8947
vn 0.3782 -0.2763 -0.8835
vn -0.0731 -0.0446 -0.9963
vn -0.2966 -0.1417 -0.9444
vn 0.1770 -0.3326 -0.9263
vn -0.2697 -0.1777 -0.9464
vn -0.0694 0.9228 0.3789
vn 0.1929 -0.5644 0.8027
vn 0.3774 0.3496 0.8575
vn -0.5510 -0.5272 -0.6468
vn 0.3961 0.4539 -0.7982
vn 0.6979 -0.7162 -0.0030
vn -0.8104 -0.5809 0.0759
vn 0.6804 -0.6350 0.3660
vn 0.9345 -0.2927 -0.2024
vn -0.6319 0.5162 -0.5781
vn -0.4728 0.2895 0.8322
vn 0.1295 0.0460 0.9905
vn -0.5845 0.3115 0.7492
vn 0.1599 0.9820 0.1007
vn 0.6893 -0.4556 0.5632
vn 0.8851 0.3013 0.3546
vn 0.1895 -0.3201 0.9282
vn 0.6211 0.7836 -0.0106
vn -0.6747 0.7360 -0.0561
vn 0.4511 -0.2474 -0.8575
vn -0.8799 0.3214 0.3501
vn -0.3022 -0.9333 -0.1940
vn 0.2743 0.8396 0.4689
vn 0.8329 -0.1011 0.5440
vn 0.0254 -0.4270 -0.9039
vn 0.6579 -0.1626 -0.7353
vn 0.0238 0.5102 -0.8597
vn -0.3510 0.9167 0.1909
vn -0.8092 -0.2654 -0.5241
vn 0.7189 -0.2566 -0.6460
vn -0.1043 -0.0950 -0.9900
vn -0.5448 -0.5953 -0.5906
vn 0.0847 0.6870 0.7217
vn -0.3626 -0.2521 -0.8972
vn 0.0692 -0.2571 -0.9639
vn -0.6602 -0.2987 0.6891
vn 0.4640 -0.3605 -0.8092
vn -0.5628 -0.4317 0.7049
vn -0.7824 0.4855 -0.3899
vn -0.3399 -0.8383 -0.4262
vn 0.5659 0.2267 0.7927
vn -0.1109 0.5298 0.8408
vn -0.4919 0.2062 -0.8459
vn -0.0922 -0.9559 0.2788
vn -0.5549 0.3188 0.7684
vn -0.3135 0.3434 -0.8853
vn 0.8950 0.3119 -0.3188
vn -0.4045 -0.9110 -0.0802
vn 0.2376 -0.1235 -0.9635
vn -0.2367 0.7160 0.6567
vn 0.8399 -0.1512 0.5212
vn -0.2981 -0.0190 0.9544
vn -0.0913 -0.9888 -0.1177
vn 0.2108 -0.9757 -0.0600
vn 0.5669 -0.8231 -0.0340
vn 0.1860 -0.9730 -0.1369
vn -0.1761 0.9641 0.1986
vn 0.6413 -0.2267 -0.7331
vn -0.6387 -0.7171 0.2790
vn 0.6226 0.3467 0.7016
vn -0.7770 -0.3031 0.5517
vn 0.1412 -0.0961 0.9853
vn -0.2361 -0.4625 -0.8546
vn 0.6006 0.6975 -0.3909
vn -0.1692 0.9664 0.1934
vn 0.1276 0.8091 0.5736
vn 0.3071 0.8962 0.3201
vn 0.2768 0.7542 -0.5955
vn 0.5184 -0.3073 -0.7980
vn -0.7510 0.6598 0.0257
vn -0.1103 0.8385 -0.5336
vn 0.9076 0.3874 -0.1619
vn 0.6400 0.7471 -0.1798
vn 0.5148 0.3649 -0.7758
vn -0.0807 0.9886 -0.1268
vn -0.5871 0.6303 0.5081
vn -0.0165 -0.9984 0.0547
vn -0.7743 -0.0492 0.6309
vn 0.6473 -0.2684 0.7134
vn -0.0328 0.9949 -0.0950
vn 0.9400 0.1462 0.3083
vn 0.0933 0.8135 -0.5740
vn 0.2901 -0.6248 0.7249
vn -0.0950 0.7931 -0.6017
vn 0.8813 0.0695 0.4675
vn 0.0973 -0.3639 -0.9263
vn -0.0809 -0.3454 0.9349
vn -0.2180 -0.3876 0.8957
vn 0.6171 -0.1202 -0.7776
vn 0.0606 0.6179 0.7839
vn -0.6506 -0.7115 -0.2655
vn 0.1108 0.7631 -0.6367
vn -0.6043 -0.4078 -0.6845
vn 0.3712 -0.0969 -0.9235
vn -0.7907 0.4114 0.4534
vn -0.3098 -0.0146 -0.9507
vn -0.2112 0.7070 0.6749
vn -0.0293 0.0413 0.9987
vn 0.2596 -0.5050 -0.8232
vn -0.7695 -0.0753 -0.6342
vn -0.2809 -0.4963 0.8214
vn 0.9189 -0.2429 0.3109
vn -0.3055 0.2998 0.9038
vn 0.0780 0.2495 -0.9652
vn -0.5962 -0.4923 -0.6342
vn -0.3023 -0.4876 -0.8191
vn 0.1289 -0.0172 -0.9915
vn -0.7608 0.0809 0.6440
vn 0.1194 0.9127 0.3907
vn -0.7591 -0.4178 -0.4992
vn -0.5537 0.5102 0.6581
vn -0.8008 -0.3304 -0.4996
vn 0.4697 -0.8796 -0.0757
vn -0.2718 -0.9606 0.0577
vn 0.5358 0.6352 0.5563
vn 0.9305 -0.3086 -0.1970
vn -0.8946 0.2089 -0.3949
vn -0.8448 -0.1861 0.5017
vn 0.8851 0.4106 -0.2192
vn 0.3313 0.8245 0.4587
vn 0.6282 -0.3043 -0.7161
vn -0.7393 -0.6403 -0.2087
vn 0.0097 -0.0017 1.0000
vn 0.2774 0.9602 0.0328
vn -0.7753 0.2616 -0.5749
vn 0.1761 0.6574 -0.7327
vn -0.7790 0.4896 0.3918
vn -0.7262 0.6684 -0.1606
vn 0.4799 -0.8508 0.2141
vn -0.5908 -0.5322 -0.6064
vn -0.0323 0.9039 -0.4264
vn -0.0227 -0.2070 -0.9781
vn -0.3609 -0.2869 -0.8874
vn 0.5888 -0.3088 -0.7469
vn -0.2759 -0.3506 -0.8950
vn 0.5458 -0.1597 0.8226
vn 0.9752 0.1029 0.1961
vn -0.8139 0.5672 -0.1258
vn 0.9189 -0.2185 0.3285
vn -0.4021 0.7337 0.5477
vn -0.7133 0.1420 -0.6863
vn 0.0038 -0.0139 0.9999
vn -0.8777 -0.1874 -0.4409
vn 0.4624 -0.4852 -0.7422
vn 0.7149 -0.0847 0.6940
vn -0.1965 -0.9320 0.3046
vn -0.7178 -0.6174 -0.3219
vn 0.8951 -0.3318 -0.2979
vn -0.0513 -0.5098 0.8587
vn 0.1715 -0.3170 -0.9328
vn -0.4507 0.8901 0.0681
vn 0.8070 0.0733 -0.5860
vn 0.1789 0.1046 -0.9783
vn -0.6613 0.0084 0.7501
vn 0.2237 -0.9396 -0.2590
vn 0.1570 0.3318 -0.9302
vn -0.3082 -0.0482 0.9501
vn 0.0859 -0.1230 -0.9887
vn -0.3806 -0.3044 -0.8732
vn 0.9651 -0.2616 -0.0149
vn 0.6777 0.2727 -0.6828
vn -0.0767 -0.4720 -0.8783
vn 0.9570 0.0222 -0.2893
vn -0.9701 0.1940 0.1457
vn -0.5576 0.1436 0.8176
vn 0.7984 -0.5507 -0.2434
vn -0.2467 0.0268 0.9687
vn -0.1998 0.9771 -0.0729
vn -0.1030 0.9719 0.2115
vn 0.4604 -0.7651 0.4501
vn 0.6994 0.7146 0.0136
vn 0.4689 0.8714 0.1445
vn -0.7388 -0.6722 0.0490
vn -0.2864 0.9488 -0.1333
vn 0.5573 -0.2014 0.8055
vn -0.9910 -0.1186 0.0615
vn 0.5424 0.0440 0.8390
vn 0.9283 0.0069 0.3717
vn -0.3843 0.8902 -0.2446
vn 0.4007 0.0419 0.9152
vn -0.8357 0.2227 -0.5019
vn 0.0177 -0.3464 -0.9379
vn -0.0179 0.4636 -0.8859
vn 0.7608 0.2841 -0.5835
vn -0.1699 0.9103 -0.3774
vn -0.7564 0.5521 -0.3507
vn -0.3737 -0.6868 -0.6235
vn 0.7532 0.5472 -0.3650
vn 0.6504 -0.7487 -0.1281
vn 0.8593 -0.5096 0.0444
vn 0.6787 0.0070 0.7344
vn -0.1769 0.5035 0.8457
vn -0.2461 0.7228 0.6458
vn 0.1724 -0.6902 -0.7028
vn 0.5973 -0.5739 -0.5603
vn -0.4149 0.4715 -0.7782
vn -0.6547 -0.1073 -0.7483
vn -0.3935 0.8064 0.4414
vn 0.0260 0.7385 -0.6737
vn -0.1080 0.9195 0.3779
vn 0.3965 0.9088 -0.1299
vn -0.9103 0.4112 0.0472
vn 0.4544 0.2839 -0.8444
vn -0.1078 0.9719 -0.2091
vn -0.7027 -0.6156 0.3566
vn 0.8535 -0.3344 0.3997
vn 0.8972 -0.4350 -0.0764
vn -0.6796 -0.6864 0.2588
vn 0.9504 0.2130 0.2265
vn 0.3714 -0.8099 0.4540
vn 0.7205 0.4237 0.5490
vn -0.3862 0.8876 0.2510
vn -0.3869 0.4394 0.8107
vn -0.8279 0.5564 0.0705
vn 0.4002 0.9156 -0.0394
vn -0.9935 0.0509 0.1017
vn -0.9822 -0.0970 -0.1611
vn -0.5790 0.4254 0.6956
vn -0.9428 0.0719 -0.3254
vn 0.1792 0.9838 -0.0084
vn 0.7504 -0.5631 -0.3461
vn 0.1491 -0.9307 -0.3341
vn 0.9826 -0.0286 0.1833
vn -0.6475 -0.3228 0.6903
vn 0.7785 -0.0836 -0.6220
vn -0.1330 -0.2927 0.9469
vn 0.4312 -0.0284 -0.9018
vn 0.1146 -0.9713 0.2083
vn 0.9836 -0.0679 0.1672
vn 0.7552 0.6353 -0.1617
vn -0.2201 -0.9627 -0.1576
vn 0.3375 0.5132 -0.7892
vn 0.3114 -0.5211 -0.7947
vn 0.8476 0.3349 -0.4117
vn 0.0857 0.5218 -0.8487
vn -0.5248 -0.1499 -0.8379
vn 0.0828 -0.8000 0.5943
vn -0.0239 0.9347 -0.3546
vn -0.0732 -0.0871 -0.9935
vn 0.0608 -0.2792 -0.9583
vn 0.7381 -0.0157 -0.6745
vn 0.3141 -0.8569 -0.4087
vn -0.0169 -0.7814 -0.6237
vn -0.1410 -0.9842 0.1071
vn 0.4460 -0.1146 -0.8877
vn 0.6348 -0.3282 -0.6995
vn -0.8672 -0.3154 0.3853
vn 0.8931 -0.0368 -0.4483
vn -0.6953 0.6393 -0.3284
vn -0.7142 -0.4299 -0.5523
vn -0.8174 0.0987 0.5676
vn 0.6858 -0.6875 -0.2390
vn 0.5943 -0.1120 -0.7964
vn 0.7531 -0.6578 -0.0053
vn 0.3370 0.9212 0.1947
vn -0.2543 -0.8547 -0.4525
vn -0.1386 -0.5080 -0.8501
vn 0.5149 -0.2591 0.8172
vn 0.2080 -0.4438 0.8717
vn 0.5042 -0.7357 -0.4523
vn -0.3995 0.5737 -0.7150
vn 0.2955 -0.9491 0.1095
vn 0.7836 -0.3701 0.4990
vn 0.7105 -0.2452 -0.6596
vn -0.3773 0.2456 -0.8929
vn 0.3646 0.3938 -0.8438
vn -0.6817 0.1766 -0.7100
vn 0.0191 0.5341 -0.8452
vn -0.6030 -0.0680 -0.7948
vn 0.6946 -0.4052 -0.5944
vn -0.0407 -0.9908 -0.1289
vn 0.6173 0.2199 0.7554
vn -0.9831 -0.1736 0.0591
vn 0.2973 -0.8867 -0.3540
vn 0.7792 -0.4245 -0.4612
vn 0.4229 -0.8192 -0.3874
vn 0.0182 -0.9988 -0.0462
vn 0.9424 0.0740 -0.3262
vn 0.2453 0.9693 -0.0137
vn 0.1353 0.9491 -0.2844
vn -0.4518 0.8179 0.3563
vn 0.4968 -0.0000 -0.8679
vn 0.5530 -0.4740 -0.6852
vn 0.6217 -0.5517 -0.5560
vn -0.9929 0.0713 0.0949
vn 0.8356 0.5316 0.1387
vn 0.3046 -0.8385 0.4518
vn 0.5893 0.3104 -0.7459
vn 0.6939 0.6295 0.3496
vn 0.5247 0.8467 -0.0887
vn 0.1351 -0.9822 -0.1307
vn -0.2452 -0.9212 -0.3021
vn 0.2217 0.7130 0.6652
vn -0.5037 -0.5539 -0.6629
vn -0.6163 0.3475 -0.7066
vn 0.8188 0.4949 -0.2908
vn -0.6549 -0.0523 -0.7539
vn -0.1786 -0.2143 -0.9603
vn 0.2189 -0.2992 -0.9287
vn -0.1699 -0.2323 -0.9577
vn -0.9678 0.1387 0.2101
vn 0.9458 0.2901 0.1459
vn 0.8810 -0.4704 -0.0511
vn 0.7427 0.5979 -0.3014
vn 0.8143 0.4717 -0.3381
vn -0.1916 0.7219 -0.6649
vn 0.6678 0.3748 -0.6431
vn -0.9197 -0.1523 0.3618
vn 0.2513 -0.1036 -0.9623
vn -0.7154 -0.6972 -0.0458
vn -0.7891 0.3032 0.5343
vn 0.8667 -0.2856 -0.4091
vn -0.6737 0.1133 -0.7302
vn -0.7803 0.2348 0.5797
vn 0.7528 -0.2969 -0.5876
vn -0.5333 0.1656 0.8296
vn 0.6790 -0.7301 0.0775
vn 0.8163 0.3354 0.4703
vn 0.8797 -0.2709 0.3909
vn -0.6044 -0.6619 -0.4433
vn 0.3773 -0.5119 -0.7717
vn -0.4949 0.5613 -0.6634
vn 0.6912 -0.6871 0.2242
vn -0.4830 0.3326 -0.8100
vn 0.0703 -0.9886 -0.1331
vn -0.0955 0.6839 -0.7233
vn -0.2082 0.3913 -0.8964
vn 0.4561 -0.8354 -0.3067
vn -0.3447 0.2560 -0.9031
vn 0.9207 -0.1269 0.3690
vn 0.3236 -0.3432 0.8818
vn 0.5767 0.7927 -0.1974
vn 0.6229 -0.1539 -0.7671
vn 0.8298 -0.4309 -0.3545
vn -0.5649 -0.3231 -0.7593
vn 0.3960 -0.5457 0.7385
vn -0.1847 -0.3777 0.9073
vn -0.7499 0.6388 -0.1723
vn 0.5719 0.7069 -0.4163
vn 0.4920 0.7197 0.4899
vn -0.9490 -0.2074 0.2375
vn 0.1894 0.7738 0.6044
vn 0.6480 0.7534 0.1118
vn 0.8228 -0.1114 0.5573
vn 0.5595 0.7852 -0.2654
vn -0.7664 0.6367 -0.0852
vn -0.2465 -0.9238 -0.2929
vn 0.3454 -0.4435 -0.8271
vn -0.9205 -0.2895 0.2625
vn -0.5504 0.6460 -0.5290
vn 0.0462 -0.1361 -0.9896
vn -0.2500 0.6535 0.7145
vn -0.7751 -0.2455 -0.5821
vn 0.7082 0.2346 -0.6659
vn -0.3556 -0.9248 -0.1353
vn -0.6836 -0.3771 -0.6249
vn -0.6525 -0.2746 -0.7063
vn -0.3100 -0.5895 0.7459
vn 0.6408 -0.5367 -0.5489
vn -0.7064 -0.4445 -0.5508
vn 0.1183 -0.3065 0.9445
vn -0.6637 -0.0195 -0.7478
vn 0.8446 0.1467 0.5149
vn -0.1658 -0.9721 -0.1661
vn -0.3476 0.8785 -0.3277
vn 0.7369 -0.5729 -0.3589
vn 0.3433 -0.4841 0.8049
vn 0.2216 -0.0270 0.9748
vn 0.4515 0.6040 -0.6568
vn 0.4941 -0.0644 0.8670
vn -0.6684 -0.1496 -0.7286
vn -0.1263 0.9127 -0.3887
vn 0.7403 0.6521 -0.1636
vn 0.5643 0.2985 -0.7697
vn 0.1430 -0.3369 0.9306
vn 0.9329 0.1099 -0.3429
vn -0.9773 -0.0896 -0.1918
vn 0.9797 -0.1976 -0.0324
vn -0.3529 -0.6601 0.6631
vn -0.6667 -0.6838 0.2964
vn -0.8857 0.4394 0.1501
vn 0.0366 -0.8757 -0.4814
vn -0.3762 -0.4931 0.7844
vn -0.4986 -0.5327 0.6838
vn 0.9113 0.4116 -0.0117
vn 0.9051 0.4150 0.0924
vn 0.5488 0.1330 0.8253
vn -0.7979 0.5462 0.2551
vn 0.5550 0.1738 -0.8135
vn -0.3323 0.4817 0.8109
vn -0.4736 -0.6987 0.5362
vn 0.0869 -0.9773 0.1932
vn -0.2856 -0.5600 -0.7777
vn 0.4628 -0.5109 0.7244
vn -0.3321 -0.0851 0.9394
vn 0.2241 0.0871 -0.9707
vn 0.6772 -0.7358 -0.0036
vn -0.9911 0.1186 -0.0597
vn 0.1098 -0.6194 -0.7773
vn 0.5284 0.3812 -0.7586
vn -0.0307 0.9302 -0.3657
vn 0.9946 -0.0400 0.0961
vn -0.3442 -0.3469 -0.8724
vn -0.0804 -0.9794 -0.1853
vn -0.4204 0.0459 0.9062
vn 0.3416 -0.1294 -0.9309
vn 0.9975 0.0335 -0.0616
vn -0.0442 -0.2307 -0.9720
vn -0.3431 -0.2695 -0.8998
vn -0.7995 -0.5446 -0.2535
vn 0.9078 0.0811 0.4116
vn 0.0001 -0.6354 -0.7722
vn 0.4865 0.8732 0.0289
vn 0.6945 0.7028 -0.1543
vn -0.9761 0.1386 0.1673
vn -0.4531 -0.0121 -0.8914
vn 0.8016 -0.5751 0.1633
vn -0.7937 0.5413 -0.2776
vn 0.5279 0.4853 0.6970
vn 0.5314 -0.6326 0.5634
vn -0.3011 0.7812 -0.5469
vn -0.2737 0.4507 -0.8497
vn -0.4179 -0.8645 0.2794
vn -0.4718 -0.3453 -0.8113
vn -0.6268 0.7768 -0.0612
vn 0.0319 -0.9341 -0.3556
vn 0.7799 0.4316 0.4534
vn -0.7264 0.6842 -0.0653
vn 0.0597 -0.9873 0.1473
vn -0.2696 -0.5460 -0.7932
vn 0.2418 -0.8147 -0.5271
vn 0.9655 0.2369 0.1078
vn -0.8197 0.5447 0.1775
vn -0.2653 -0.4647 -0.8448
vn 0.6265 0.6957 0.3514
vn 0.1896 0.6101 0.7693
vn 0.6955 0.1611 -0.7003
vn -0.0243 -0.3133 -0.9494
vn 0.1209 0.9829 -0.1386
vn 0.8032 0.5821 -0.1268
vn 0.9051 -0.0262 -0.4244
vn 0.6708 -0.2743 -0.6890
vn -0.6980 0.3039 0.6484
vn -0.4758 0.6666 0.5738
vn -0.7709 0.4079 -0.4892
vn -0.4099 -0.1203 -0.9041
vn 0.0948 -0.4919 -0.8655
vn 0.2749 -0.3662 -0.8890
vn -0.2458 -0.1267 -0.9610
vn 0.6564 0.3212 0.6826
vn 0.3253 -0.8758 -0.3567
vn 0.4854 0.7208 -0.4948
vn -0.5219 0.8394 -0.1516
vn -0.0073 0.2674 0.9636
vn 0.8413 -0.2595 0.4743
vn 0.9849 0.1518 -0.0829
vn -0.3384 0.5211 0.7836
vn 0.8040 0.0710 -0.5904
vn -0.6328 -0.3964 -0.6652
vn -0.8948 -0.4324 0.1109
vn -0.9085 0.2152 -0.3582
vn 0.6175 -0.6871 0.3828
vn -0.8854 -0.4640 0.0255
vn -0.7655 0.4802 0.4283
vn -0.2358 -0.4586 -0.8568
vn 0.5453 0.3734 0.7505
vn -0.3800 -0.1082 0.9187
vn -0.0869 0.9926 -0.0853
vn 0.4150 0.6195 -0.6663
vn 0.0342 -0.9994 0.0013
vn -0.2001 -0.9765 -0.0802
vn 0.1304 -0.9802 0.1489
vn 0.2274 -0.9434 0.2416
vn 0.3423 -0.1769 -0.9228
vn -0.7005 -0.4546 0.5500
vn 0.9873 -0.1381 -0.0781
vn 0.6477 -0.6345 -0.4217
vn 0.9346 -0.2311 -0.2704
vn -0.1697 0.9541 0.2468
vn -0.6168 0.7865 0.0307
vn -0.4090 0.9114 -0.0452
vn -0.4162 -0.1220 0.9011
vn 0.6620 0.7431 -0.0977
vn -0.6499 0.7394 0.1759
vn 0.9182 0.1978 0.3431
vn 0.0230 -0.0792 0.9966
vn -0.9927 -0.1207 -0.0079
vn -0.2920 -0.3492 -0.8904
vn 0.1331 -0.8069 -0.5755
vn 0.0235 -0.9801 -0.1973
vn 0.7549 -0.4353 0.4905
vn 0.4136 -0.7404 -0.5298
vn 0.6143 -0.6368 -0.4660
vn 0.9547 0.2586 0.1474
vn 0.8462 0.5322 0.0259
vn -0.9329 0.0258 0.3593
vn 0.2773 -0.3348 -0.9006
vn -0.0099 -0.3929 -0.9195
vn 0.9821 -0.1267 0.1391
vn -0.5138 0.6191 0.5939
vn 0.5689 -0.4257 -0.7037
vn 0.6132 -0.0183 0.7897
vn -0.2764 -0.4926 -0.8252
vn -0.5703 -0.0715 -0.8183
vn -0.4783 0.8780 -0.0184
vn 0.9725 -0.2011 0.1178
vn -0.6693 -0.0790 0.7388
vn -0.4902 -0.8713 0.0236
vn -0.8783 0.2505 -0.4073
vn 0.6338 -0.4639 -0.6190
vn -0.9032 0.1125 0.4142
vn -0.6037 0.6172 -0.5046
vn 0.4883 0.4752 -0.7320
vn 0.7425 -0.2467 0.6227
vn 0.0022 -0.8639 -0.5036
vn 0.2061 -0.4690 0.8588
vn -0.7953 -0.4232 0.4341
vn 0.4503 0.6229 -0.6397
vn 0.0748 -0.7070 0.7033
vn -0.4869 0.4405 0.7542
vn 0.3877 0.6818 -0.6204
vn 0.6903 0.7215 0.0541
vn 0.2884 0.7362 0.6123
vn 0.2915 0.6463 0.7052
vn 0.5364 0.8411 -0.0695
vn 0.5818 0.6479 -0.4917
vn 0.2473 0.1317 -0.9600
vn -0.6103 0.3429 0.7141
vn -0.3592 0.7910 -0.4952
vn 0.4343 -0.4438 -0.7839
vn 0.7680 0.2219 0.6007
vn -0.7952 -0.3910 0.4635
vn 0.9223 0.2143 -0.3216
vn -0.6378 0.1459 -0.7562
vn -0.8150 -0.3499 -0.4620
vn 0.6535 0.6996 0.2891
vn -0.2996 0.6979 -0.6505
vn 0.6493 0.0366 -0.7596
vn 0.0250 0.8378 -0.5454
vn 0.0564 0.8681 -0.4931
vn -0.3155 -0.5458 -0.7763
vn 0.8328 0.1240 -0.5395
vn -0.9020 0.3270 -0.2819
vn -0.8141 -0.5796 -0.0350
vn -0.9882 0.0934 0.1218
vn -0.8448 -0.2902 0.4496
vn -0.9797 0.1353 0.1482
vn 0.6259 -0.5378 -0.5648
vn 0.7644 -0.5739 0.2939
vn 0.7613 0.3362 -0.5544
vn -0.0000 -0.9964 0.0846
vn 0.4153 0.8821 -0.2222
vn 0.9931 -0.0069 0.1171
vn -0.3588 -0.4141 -0.8365
vn -0.9208 -0.1526 0.3588
vn -0.6898 -0.4982 -0.5253
vn 0.8567 0.1454 0.4949
vn -0.3642 0.5806 0.7282
vn 0.8913 0.2709 0.3636
vn -0.7932 -0.6076 -0.0411
vn 0.9348 0.3282 0.1358
vn -0.8254 -0.3444 -0.4472
vn 0.6958 -0.7075 -0.1237
vn 0.7176 -0.2035 -0.6660
vn -0.7968 0.2714 -0.5398
vn 0.0813 -0.9778 0.1932
vn 0.4115 -0.9084 0.0741
vn 0.6499 -0.7226 0.2355
vn 0.3963 -0.6217 0.6756
vn -0.2613 0.8117 -0.5223
vn 0.5672 0.5876 -0.5770
vn -0.6166 0.5272 0.5847
vn 0.2350 0.9720 -0.0093
vn -0.4604 0.8867 -0.0418
vn 0.9138 0.3904 -0.1117
vn -0.8992 0.2551 -0.3555
vn -0.6341 0.7511 0.1841
vn -0.8504 0.2625 -0.4560
vn 0.6717 0.5915 -0.4461
vn 0.0960 -0.3017 -0.9486
vn 0.8435 -0.4312 -0.3201
vn 0.3823 0.9037 -0.1931
vn 0.2024 0.1479 0.9681
vn -0.0455 -0.9988 -0.0201
vn -0.8417 -0.2230 -0.4917
vn 0.5814 0.6948 0.4233
vn -0.7141 0.6740 -0.1893
vn 0.7287 0.0947 0.6782
vn -0.7729 0.6125 -0.1657
vn -0.9491 0.2524 0.1885
vn -0.9382 -0.0204 -0.3454
vn -0.5527 0.8115 -0.1894
vn -0.0804 -0.4571 -0.8858
vn -0.5398 -0.2751 -0.7956
vn 0.0430 0.7588 -0.6499
vn -0.2760 -0.5013 -0.8201
vn -0.0002 -0.8450 0.5347
vn -0.2890 -0.4929 -0.8207
vn -0.3734 0.9271 0.0335
vn 0.8519 -0.1120 -0.5116
vn -0.2206 -0.7989 0.5596
vn -0.9846 0.1712 0.0360
vn -0.7663 -0.3504 -0.5385
vn 0.5272 -0.0680 -0.8470
vn -0.1142 -0.9864 -0.1179
vn -0.3020 0.9463 -0.1153
vn -0.1631 -0.9141 -0.3714
vn 0.5390 0.8384 0.0806
vn 0.2339 -0.9721 0.0165
vn -0.1098 -0.5129 -0.8514
vn 0.3119 0.0656 0.9478
vn 0.6071 -0.5858 -0.5370
vn 0.8101 0.5666 0.1505
vn -0.9423 0.1822 0.2809
vn -0.5183 -0.6219 -0.5870
vn -0.3173 -0.3836 0.8673
vn 0.6522 -0.2188 -0.7258
vn -0.4554 0.8491 -0.2676
vn 0.7381 0.5682 -0.3639
vn -0.7152 0.6524 -0.2509
vn -0.6124 -0.2650 -0.7448
vn 0.2377 -0.2872 0.9279
vn -0.8709 0.4668 0.1541
vn 0.8076 -0.3182 0.4966
vn -0.8858 -0.3139 -0.3417
vn 0.1058 -0.3801 0.9189
vn 0.5812 0.0687 0.8108
vn 0.9738 0.1180 0.1943
vn 0.7689 0.6277 -0.1213
vn -0.7713 0.1550 0.6173
vn 0.4985 0.8168 -0.2903
vn -0.4504 0.2466 0.8581
vn 0.2541 0.9635 -0.0838
vn -0.5448 0.5796 0.6060
vn 0.5656 -0.0128 0.8246
vn 0.0752 -0.9707 0.2282
vn 0.7424 0.6607 -0.1109
vn -0.7395 0.4871 -0.4646
vn -0.8198 -0.5662 0.0853
vn 0.5540 0.8243 0.1167
vn -0.3715 0.8853 -0.2797
vn 0.3384 0.8592 0.3838
vn 0.7736 0.4657 0.4296
vn 0.0740 -0.9959 0.0522
vn 0.0539 -0.9759 0.2117
vn -0.8694 0.2987 0.3936
vn 0.7940 0.1533 -0.5883
vn -0.6479 0.4132 -0.6399
vn -0.0788 -0.8837 0.4614
vn -0.6260 0.7797 0.0104
vn -0.6237 0.6494 0.4350
vn -0.4611 0.7207 -0.5176
vn 0.6696 0.6952 -0.2614
vn -0.3300 0.8863 -0.3249
vn -0.9446 -0.2632 -0.1959
vn -0.5980 -0.0697 0.7985
vn -0.0449 -0.2192 -0.9746
vn 0.5337 0.4258 -0.7307
vn 0.5582 -0.0807 0.8257
vn 0.7392 0.2879 0.6088
vn 0.4015 0.2150 0.8903
vn 0.5573 -0.4671 -0.6865
vn 0.0459 0.6574 0.7522
vn 0.0639 0.7417 0.6677
vn 0.8132 -0.2064 -0.5441
vn 0.3213 -0.8272 -0.4610
vn -0.9722 -0.0444 -0.2298
vn 0.5271 -0.2279 0.8187
vn 0.7392 -0.6606 -0.1311
vn 0.6825 0.3053 -0.6641
vn -0.7069 0.6055 -0.3657
vn -0.7273 0.4043 0.5546
vn -0.7704 -0.5204 -0.3683
vn 0.6318 -0.7730 -0.0582
vn 0.8145 -0.2701 -0.5134
vn -0.8313 0.5291 -0.1703
vn -0.9821 -0.1872 -0.0228
vn 0.4020 -0.4680 0.7870
vn 0.2150 0.9076 0.3607
vn 0.2559 0.7147 -0.6509
vn 0.4614 0.6594 -0.5936
vn -0.3736 0.7434 -0.5548
vn 0.6034 0.6229 0.4979
vn -0.8147 0.0059 -0.5799
vn 0.1521 0.9614 0.2293
vn 0.5831 -0.2760 0.7641
vn 0.6044 0.6364 0.4792
vn -0.7248 0.0468 0.6873
vn -0.8771 -0.2848 0.3868
vn -0.4153 -0.8654 -0.2804
vn -0.7692 0.1570 0.6195
vn 0.3641 0.1349 0.9215
vn -0.0598 -0.9972 0.0447
vn 0.4840 0.8730 -0.0604
vn 0.6457 -0.5147 -0.5641
vn -0.0028 0.9574 -0.2887
vn 0.5555 0.8314 0.0154
vn -0.0322 -0.9977 0.0601
vn 0.9222 0.3177 -0.2204
vn 0.8389 0.4315 0.3317
vn 0.4938 0.6291 -0.6003
vn 0.2196 0.8370 -0.5012
vn 0.4417 -0.6787 0.5867
vn 0.5607 0.8270 -0.0405
vn -0.5503 -0.5121 -0.6595
vn 0.1339 0.9910 -0.0046
vn -0.9366 -0.0839 -0.3403
vn -0.4516 0.0909 -0.8876
vn 0.8014 -0.1741 0.5722
vn 0.8989 -0.3848 0.2097
vn 0.9543 0.0845 -0.2866
vn -0.2348 -0.9470 0.2192
vn -0.8220 -0.3546 -0.4456
vn 0.8521 0.1814 0.4910
vn 0.9007 0.2181 -0.3758
vn -0.6722 0.0097 0.7403
vn -0.7720 0.5944 0.2253
vn 0.5899 0.4142 0.6932
vn 0.8389 0.2143 -0.5003
vn 0.7990 -0.2395 -0.5515
vn 0.1785 -0.7540 -0.6321
vn -0.9794 -0.0970 0.1769
vn -0.0823 0.6861 0.7228
vn 0.1152 0.0461 0.9923
vn 0.7288 0.4331 -0.5304
vn 0.3212 -0.9309 0.1739
vn -0.2861 0.8066 -0.5172
vn -0.7870 0.4439 0.4285
vn -0.6066 0.7879 -0.1059
vn 0.7172 -0.3845 -0.5811
vn -0.7094 0.1281 0.6931
vn -0.7781 0.2751 -0.5647
vn 0.7477 0.6616 -0.0558
vn -0.3076 0.8504 0.4269
vn -0.6633 0.6798 -0.3128
vn -0.9597 0.1474 0.2392
vn 0.8229 -0.0982 0.5597
vn 0.7843 0.6198 0.0285
vn 0.2913 -0.2027 0.9349
vn -0.3657 -0.3972 -0.8417
vn 0.2179 -0.0147 0.9759
vn -0.9400 -0.2752 -0.2015
vn 0.9228 0.3655 -0.1222
vn 0.6499 0.7524 -0.1073
vn -0.7962 0.4580 0.3954
vn 0.0886 -0.4968 -0.8633
vn -0.8653 -0.2906 0.4084
vn 0.1241 -0.5265 0.8411
vn -0.0989 0.7571 -0.6458
vn 0.0925 -0.8931 -0.4402
vn -0.0224 -0.4652 -0.8849
vn 0.5098 -0.7431 0.4334
vn -0.0021 0.6705 -0.7419
vn -0.9842 -0.1757 0.0230
vn 0.7345 -0.2064 0.6465
vn -0.1523 -0.9872 0.0474
vn -0.3662 -0.1954 -0.9098
vn -0.6183 -0.4186 -0.6652
vn -0.5076 -0.5247 -0.6833
vn -0.8491 0.5069 -0.1485
vn 0.4901 -0.4735 0.7318
vn -0.6271 0.5051 0.5930
vn 0.7624 0.4935 -0.4186
vn 0.9808 -0.1874 -0.0533
vn 0.9960 0.0588 0.0675
vn -0.8411 0.1861 0.5078
vn -0.8487 -0.3771 -0.3707
vn 0.9196 -0.3926 -0.0146
vn -0.5320 0.8451 -0.0525
vn -0.8094 -0.2839 -0.5140
vn 0.4624 -0.4695 0.7522
vn 0.7810 0.5241 -0.3397
vn -0.8741 0.4670 -0.1336
vn -0.9980 -0.0626 -0.0060
vn 0.7865 0.5564 0.2681
vn 0.3326 0.6742 -0.6594
vn 0.9859 -0.0707 -0.1516
vn -0.7519 0.5301 0.3918
vn -0.9864 -0.0707 0.1482
vn 0.8552 -0.4607 0.2372
vn 0.9346 -0.3551 -0.0183
vn -0.3362 -0.7865 0.5180
vn -0.9641 0.2212 -0.1472
vn 0.1232 0.7014 0.7021
vn 0.4910 -0.5444 0.6800
vn 0.7101 -0.6098 0.3521
vn -0.9387 -0.1832 -0.2919
vn -0.9999 0.0099 -0.0128
vn 0.7764 0.2204 0.5905
vn 0.2715 -0.6544 0.7057
vn 0.8347 0.1708 0.5236
vn -0.3336 0.9180 -0.2144
vn -0.7279 0.6471 -0.2267
vn -0.0669 -0.9974 -0.0276
vn 0.6435 -0.6449 -0.4123
vn -0.7947 -0.2964 0.5298
vn 0.9691 0.1607 0.1873
vn 0.0657 0.8670 -0.4939
vn 0.3886 0.6334 -0.6692
vn 0.8355 0.4360 0.3346
vn -0.4224 -0.6766 0.6031
vn 0.0478 -0.1878 0.9810
vn -0.6028 -0.4429 -0.6637
vn -0.9012 0.4311 -0.0456
vn -0.5987 0.3347 0.7277
vn 0.0790 -0.8198 0.5671
vn 0.9581 0.2758 -0.0774
vn -0.0777 -0.8492 0.5224
vn 0.4828 -0.6709 0.5629
vn 0.7126 0.6891 -0.1315
vn -0.9928 0.1188 0.0119
vn -0.9974 -0.0721 0.0026
vn -0.3056 -0.4529 -0.8376
vn 0.0152 0.8687 0.4951
vn 0.6983 -0.6637 -0.2681
vn -0.0008 0.8492 -0.5280
vn -0.9431 0.1993 -0.2663
vn -0.6608 0.6486 -0.3778
vn 0.4601 -0.2193 -0.8603
vn -0.5041 0.5089 -0.6978
vn 0.7038 -0.6488 -0.2892
vn -0.5350 0.8297 -0.1590
vn 0.3849 0.5005 0.7755
vn -0.3983 0.2630 0.8788
vn -0.4562 0.5391 0.7079
vn 0.7695 -0.5944 -0.2335
vn 0.5746 -0.0073 0.8184
vn -0.4675 0.7406 -0.4827
vn -0.4190 0.9078 -0.0153
vn -0.5280 0.0386 0.8484
vn -0.5298 -0.7562 -0.3839
vn -0.6219 -0.5991 0.5043
vn 0.3217 -0.8707 -0.3720
vn -0.2677 0.4989 -0.8243
vn 0.2744 0.6178 -0.7369
vn 0.3741 -0.3131 -0.8730
vn -0.5109 -0.3443 0.7877
vn 0.2086 0.8987 -0.3857
vn -0.9447 0.0040 0.3279
vn -0.0287 0.9913 -0.1284
vn -0.8660 -0.4949 -0.0719
vn -0.0153 -0.4187 -0.9080
vn 0.4678 0.5572 0.6861
vn 0.4665 0.1423 0.8730
vn -0.6220 0.1356 -0.7712
vn -0.6989 0.5621 0.4423
vn 0.8528 0.3460 -0.3912
vn 0.9237 -0.3802 0.0470
vn 0.9030 -0.1955 -0.3826
vn -0.9261 0.0806 0.3686
vn -0.9299 0.2625 -0.2576
vn 0.9852 0.1617 -0.0576
vn -0.9802 0.1982 -0.0004
vn -0.7635 -0.5027 -0.4054
vn 0.7065 -0.4547 -0.5423
vn 0.8617 -0.0482 -0.5052
vn -0.2431 0.6071 0.7565
vn -0.6155 0.0392 0.7871
vn -0.3773 -0.1048 -0.9202
vn -0.3299 -0.0202 0.9438
vn 0.7775 -0.4352 -0.4540
vn 0.9674 -0.2068 0.1464
vn -0.7728 0.3468 -0.5316
vn 0.5452 -0.6696 0.5043
vn 0.6933 0.5606 -0.4527
vn 0.7669 -0.1879 0.6136
vn 0.8733 -0.4070 -0.2678
vn 0.8844 -0.4650 0.0394
vn -0.0481 0.5294 0.8470
vn 0.0144 -0.9914 0.1297
vn -0.7737 -0.5557 0.3043
vn -0.5629 -0.4892 0.6662
vn 0.4607 -0.2987 0.8358
vn 0.7233 -0.6053 0.3323
vn -0.7276 0.1672 0.6654
vn 0.0669 -0.9885 0.1359
vn -0.9752 -0.1130 0.1901
vn -0.5441 0.8100 0.2188
vn -0.3081 0.4460 0.8403
vn -0.7240 0.5802 -0.3732
vn 0.4043 0.8023 0.4391
vn 0.5708 0.2759 0.7734
vn 0.8497 -0.0837 0.5205
vn -0.5414 -0.6727 -0.5043
vn -0.8298 -0.5498 -0.0959
vn 0.9410 0.3151 -0.1236
vn 0.9336 -0.0609 -0.3531
vn 0.9817 -0.0417 -0.1858
vn -0.1558 -0.9823 0.1043
vn -0.4901 -0.3348 -0.8048
vn 0.5990 0.4351 -0.6722
vn 0.9937 0.0059 0.1115
vn 0.0350 0.7082 -0.7051
vn 0.3357 -0.8857 0.3206
vn 0.3408 -0.8852 0.3166
vn 0.7682 -0.5322 0.3558
vn 0.0651 -0.9877 0.1419
vn -0.3344 0.7359 -0.5887
vn -0.5357 0.6844 -0.4946
vn -0.5210 0.8038 -0.2870
vn 0.8281 -0.0608 -0.5573
vn 0.7574 0.6227 0.1964
s 0
f 8//1 5//1 3//1
f 3//2 5//2 7//2
f 301//3 139//3 303//3
f 145//4 146//4 1601//4
f 268//5 309//5 374//5
f 322//6 420//6 335//6
f 8//7 13//7 25//7
f 201//8 554//8 1634//8
f 8//9 25//9 5//9
f 7//10 5//10 27//10
f 27//11 69//11 7//11
f 703//12 370//12 568//12
f 3//13 13//13 8//13
f 643//14 597//14 510//14
f 29//15 36//15 18//15
f 825//16 568//16 370//16
f 303//17 734//17 761//17
f 1154//18 228//18 1695//18
f 36//19 28//19 18//19
f 510//20 200//20 643//20
f 44//21 435//21 1437//21
f 615//22 1435//22 465//22
f 13//23 7//23 69//23
f 18//24 28//24 41//24
f 41//25 105//25 88//25
f 455//26 175//26 442//26
f 56//27 36//27 29//27
f 1035//28 749//28 1228//28
f 701//29 130//29 1660//29
f 1447//30 142//30 306//30
f 59//31 20//31 31//31
f 92//32 15//32 64//32
f 15//33 20//33 60//33
f 18//34 41//34 29//34
f 41//35 56//35 29//35
f 58//36 31//36 71//36
f 9//37 425//37 80//37
f 880//38 1419//38 1219//38
f 81//39 105//39 28//39
f 105//40 41//40 28//40
f 445//41 436//41 750//41
f 64//42 15//42 60//42
f 71//43 31//43 16//43
f 31//44 58//44 59//44
f 13//45 69//45 81//45
f 36//46 89//46 73//46
f 41//47 88//47 56//47
f 56//48 89//48 36//48
f 13//49 81//49 25//49
f 83//50 75//50 72//50
f 841//51 696//51 370//51
f 59//52 60//52 20//52
f 1228//53 122//53 145//53
f 857//54 851//54 818//54
f 86//55 94//55 60//55
f 696//56 825//56 370//56
f 60//57 27//57 25//57
f 64//58 60//58 94//58
f 1612//59 1554//59 1551//59
f 28//60 73//60 81//60
f 27//61 60//61 59//61
f 83//62 99//62 75//62
f 92//63 64//63 100//63
f 1225//64 111//64 110//64
f 84//65 83//65 72//65
f 1701//66 1125//66 686//66
f 92//67 71//67 16//67
f 75//68 99//68 77//68
f 841//69 370//69 703//69
f 421//70 250//70 403//70
f 86//71 81//71 174//71
f 148//72 420//72 121//72
f 81//73 69//73 105//73
f 152//74 21//74 161//74
f 385//75 383//75 386//75
f 72//76 103//76 84//76
f 77//77 103//77 72//77
f 99//78 83//78 84//78
f 451//79 566//79 605//79
f 928//80 1437//80 109//80
f 199//81 201//81 1634//81
f 825//82 287//82 568//82
f 359//83 555//83 773//83
f 776//84 1166//84 299//84
f 84//85 155//85 157//85
f 120//86 167//86 123//86
f 86//87 25//87 81//87
f 126//88 84//88 103//88
f 73//89 28//89 36//89
f 568//90 287//90 703//90
f 89//91 56//91 141//91
f 457//92 462//92 1059//92
f 99//93 128//93 77//93
f 1078//94 339//94 695//94
f 378//95 342//95 330//95
f 77//96 128//96 137//96
f 1241//97 277//97 894//97
f 137//98 114//98 77//98
f 77//99 114//99 103//99
f 304//100 839//100 870//100
f 73//101 89//101 177//101
f 163//102 94//102 86//102
f 244//103 389//103 1382//103
f 1307//104 943//104 1413//104
f 387//105 66//105 558//105
f 144//106 92//106 100//106
f 822//107 651//107 744//107
f 58//108 71//108 135//108
f 243//109 1653//109 482//109
f 627//110 564//110 732//110
f 189//111 165//111 105//111
f 703//112 828//112 841//112
f 120//113 123//113 204//113
f 64//114 172//114 100//114
f 902//115 724//115 32//115
f 92//116 135//116 71//116
f 126//117 171//117 155//117
f 335//118 430//118 322//118
f 54//119 943//119 1307//119
f 176//120 105//120 165//120
f 177//121 89//121 190//121
f 56//122 88//122 191//122
f 123//123 167//123 154//123
f 141//124 190//124 89//124
f 157//125 155//125 169//125
f 100//126 172//126 187//126
f 1166//127 1466//127 299//127
f 176//128 88//128 105//128
f 583//129 340//129 358//129
f 56//130 191//130 141//130
f 178//131 202//131 216//131
f 141//132 120//132 204//132
f 123//133 208//133 204//133
f 73//134 174//134 81//134
f 703//135 287//135 828//135
f 1393//136 1294//136 150//136
f 59//137 58//137 188//137
f 529//138 794//138 1582//138
f 182//139 180//139 195//139
f 951//140 437//140 1103//140
f 355//141 374//141 460//141
f 1724//142 782//142 68//142
f 163//143 86//143 174//143
f 203//144 141//144 191//144
f 301//145 46//145 139//145
f 1298//146 1350//146 1452//146
f 437//147 51//147 1103//147
f 205//148 167//148 141//148
f 1702//149 133//149 131//149
f 155//150 196//150 169//150
f 99//151 157//151 185//151
f 156//152 211//152 128//152
f 288//153 1720//153 1728//153
f 135//154 188//154 58//154
f 103//155 114//155 212//155
f 53//156 78//156 76//156
f 985//157 556//157 283//157
f 205//158 141//158 203//158
f 282//159 157//159 169//159
f 144//160 100//160 187//160
f 711//161 451//161 523//161
f 16//162 31//162 20//162
f 1387//163 283//163 271//163
f 94//164 172//164 64//164
f 189//165 59//165 188//165
f 443//166 955//166 1463//166
f 174//167 73//167 177//167
f 321//168 313//168 165//168
f 1238//169 287//169 1241//169
f 500//170 1271//170 249//170
f 220//171 490//171 1028//171
f 176//172 191//172 88//172
f 167//173 224//173 154//173
f 236//174 156//174 99//174
f 237//175 187//175 172//175
f 212//176 126//176 103//176
f 172//177 94//177 163//177
f 230//178 177//178 190//178
f 141//179 204//179 190//179
f 195//180 246//180 182//180
f 565//181 1105//181 971//181
f 144//182 187//182 135//182
f 488//183 1105//183 291//183
f 137//184 239//184 114//184
f 78//185 53//185 499//185
f 222//186 182//186 225//186
f 185//187 157//187 282//187
f 308//188 396//188 414//188
f 565//189 291//189 1105//189
f 439//190 281//190 325//190
f 290//191 178//191 216//191
f 261//192 191//192 176//192
f 278//193 216//193 202//193
f 166//194 160//194 415//194
f 275//195 266//195 267//195
f 15//196 16//196 20//196
f 182//197 246//197 225//197
f 303//198 139//198 365//198
f 256//199 196//199 171//199
f 212//200 114//200 239//200
f 165//201 189//201 188//201
f 195//202 302//202 246//202
f 964//203 54//203 702//203
f 262//204 178//204 250//204
f 204//205 230//205 190//205
f 261//206 203//206 191//206
f 262//207 202//207 178//207
f 555//208 359//208 229//208
f 236//209 185//209 282//209
f 249//210 674//210 500//210
f 258//211 188//211 135//211
f 567//212 580//212 220//212
f 292//213 265//213 281//213
f 256//214 169//214 196//214
f 470//215 456//215 164//215
f 416//216 404//216 1662//216
f 135//217 187//217 258//217
f 171//218 126//218 268//218
f 287//219 825//219 1241//219
f 237//220 327//220 187//220
f 222//221 350//221 180//221
f 293//222 247//222 236//222
f 223//223 1518//223 70//223
f 649//224 21//224 152//224
f 188//225 321//225 165//225
f 163//226 177//226 230//226
f 1628//227 140//227 147//227
f 230//228 204//228 338//228
f 203//229 224//229 205//229
f 183//230 1323//230 220//230
f 410//231 379//231 338//231
f 1079//232 346//232 920//232
f 211//233 156//233 319//233
f 69//234 27//234 105//234
f 1238//235 1241//235 894//235
f 283//236 1387//236 985//236
f 237//237 172//237 284//237
f 218//238 219//238 554//238
f 313//239 176//239 165//239
f 163//240 174//240 177//240
f 420//241 148//241 132//241
f 302//242 180//242 315//242
f 1413//243 943//243 920//243
f 265//244 305//244 325//244
f 293//245 308//245 247//245
f 1502//246 1666//246 1608//246
f 247//247 319//247 156//247
f 268//248 126//248 309//248
f 696//249 277//249 825//249
f 342//250 212//250 239//250
f 357//251 330//251 298//251
f 841//252 129//252 696//252
f 281//253 265//253 325//253
f 251//254 178//254 290//254
f 195//255 180//255 302//255
f 350//256 315//256 180//256
f 152//257 181//257 364//257
f 1194//258 783//258 1295//258
f 19//259 1382//259 389//259
f 309//260 126//260 212//260
f 234//261 1371//261 1650//261
f 284//262 172//262 163//262
f 998//263 1042//263 1004//263
f 330//264 239//264 298//264
f 1293//265 1412//265 1324//265
f 331//266 250//266 251//266
f 865//267 52//267 774//267
f 315//268 278//268 262//268
f 1322//269 1256//269 1392//269
f 282//270 169//270 333//270
f 169//271 256//271 333//271
f 282//272 293//272 236//272
f 327//273 258//273 187//273
f 336//274 188//274 258//274
f 565//275 1151//275 279//275
f 315//276 262//276 302//276
f 216//277 278//277 290//277
f 410//278 338//278 255//278
f 828//279 1238//279 894//279
f 386//280 265//280 292//280
f 904//281 1519//281 425//281
f 433//282 257//282 332//282
f 345//283 43//283 1081//283
f 128//284 357//284 137//284
f 847//285 353//285 1134//285
f 137//286 357//286 298//286
f 1028//287 168//287 699//287
f 176//288 313//288 261//288
f 348//289 261//289 313//289
f 203//290 261//290 348//290
f 865//291 774//291 111//291
f 1559//292 346//292 11//292
f 129//293 841//293 47//293
f 354//294 268//294 355//294
f 38//295 856//295 882//295
f 356//296 319//296 247//296
f 24//297 596//297 614//297
f 342//298 337//298 212//298
f 1192//299 992//299 1129//299
f 188//300 336//300 321//300
f 1238//301 828//301 287//301
f 350//302 278//302 315//302
f 203//303 351//303 224//303
f 55//304 1120//304 774//304
f 10//305 310//305 2//305
f 839//306 845//306 324//306
f 308//307 414//307 247//307
f 336//308 258//308 327//308
f 230//309 379//309 163//309
f 1309//310 470//310 1207//310
f 340//311 35//311 1//311
f 1293//312 1116//312 1066//312
f 46//313 1274//313 139//313
f 351//314 203//314 348//314
f 262//315 371//315 302//315
f 475//316 1682//316 1500//316
f 224//317 351//317 255//317
f 1050//318 1209//318 1110//318
f 281//319 426//319 292//319
f 489//320 243//320 1067//320
f 301//321 761//321 46//321
f 360//322 142//322 1447//322
f 375//323 336//323 327//323
f 357//324 128//324 376//324
f 367//325 330//325 357//325
f 403//326 250//326 331//326
f 780//327 1295//327 316//327
f 1207//328 470//328 164//328
f 378//329 330//329 402//329
f 570//330 215//330 576//330
f 379//331 230//331 338//331
f 255//332 394//332 410//332
f 365//333 1574//333 303//333
f 1595//334 296//334 312//334
f 409//335 262//335 250//335
f 964//336 943//336 54//336
f 459//337 256//337 354//337
f 284//338 398//338 399//338
f 1457//339 1524//339 1243//339
f 284//340 400//340 461//340
f 163//341 377//341 284//341
f 341//342 719//342 556//342
f 212//343 337//343 309//343
f 317//344 676//344 827//344
f 387//345 558//345 447//345
f 409//346 371//346 262//346
f 564//347 682//347 735//347
f 383//348 302//348 371//348
f 350//349 222//349 382//349
f 388//350 293//350 282//350
f 606//351 652//351 466//351
f 418//352 401//352 379//352
f 794//353 997//353 888//353
f 375//354 327//354 237//354
f 319//355 356//355 471//355
f 304//356 1729//356 839//356
f 406//357 367//357 357//357
f 379//358 401//358 163//358
f 367//359 406//359 390//359
f 164//360 456//360 138//360
f 693//361 705//361 628//361
f 225//362 382//362 222//362
f 246//363 383//363 225//363
f 193//364 894//364 277//364
f 242//365 1089//365 264//365
f 382//366 225//366 385//366
f 266//367 689//367 226//367
f 355//368 480//368 459//368
f 426//369 386//369 292//369
f 388//370 308//370 293//370
f 894//371 193//371 828//371
f 377//372 400//372 284//372
f 938//373 145//373 1601//373
f 983//374 280//374 286//374
f 290//375 278//375 392//375
f 450//376 348//376 313//376
f 386//377 383//377 305//377
f 308//378 388//378 396//378
f 355//379 459//379 354//379
f 86//380 60//380 25//380
f 108//381 98//381 1726//381
f 399//382 237//382 284//382
f 309//383 432//383 374//383
f 211//384 319//384 376//384
f 406//385 357//385 417//385
f 1327//386 1325//386 1210//386
f 390//387 406//387 408//387
f 399//388 398//388 429//388
f 470//389 670//389 456//389
f 409//390 250//390 421//390
f 350//391 392//391 278//391
f 570//392 576//392 349//392
f 269//393 4//393 1683//393
f 382//394 424//394 350//394
f 259//395 254//395 1663//395
f 439//396 325//396 305//396
f 375//397 237//397 399//397
f 865//398 111//398 112//398
f 398//399 284//399 461//399
f 401//400 377//400 163//400
f 527//401 680//401 1309//401
f 828//402 728//402 47//402
f 47//403 841//403 828//403
f 464//404 331//404 251//404
f 199//405 1634//405 955//405
f 699//406 168//406 217//406
f 637//407 118//407 138//407
f 449//408 378//408 419//408
f 1078//409 704//409 328//409
f 453//410 367//410 390//410
f 251//411 290//411 466//411
f 692//412 150//412 397//412
f 410//413 394//413 454//413
f 277//414 696//414 129//414
f 455//415 462//415 175//415
f 1036//416 52//416 561//416
f 305//417 383//417 438//417
f 333//418 388//418 282//418
f 277//419 1241//419 825//419
f 166//420 455//420 442//420
f 342//421 378//421 463//421
f 336//422 472//422 321//422
f 463//423 337//423 342//423
f 928//424 109//424 987//424
f 419//425 378//425 434//425
f 313//426 321//426 450//426
f 410//427 454//427 379//427
f 1274//428 46//428 373//428
f 110//429 361//429 1225//429
f 441//430 479//430 440//430
f 306//431 427//431 933//431
f 609//432 524//432 551//432
f 155//433 84//433 126//433
f 472//434 336//434 375//434
f 1091//435 1230//435 1031//435
f 146//436 127//436 586//436
f 161//437 422//437 516//437
f 376//438 417//438 357//438
f 450//439 321//439 472//439
f 403//440 331//440 464//440
f 228//441 233//441 1706//441
f 608//442 606//442 382//442
f 451//443 418//443 379//443
f 226//444 1473//444 254//444
f 712//445 938//445 579//445
f 457//446 458//446 462//446
f 424//447 392//447 350//447
f 383//448 371//448 569//448
f 348//449 534//449 351//449
f 439//450 305//450 438//450
f 255//451 338//451 208//451
f 429//452 540//452 399//452
f 1447//453 306//453 933//453
f 461//454 429//454 398//454
f 773//455 705//455 359//455
f 576//456 498//456 693//456
f 432//457 309//457 337//457
f 239//458 330//458 342//458
f 451//459 474//459 418//459
f 450//460 472//460 545//460
f 303//461 1574//461 971//461
f 466//462 290//462 392//462
f 90//463 1219//463 1125//463
f 409//464 569//464 371//464
f 394//465 351//465 454//465
f 24//466 1731//466 39//466
f 416//467 194//467 431//467
f 385//468 386//468 426//468
f 459//469 388//469 333//469
f 480//470 388//470 459//470
f 99//471 84//471 157//471
f 689//472 266//472 710//472
f 579//473 928//473 987//473
f 480//474 460//474 483//474
f 487//475 393//475 193//475
f 161//476 181//476 152//476
f 797//477 249//477 289//477
f 319//478 471//478 513//478
f 1523//479 1476//479 1375//479
f 454//480 451//480 379//480
f 452//481 1435//481 221//481
f 439//482 441//482 440//482
f 509//483 493//483 507//483
f 3//484 7//484 13//484
f 383//485 385//485 225//485
f 1028//486 567//486 220//486
f 210//487 448//487 452//487
f 333//488 256//488 459//488
f 251//489 466//489 464//489
f 356//490 414//490 539//490
f 1077//491 819//491 318//491
f 1//492 35//492 55//492
f 432//493 512//493 374//493
f 305//494 265//494 386//494
f 375//495 514//495 472//495
f 393//496 728//496 193//496
f 376//497 517//497 417//497
f 50//498 48//498 53//498
f 690//499 326//499 719//499
f 307//500 556//500 719//500
f 701//501 1128//501 130//501
f 1105//502 488//502 734//502
f 565//503 971//503 861//503
f 390//504 476//504 453//504
f 351//505 534//505 454//505
f 392//506 424//506 606//506
f 383//507 569//507 438//507
f 202//508 262//508 278//508
f 493//509 509//509 506//509
f 511//510 471//510 356//510
f 672//511 690//511 719//511
f 511//512 513//512 471//512
f 534//513 348//513 450//513
f 129//514 486//514 993//514
f 277//515 129//515 548//515
f 502//516 402//516 453//516
f 402//517 502//517 434//517
f 665//518 631//518 545//518
f 154//519 224//519 255//519
f 439//520 426//520 281//520
f 504//521 538//521 526//521
f 197//522 423//522 659//522
f 302//523 383//523 246//523
f 396//524 388//524 530//524
f 388//525 480//525 530//525
f 512//526 483//526 374//526
f 356//527 539//527 511//527
f 578//528 400//528 377//528
f 495//529 514//529 375//529
f 513//530 376//530 319//530
f 544//531 432//531 337//531
f 55//532 34//532 30//532
f 421//533 403//533 546//533
f 533//534 464//534 466//534
f 1112//535 341//535 184//535
f 367//536 402//536 330//536
f 268//537 374//537 355//537
f 453//538 524//538 502//538
f 524//539 536//539 502//539
f 159//540 136//540 1628//540
f 476//541 550//541 524//541
f 135//542 92//542 144//542
f 537//543 439//543 438//543
f 393//544 487//544 630//544
f 141//545 167//545 120//545
f 479//546 572//546 440//546
f 1183//547 19//547 983//547
f 1045//548 847//548 1516//548
f 538//549 493//549 506//549
f 504//550 493//550 538//550
f 264//551 766//551 397//551
f 1694//552 1524//552 194//552
f 622//553 493//553 504//553
f 227//554 1682//554 457//554
f 531//555 495//555 375//555
f 551//556 550//556 636//556
f 578//557 461//557 400//557
f 21//558 217//558 168//558
f 594//559 463//559 449//559
f 332//560 340//560 990//560
f 522//561 418//561 474//561
f 142//562 360//562 149//562
f 476//563 524//563 453//563
f 220//564 597//564 755//564
f 449//565 463//565 378//565
f 552//566 441//566 439//566
f 441//567 552//567 573//567
f 769//568 835//568 631//568
f 545//569 472//569 514//569
f 369//570 760//570 263//570
f 1679//571 368//571 1389//571
f 539//572 396//572 530//572
f 630//573 610//573 393//573
f 563//574 726//574 517//574
f 74//575 974//575 82//575
f 245//576 232//576 1137//576
f 972//577 257//577 433//577
f 376//578 563//578 517//578
f 564//579 546//579 403//579
f 558//580 66//580 749//580
f 449//581 419//581 594//581
f 1656//582 116//582 1723//582
f 807//583 1617//583 74//583
f 561//584 52//584 865//584
f 424//585 382//585 606//585
f 550//586 551//586 524//586
f 407//587 889//587 1254//587
f 80//588 93//588 9//588
f 264//589 397//589 804//589
f 862//590 304//590 870//590
f 538//591 671//591 526//591
f 916//592 1134//592 353//592
f 573//593 479//593 441//593
f 1572//594 108//594 1726//594
f 675//595 677//595 618//595
f 19//596 1183//596 1382//596
f 480//597 577//597 530//597
f 480//598 483//598 577//598
f 540//599 531//599 399//599
f 375//600 399//600 531//600
f 514//601 648//601 545//601
f 1660//602 329//602 117//602
f 571//603 575//603 585//603
f 454//604 534//604 584//604
f 1036//605 561//605 1466//605
f 728//606 486//606 47//606
f 630//607 487//607 837//607
f 487//608 548//608 837//608
f 279//609 291//609 565//609
f 526//610 671//610 636//610
f 572//611 426//611 439//611
f 434//612 378//612 402//612
f 749//613 66//613 407//613
f 147//614 153//614 1147//614
f 847//615 1045//615 209//615
f 605//616 522//616 474//616
f 559//617 509//617 507//617
f 130//618 1713//618 1660//618
f 874//619 846//619 742//619
f 539//620 618//620 511//620
f 337//621 463//621 594//621
f 474//622 451//622 605//622
f 476//623 408//623 517//623
f 419//624 434//624 502//624
f 451//625 711//625 566//625
f 609//626 684//626 524//626
f 976//627 1516//627 49//627
f 684//628 536//628 524//628
f 112//629 1225//629 581//629
f 322//630 776//630 299//630
f 115//631 112//631 581//631
f 439//632 537//632 638//632
f 552//633 439//633 638//633
f 544//634 483//634 512//634
f 611//635 571//635 585//635
f 520//636 270//636 519//636
f 616//637 635//637 1703//637
f 506//638 602//638 538//638
f 393//639 610//639 728//639
f 429//640 603//640 642//640
f 248//641 389//641 244//641
f 512//642 432//642 544//642
f 54//643 1307//643 702//643
f 1432//644 44//644 1128//644
f 1127//645 97//645 125//645
f 102//646 213//646 1703//646
f 534//647 450//647 545//647
f 466//648 392//648 606//648
f 464//649 533//649 403//649
f 1634//650 554//650 1164//650
f 695//651 780//651 1078//651
f 563//652 376//652 513//652
f 1703//653 1329//653 616//653
f 669//654 655//654 585//654
f 339//655 708//655 724//655
f 139//656 1176//656 365//656
f 62//657 724//657 902//657
f 611//658 600//658 571//658
f 1513//659 1421//659 1467//659
f 443//660 199//660 955//660
f 337//661 594//661 544//661
f 725//662 681//662 594//662
f 540//663 660//663 531//663
f 604//664 663//664 619//664
f 640//665 585//665 575//665
f 1578//666 1407//666 1619//666
f 604//667 619//667 646//667
f 619//668 546//668 646//668
f 529//669 1582//669 369//669
f 698//670 602//670 790//670
f 179//671 593//671 147//671
f 829//672 878//672 961//672
f 536//673 607//673 502//673
f 551//674 654//674 609//674
f 537//675 438//675 569//675
f 426//676 639//676 385//676
f 530//677 577//677 723//677
f 655//678 611//678 585//678
f 220//679 580//679 597//679
f 538//680 613//680 671//680
f 622//681 504//681 526//681
f 1641//682 1106//682 62//682
f 829//683 961//683 934//683
f 601//684 575//684 624//684
f 647//685 618//685 677//685
f 602//686 506//686 509//686
f 1447//687 1335//687 360//687
f 500//688 263//688 760//688
f 627//689 646//689 546//689
f 207//690 200//690 1561//690
f 546//691 564//691 627//691
f 635//692 954//692 102//692
f 206//693 448//693 210//693
f 546//694 619//694 421//694
f 564//695 403//695 533//695
f 1345//696 192//696 1463//696
f 470//697 473//697 670//697
f 646//698 694//698 764//698
f 880//699 1219//699 362//699
f 713//700 454//700 584//700
f 810//701 502//701 607//701
f 1106//702 856//702 38//702
f 684//703 607//703 536//703
f 749//704 1035//704 1539//704
f 443//705 730//705 576//705
f 526//706 636//706 622//706
f 612//707 639//707 426//707
f 408//708 476//708 390//708
f 507//709 658//709 559//709
f 107//710 635//710 616//710
f 660//711 625//711 531//711
f 495//712 531//712 625//712
f 511//713 618//713 647//713
f 377//714 626//714 578//714
f 648//715 514//715 495//715
f 650//716 563//716 513//716
f 626//717 401//717 418//717
f 726//718 476//718 517//718
f 861//719 971//719 1574//719
f 545//720 631//720 534//720
f 419//721 502//721 810//721
f 713//722 523//722 454//722
f 668//723 550//723 476//723
f 636//724 550//724 668//724
f 316//725 1078//725 780//725
f 609//726 654//726 684//726
f 654//727 551//727 671//727
f 640//728 669//728 585//728
f 253//729 862//729 870//729
f 1709//730 1729//730 50//730
f 575//731 600//731 624//731
f 660//732 540//732 642//732
f 296//733 595//733 74//733
f 24//734 614//734 1731//734
f 406//735 517//735 408//735
f 461//736 721//736 429//736
f 461//737 578//737 721//737
f 603//738 429//738 721//738
f 648//739 495//739 678//739
f 511//740 650//740 513//740
f 608//741 382//741 385//741
f 648//742 665//742 545//742
f 1219//743 910//743 1352//743
f 682//744 533//744 666//744
f 421//745 619//745 651//745
f 1168//746 1189//746 14//746
f 688//747 775//747 624//747
f 594//748 419//748 810//748
f 785//749 569//749 421//749
f 584//750 534//750 631//750
f 118//751 637//751 1191//751
f 652//752 666//752 466//752
f 655//753 684//753 654//753
f 503//754 443//754 598//754
f 251//755 250//755 178//755
f 716//756 671//756 739//756
f 480//757 355//757 460//757
f 1549//758 1551//758 1512//758
f 447//759 916//759 387//759
f 219//760 863//760 620//760
f 354//761 256//761 171//761
f 951//762 972//762 433//762
f 646//763 627//763 694//763
f 626//764 661//764 578//764
f 604//765 722//765 679//765
f 906//766 940//766 1047//766
f 628//767 705//767 773//767
f 402//768 367//768 453//768
f 544//769 681//769 664//769
f 682//770 564//770 533//770
f 414//771 396//771 539//771
f 630//772 478//772 610//772
f 610//773 478//773 728//773
f 349//774 527//774 570//774
f 537//775 569//775 638//775
f 699//776 567//776 1028//776
f 102//777 1703//777 635//777
f 37//778 93//778 1432//778
f 718//779 814//779 559//779
f 551//780 636//780 671//780
f 462//781 455//781 1059//781
f 339//782 1078//782 560//782
f 385//783 639//783 608//783
f 538//784 698//784 613//784
f 148//785 933//785 132//785
f 493//786 657//786 658//786
f 193//787 728//787 828//787
f 608//788 652//788 606//788
f 688//789 600//789 611//789
f 1703//790 213//790 61//790
f 863//791 557//791 620//791
f 600//792 688//792 624//792
f 580//793 567//793 1232//793
f 616//794 800//794 1189//794
f 679//795 663//795 604//795
f 552//796 638//796 687//796
f 681//797 544//797 594//797
f 300//798 53//798 48//798
f 607//799 684//799 669//799
f 818//800 722//800 816//800
f 1204//801 1169//801 1084//801
f 811//802 611//802 655//802
f 119//803 1409//803 364//803
f 552//804 687//804 573//804
f 740//805 612//805 572//805
f 611//806 811//806 729//806
f 61//807 1329//807 1703//807
f 555//808 229//808 245//808
f 740//809 572//809 479//809
f 254//810 787//810 226//810
f 1678//811 260//811 898//811
f 323//812 951//812 982//812
f 591//813 1608//813 468//813
f 718//814 559//814 658//814
f 4//815 1721//815 1683//815
f 283//816 556//816 307//816
f 429//817 642//817 540//817
f 673//818 602//818 509//818
f 404//819 1714//819 1645//819
f 600//820 575//820 571//820
f 326//821 997//821 946//821
f 577//822 483//822 706//822
f 544//823 706//823 483//823
f 651//824 619//824 663//824
f 179//825 659//825 405//825
f 530//826 618//826 539//826
f 626//827 418//827 697//827
f 714//828 607//828 669//828
f 668//829 715//829 636//829
f 654//830 738//830 655//830
f 669//831 640//831 717//831
f 616//832 1329//832 800//832
f 1128//833 44//833 1437//833
f 715//834 622//834 636//834
f 1011//835 883//835 1013//835
f 785//836 638//836 569//836
f 642//837 603//837 720//837
f 82//838 911//838 807//838
f 618//839 530//839 675//839
f 495//840 625//840 678//840
f 1599//841 1558//841 1520//841
f 627//842 732//842 694//842
f 1036//843 1466//843 1166//843
f 170//844 1461//844 712//844
f 647//845 707//845 511//845
f 706//846 544//846 664//846
f 563//847 650//847 746//847
f 695//848 339//848 724//848
f 807//849 74//849 82//849
f 616//850 1168//850 107//850
f 522//851 605//851 753//851
f 42//852 341//852 556//852
f 1706//853 233//853 482//853
f 1118//854 152//854 364//854
f 736//855 522//855 753//855
f 1198//856 45//856 67//856
f 1127//857 131//857 924//857
f 836//858 708//858 560//858
f 57//859 1015//859 562//859
f 751//860 1189//860 800//860
f 1730//861 750//861 754//861
f 721//862 743//862 603//862
f 792//863 723//863 820//863
f 1345//864 467//864 1152//864
f 569//865 409//865 421//865
f 616//866 1189//866 1168//866
f 658//867 657//867 759//867
f 1250//868 1200//868 1121//868
f 601//869 789//869 691//869
f 1360//870 241//870 492//870
f 377//871 401//871 626//871
f 1171//872 107//872 1168//872
f 1571//873 238//873 629//873
f 908//874 798//874 907//874
f 721//875 578//875 661//875
f 1372//876 363//876 1601//876
f 477//877 1170//877 485//877
f 577//878 706//878 723//878
f 679//879 744//879 663//879
f 744//880 679//880 778//880
f 1171//881 1168//881 645//881
f 511//882 707//882 650//882
f 697//883 418//883 522//883
f 736//884 697//884 522//884
f 47//885 486//885 129//885
f 478//886 518//886 728//886
f 523//887 713//887 711//887
f 721//888 661//888 743//888
f 716//889 738//889 654//889
f 654//890 671//890 716//890
f 1582//891 1101//891 369//891
f 613//892 739//892 671//892
f 1271//893 289//893 249//893
f 612//894 740//894 758//894
f 718//895 658//895 759//895
f 729//896 688//896 611//896
f 719//897 341//897 672//897
f 673//898 509//898 559//898
f 37//899 9//899 93//899
f 814//900 673//900 559//900
f 847//901 481//901 1516//901
f 784//902 756//902 843//902
f 642//903 720//903 742//903
f 720//904 603//904 743//904
f 806//905 1120//905 35//905
f 468//906 508//906 1371//906
f 895//907 1559//907 1673//907
f 1367//908 1374//908 289//908
f 954//909 635//909 107//909
f 1675//910 11//910 1519//910
f 661//911 626//911 697//911
f 521//912 793//912 621//912
f 1168//913 14//913 645//913
f 566//914 711//914 605//914
f 594//915 810//915 725//915
f 274//916 806//916 340//916
f 713//917 771//917 711//917
f 1274//918 373//918 1288//918
f 644//919 637//919 136//919
f 691//920 717//920 640//920
f 589//921 645//921 587//921
f 624//922 789//922 601//922
f 995//923 907//923 906//923
f 133//924 924//924 131//924
f 501//925 532//925 525//925
f 311//926 318//926 819//926
f 125//927 1701//927 1702//927
f 752//928 694//928 732//928
f 612//929 426//929 572//929
f 479//930 573//930 740//930
f 1138//931 557//931 863//931
f 746//932 726//932 563//932
f 769//933 665//933 747//933
f 1020//934 1274//934 1288//934
f 1164//935 554//935 219//935
f 714//936 669//936 717//936
f 646//937 764//937 722//937
f 638//938 737//938 687//938
f 608//939 756//939 652//939
f 716//940 757//940 738//940
f 786//941 612//941 758//941
f 595//942 380//942 74//942
f 757//943 716//943 739//943
f 1237//944 1124//944 1068//944
f 1519//945 788//945 1675//945
f 481//946 847//946 1134//946
f 1574//947 1511//947 861//947
f 764//948 816//948 722//948
f 560//949 634//949 836//949
f 679//950 722//950 818//950
f 1127//951 924//951 1317//951
f 477//952 745//952 1170//952
f 443//953 576//953 598//953
f 735//954 682//954 781//954
f 681//955 725//955 664//955
f 648//956 747//956 665//956
f 1539//957 1035//957 712//957
f 579//958 170//958 712//958
f 715//959 668//959 772//959
f 639//960 612//960 786//960
f 657//961 715//961 759//961
f 687//962 740//962 573//962
f 802//963 739//963 613//963
f 257//964 340//964 332//964
f 1516//965 976//965 1045//965
f 267//966 488//966 275//966
f 742//967 805//967 642//967
f 1152//968 173//968 1345//968
f 765//969 764//969 694//969
f 679//970 818//970 778//970
f 779//971 733//971 678//971
f 565//972 861//972 248//972
f 769//973 859//973 939//973
f 133//974 1693//974 925//974
f 769//975 631//975 665//975
f 713//976 631//976 771//976
f 1335//977 149//977 360//977
f 652//978 756//978 784//978
f 759//979 715//979 772//979
f 691//980 813//980 717//980
f 802//981 613//981 698//981
f 1187//982 372//982 26//982
f 131//983 125//983 1702//983
f 404//984 416//984 431//984
f 248//985 1151//985 565//985
f 303//986 761//986 301//986
f 660//987 642//987 805//987
f 660//988 791//988 625//988
f 675//989 530//989 792//989
f 456//990 876//990 637//990
f 138//991 456//991 637//991
f 1274//992 1176//992 139//992
f 866//993 675//993 792//993
f 661//994 777//994 743//994
f 916//995 353//995 30//995
f 661//996 796//996 777//996
f 831//997 647//997 677//997
f 955//998 1154//998 1463//998
f 697//999 796//999 661//999
f 723//1000 706//1000 808//1000
f 427//1001 132//1001 933//1001
f 115//1002 581//1002 823//1002
f 607//1003 714//1003 810//1003
f 822//1004 809//1004 651//1004
f 601//1005 691//1005 575//1005
f 1629//1006 686//1006 1352//1006
f 1147//1007 153//1007 412//1007
f 608//1008 639//1008 756//1008
f 687//1009 737//1009 798//1009
f 799//1010 759//1010 772//1010
f 717//1011 813//1011 826//1011
f 358//1012 344//1012 583//1012
f 206//1013 431//1013 194//1013
f 687//1014 801//1014 740//1014
f 773//1015 555//1015 541//1015
f 965//1016 1473//1016 244//1016
f 789//1017 813//1017 691//1017
f 673//1018 790//1018 602//1018
f 274//1019 1099//1019 806//1019
f 345//1020 634//1020 43//1020
f 584//1021 631//1021 713//1021
f 1118//1022 649//1022 152//1022
f 905//1023 958//1023 940//1023
f 1249//1024 1455//1024 1353//1024
f 723//1025 808//1025 820//1025
f 678//1026 733//1026 648//1026
f 557//1027 207//1027 1561//1027
f 821//1028 736//1028 753//1028
f 821//1029 796//1029 736//1029
f 1294//1030 317//1030 827//1030
f 14//1031 751//1031 912//1031
f 631//1032 835//1032 771//1032
f 666//1033 784//1033 682//1033
f 809//1034 785//1034 651//1034
f 726//1035 842//1035 668//1035
f 1352//1036 667//1036 320//1036
f 731//1037 160//1037 149//1037
f 886//1038 772//1038 668//1038
f 811//1039 738//1039 757//1039
f 209//1040 344//1040 847//1040
f 737//1041 638//1041 785//1041
f 738//1042 811//1042 655//1042
f 789//1043 838//1043 813//1043
f 428//1044 140//1044 1628//1044
f 765//1045 830//1045 923//1045
f 51//1046 209//1046 1045//1046
f 1285//1047 1158//1047 1166//1047
f 816//1048 817//1048 818//1048
f 530//1049 723//1049 792//1049
f 732//1050 735//1050 832//1050
f 735//1051 781//1051 832//1051
f 833//1052 706//1052 664//1052
f 1189//1053 751//1053 14//1053
f 1461//1054 1134//1054 916//1054
f 423//1055 1647//1055 659//1055
f 784//1056 666//1056 652//1056
f 676//1057 67//1057 560//1057
f 886//1058 668//1058 824//1058
f 714//1059 717//1059 826//1059
f 1171//1060 645//1060 143//1060
f 639//1061 786//1061 756//1061
f 772//1062 899//1062 799//1062
f 799//1063 899//1063 759//1063
f 855//1064 757//1064 739//1064
f 1198//1065 67//1065 676//1065
f 813//1066 838//1066 826//1066
f 759//1067 899//1067 718//1067
f 790//1068 802//1068 698//1068
f 587//1069 645//1069 14//1069
f 688//1070 729//1070 775//1070
f 672//1071 1675//1071 690//1071
f 775//1072 921//1072 624//1072
f 743//1073 815//1073 720//1073
f 743//1074 829//1074 815//1074
f 830//1075 694//1075 752//1075
f 796//1076 829//1076 777//1076
f 61//1077 1540//1077 1329//1077
f 1198//1078 676//1078 317//1078
f 832//1079 927//1079 752//1079
f 747//1080 648//1080 733//1080
f 729//1081 811//1081 900//1081
f 706//1082 833//1082 808//1082
f 35//1083 1120//1083 55//1083
f 682//1084 784//1084 781//1084
f 760//1085 1271//1085 500//1085
f 634//1086 560//1086 67//1086
f 476//1087 726//1087 668//1087
f 1093//1088 1387//1088 324//1088
f 802//1089 855//1089 739//1089
f 744//1090 651//1090 663//1090
f 806//1091 35//1091 340//1091
f 742//1092 815//1092 874//1092
f 815//1093 742//1093 720//1093
f 728//1094 1235//1094 486//1094
f 518//1095 1235//1095 728//1095
f 223//1096 70//1096 65//1096
f 744//1097 778//1097 851//1097
f 1008//1098 362//1098 43//1098
f 1663//1099 1707//1099 1664//1099
f 707//1100 746//1100 650//1100
f 1173//1101 240//1101 1170//1101
f 753//1102 605//1102 770//1102
f 931//1103 860//1103 842//1103
f 247//1104 156//1104 236//1104
f 711//1105 771//1105 770//1105
f 860//1106 824//1106 668//1106
f 798//1107 737//1107 785//1107
f 1151//1108 366//1108 279//1108
f 213//1109 102//1109 963//1109
f 687//1110 798//1110 801//1110
f 38//1111 1194//1111 1295//1111
f 42//1112 556//1112 985//1112
f 1276//1113 264//1113 1089//1113
f 814//1114 718//1114 899//1114
f 485//1115 1170//1115 240//1115
f 586//1116 1602//1116 1542//1116
f 624//1117 921//1117 789//1117
f 742//1118 846//1118 805//1118
f 765//1119 816//1119 764//1119
f 373//1120 46//1120 685//1120
f 970//1121 874//1121 922//1121
f 23//1122 882//1122 856//1122
f 678//1123 840//1123 779//1123
f 1196//1124 1246//1124 1220//1124
f 1650//1125 1371//1125 276//1125
f 1101//1126 767//1126 369//1126
f 660//1127 805//1127 791//1127
f 868//1128 821//1128 753//1128
f 852//1129 869//1129 784//1129
f 834//1130 781//1130 784//1130
f 6//1131 23//1131 1083//1131
f 853//1132 714//1132 872//1132
f 842//1133 860//1133 668//1133
f 899//1134 772//1134 886//1134
f 746//1135 842//1135 726//1135
f 794//1136 888//1136 1582//1136
f 1083//1137 864//1137 6//1137
f 786//1138 758//1138 801//1138
f 786//1139 801//1139 887//1139
f 756//1140 786//1140 843//1140
f 854//1141 757//1141 855//1141
f 104//1142 596//1142 819//1142
f 1437//1143 928//1143 130//1143
f 814//1144 918//1144 673//1144
f 921//1145 838//1145 789//1145
f 843//1146 786//1146 887//1146
f 820//1147 849//1147 792//1147
f 822//1148 744//1148 851//1148
f 820//1149 808//1149 914//1149
f 201//1150 503//1150 628//1150
f 858//1151 747//1151 733//1151
f 407//1152 297//1152 749//1152
f 649//1153 1118//1153 21//1153
f 802//1154 909//1154 855//1154
f 481//1155 1134//1155 1461//1155
f 364//1156 430//1156 132//1156
f 1707//1157 269//1157 1683//1157
f 818//1158 817//1158 857//1158
f 849//1159 820//1159 892//1159
f 858//1160 733//1160 779//1160
f 796//1161 697//1161 736//1161
f 879//1162 796//1162 821//1162
f 173//1163 1456//1163 412//1163
f 101//1164 343//1164 122//1164
f 833//1165 914//1165 808//1165
f 322//1166 299//1166 420//1166
f 883//1167 664//1167 725//1167
f 747//1168 859//1168 769//1168
f 884//1169 753//1169 770//1169
f 784//1170 869//1170 834//1170
f 272//1171 497//1171 1718//1171
f 897//1172 770//1172 835//1172
f 897//1173 896//1173 770//1173
f 852//1174 784//1174 843//1174
f 907//1175 871//1175 906//1175
f 854//1176 873//1176 757//1176
f 159//1177 147//1177 593//1177
f 138//1178 118//1178 164//1178
f 875//1179 791//1179 805//1179
f 937//1180 944//1180 1005//1180
f 1040//1181 295//1181 549//1181
f 1617//1182 312//1182 74//1182
f 779//1183 840//1183 903//1183
f 549//1184 1727//1184 1040//1184
f 741//1185 484//1185 1696//1185
f 866//1186 831//1186 677//1186
f 1145//1187 1158//1187 1048//1187
f 829//1188 796//1188 878//1188
f 104//1189 819//1189 1077//1189
f 1120//1190 806//1190 986//1190
f 781//1191 834//1191 832//1191
f 858//1192 859//1192 747//1192
f 868//1193 753//1193 884//1193
f 532//1194 1240//1194 1718//1194
f 883//1195 725//1195 853//1195
f 1147//1196 436//1196 147//1196
f 793//1197 591//1197 621//1197
f 447//1198 1461//1198 916//1198
f 340//1199 294//1199 274//1199
f 900//1200 811//1200 873//1200
f 192//1201 443//1201 1463//1201
f 143//1202 645//1202 589//1202
f 625//1203 840//1203 678//1203
f 586//1204 127//1204 134//1204
f 817//1205 816//1205 890//1205
f 816//1206 765//1206 891//1206
f 358//1207 340//1207 1//1207
f 858//1208 779//1208 903//1208
f 878//1209 796//1209 879//1209
f 469//1210 587//1210 14//1210
f 746//1211 707//1211 893//1211
f 664//1212 883//1212 833//1212
f 951//1213 1103//1213 974//1213
f 582//1214 1208//1214 490//1214
f 940//1215 871//1215 785//1215
f 853//1216 725//1216 810//1216
f 907//1217 798//1217 785//1217
f 1076//1218 1099//1218 274//1218
f 67//1219 43//1219 634//1219
f 838//1220 921//1220 901//1220
f 814//1221 899//1221 918//1221
f 198//1222 1516//1222 435//1222
f 918//1223 790//1223 673//1223
f 905//1224 940//1224 809//1224
f 1456//1225 173//1225 1152//1225
f 829//1226 922//1226 815//1226
f 944//1227 817//1227 890//1227
f 1610//1228 184//1228 1590//1228
f 941//1229 901//1229 996//1229
f 926//1230 792//1230 892//1230
f 949//1231 851//1231 857//1231
f 1559//1232 11//1232 1673//1232
f 884//1233 770//1233 957//1233
f 1175//1234 242//1234 240//1234
f 907//1235 785//1235 871//1235
f 843//1236 887//1236 908//1236
f 872//1237 714//1237 826//1237
f 421//1238 651//1238 785//1238
f 846//1239 875//1239 805//1239
f 42//1240 184//1240 341//1240
f 995//1241 906//1241 1179//1241
f 809//1242 822//1242 905//1242
f 1572//1243 1469//1243 1691//1243
f 829//1244 743//1244 777//1244
f 792//1245 849//1245 892//1245
f 161//1246 168//1246 812//1246
f 927//1247 830//1247 752//1247
f 988//1248 858//1248 903//1248
f 1071//1249 1121//1249 1018//1249
f 820//1250 914//1250 892//1250
f 791//1251 840//1251 625//1251
f 842//1252 989//1252 931//1252
f 895//1253 1675//1253 672//1253
f 957//1254 770//1254 896//1254
f 919//1255 1697//1255 151//1255
f 871//1256 940//1256 906//1256
f 1059//1257 615//1257 457//1257
f 908//1258 887//1258 798//1258
f 854//1259 855//1259 932//1259
f 192//1260 730//1260 443//1260
f 232//1261 245//1261 229//1261
f 993//1262 548//1262 129//1262
f 900//1263 775//1263 729//1263
f 890//1264 816//1264 891//1264
f 765//1265 923//1265 891//1265
f 895//1266 346//1266 1559//1266
f 792//1267 936//1267 866//1267
f 817//1268 944//1268 857//1268
f 1218//1269 904//1269 425//1269
f 866//1270 936//1270 831//1270
f 1675//1271 788//1271 690//1271
f 344//1272 590//1272 847//1272
f 929//1273 927//1273 832//1273
f 879//1274 821//1274 868//1274
f 834//1275 929//1275 832//1275
f 893//1276 707//1276 831//1276
f 1194//1277 286//1277 783//1277
f 1102//1278 528//1278 1393//1278
f 835//1279 769//1279 939//1279
f 692//1280 397//1280 1102//1280
f 1136//1281 102//1281 954//1281
f 896//1282 897//1282 992//1282
f 952//1283 869//1283 852//1283
f 1274//1284 1020//1284 1479//1284
f 843//1285 908//1285 852//1285
f 227//1286 615//1286 465//1286
f 1176//1287 1274//1287 1479//1287
f 917//1288 899//1288 886//1288
f 488//1289 267//1289 795//1289
f 932//1290 855//1290 909//1290
f 1136//1291 963//1291 102//1291
f 541//1292 555//1292 1141//1292
f 213//1293 623//1293 61//1293
f 369//1294 767//1294 760//1294
f 454//1295 523//1295 451//1295
f 948//1296 892//1296 914//1296
f 63//1297 57//1297 968//1297
f 947//1298 1043//1298 831//1298
f 1675//1299 895//1299 1673//1299
f 1137//1300 183//1300 755//1300
f 965//1301 1270//1301 494//1301
f 710//1302 542//1302 366//1302
f 746//1303 893//1303 989//1303
f 446//1304 1716//1304 754//1304
f 1605//1305 206//1305 194//1305
f 977//1306 853//1306 872//1306
f 934//1307 922//1307 829//1307
f 917//1308 886//1308 953//1308
f 732//1309 832//1309 752//1309
f 1603//1310 148//1310 384//1310
f 875//1311 846//1311 970//1311
f 945//1312 891//1312 923//1312
f 792//1313 935//1313 936//1313
f 994//1314 1541//1314 107//1314
f 840//1315 791//1315 875//1315
f 927//1316 923//1316 830//1316
f 792//1317 926//1317 935//1317
f 947//1318 831//1318 936//1318
f 1292//1319 915//1319 776//1319
f 917//1320 978//1320 1157//1320
f 260//1321 1725//1321 904//1321
f 1519//1322 26//1322 425//1322
f 851//1323 905//1323 822//1323
f 1374//1324 1367//1324 850//1324
f 831//1325 1043//1325 893//1325
f 809//1326 940//1326 785//1326
f 884//1327 957//1327 868//1327
f 938//1328 363//1328 700//1328
f 994//1329 107//1329 1171//1329
f 557//1330 241//1330 1360//1330
f 941//1331 838//1331 901//1331
f 899//1332 917//1332 918//1332
f 95//1333 1015//1333 57//1333
f 790//1334 918//1334 909//1334
f 219//1335 620//1335 848//1335
f 48//1336 50//1336 1060//1336
f 922//1337 874//1337 815//1337
f 935//1338 1004//1338 936//1338
f 937//1339 857//1339 944//1339
f 1067//1340 219//1340 848//1340
f 1231//1341 567//1341 699//1341
f 905//1342 851//1342 949//1342
f 857//1343 1010//1343 949//1343
f 950//1344 879//1344 868//1344
f 853//1345 810//1345 714//1345
f 1019//1346 1080//1346 1001//1346
f 1164//1347 233//1347 228//1347
f 1015//1348 32//1348 562//1348
f 939//1349 897//1349 835//1349
f 48//1350 1668//1350 295//1350
f 854//1351 900//1351 873//1351
f 967//1352 1001//1352 966//1352
f 1001//1353 1002//1353 969//1353
f 231//1354 797//1354 1374//1354
f 1001//1355 969//1355 966//1355
f 934//1356 959//1356 922//1356
f 228//1357 1634//1357 1164//1357
f 1290//1358 1341//1358 1458//1358
f 136//1359 343//1359 644//1359
f 557//1360 1360//1360 620//1360
f 1419//1361 1008//1361 85//1361
f 937//1362 1010//1362 857//1362
f 85//1363 1117//1363 238//1363
f 595//1364 95//1364 63//1364
f 1711//1365 10//1365 1722//1365
f 1049//1366 834//1366 869//1366
f 228//1367 955//1367 1634//1367
f 1013//1368 883//1368 853//1368
f 277//1369 548//1369 487//1369
f 824//1370 860//1370 1014//1370
f 852//1371 908//1371 952//1371
f 824//1372 953//1372 886//1372
f 1120//1373 111//1373 774//1373
f 967//1374 966//1374 1054//1374
f 147//1375 159//1375 1628//1375
f 9//1376 37//1376 1142//1376
f 1018//1377 1033//1377 981//1377
f 966//1378 969//1378 979//1378
f 890//1379 984//1379 944//1379
f 527//1380 1475//1380 680//1380
f 963//1381 1136//1381 641//1381
f 1697//1382 919//1382 198//1382
f 934//1383 961//1383 1022//1383
f 491//1384 1360//1384 492//1384
f 892//1385 948//1385 926//1385
f 973//1386 879//1386 950//1386
f 1393//1387 692//1387 1102//1387
f 989//1388 1064//1388 1063//1388
f 957//1389 950//1389 868//1389
f 793//1390 1608//1390 591//1390
f 1466//1391 561//1391 112//1391
f 962//1392 931//1392 989//1392
f 1053//1393 283//1393 307//1393
f 160//1394 731//1394 415//1394
f 965//1395 269//1395 1473//1395
f 940//1396 958//1396 1047//1396
f 711//1397 770//1397 605//1397
f 942//1398 890//1398 891//1398
f 953//1399 824//1399 1014//1399
f 1295//1400 783//1400 316//1400
f 880//1401 362//1401 1008//1401
f 900//1402 996//1402 901//1402
f 1054//1403 966//1403 979//1403
f 953//1404 1014//1404 1070//1404
f 980//1405 981//1405 1033//1405
f 967//1406 1019//1406 1001//1406
f 1045//1407 1103//1407 51//1407
f 641//1408 1055//1408 963//1408
f 589//1409 124//1409 22//1409
f 846//1410 874//1410 970//1410
f 1013//1411 1050//1411 1110//1411
f 1100//1412 981//1412 1038//1412
f 724//1413 62//1413 695//1413
f 1003//1414 945//1414 923//1414
f 296//1415 95//1415 595//1415
f 213//1416 963//1416 623//1416
f 589//1417 22//1417 143//1417
f 879//1418 961//1418 878//1418
f 478//1419 837//1419 762//1419
f 911//1420 702//1420 1307//1420
f 1218//1421 91//1421 904//1421
f 358//1422 1//1422 590//1422
f 914//1423 833//1423 1011//1423
f 117//1424 701//1424 1660//1424
f 1143//1425 87//1425 656//1425
f 991//1426 939//1426 859//1426
f 860//1427 931//1427 1014//1427
f 897//1428 939//1428 1129//1428
f 119//1429 364//1429 181//1429
f 12//1430 919//1430 151//1430
f 1030//1431 872//1431 941//1431
f 1125//1432 125//1432 97//1432
f 954//1433 107//1433 1111//1433
f 653//1434 87//1434 1143//1434
f 1056//1435 980//1435 1033//1435
f 1056//1436 998//1436 980//1436
f 999//1437 1119//1437 979//1437
f 804//1438 397//1438 685//1438
f 969//1439 999//1439 979//1439
f 644//1440 343//1440 1185//1440
f 766//1441 1102//1441 397//1441
f 269//1442 1707//1442 254//1442
f 935//1443 926//1443 1021//1443
f 68//1444 997//1444 326//1444
f 1086//1445 947//1445 936//1445
f 186//1446 1722//1446 40//1446
f 68//1447 326//1447 690//1447
f 98//1448 547//1448 70//1448
f 948//1449 914//1449 975//1449
f 1017//1450 1113//1450 1033//1450
f 628//1451 503//1451 693//1451
f 1063//1452 962//1452 989//1452
f 1154//1453 1695//1453 1651//1453
f 253//1454 1039//1454 662//1454
f 1010//1455 958//1455 905//1455
f 1010//1456 1025//1456 958//1456
f 1660//1457 1598//1457 329//1457
f 1487//1458 1513//1458 1690//1458
f 833//1459 883//1459 1011//1459
f 683//1460 369//1460 263//1460
f 896//1461 992//1461 957//1461
f 977//1462 1050//1462 853//1462
f 1091//1463 1031//1463 908//1463
f 632//1464 800//1464 1329//1464
f 1017//1465 1033//1465 1018//1465
f 189//1466 27//1466 59//1466
f 748//1467 599//1467 436//1467
f 980//1468 1038//1468 981//1468
f 935//1469 998//1469 1004//1469
f 935//1470 1021//1470 998//1470
f 761//1471 734//1471 803//1471
f 1086//1472 936//1472 1004//1472
f 1021//1473 926//1473 1062//1473
f 1276//1474 766//1474 264//1474
f 947//1475 1086//1475 1043//1475
f 1689//1476 274//1476 294//1476
f 1005//1477 984//1477 1098//1477
f 978//1478 917//1478 953//1478
f 1065//1479 989//1479 893//1479
f 937//1480 1025//1480 1010//1480
f 859//1481 1024//1481 991//1481
f 372//1482 425//1482 26//1482
f 1413//1483 543//1483 1307//1483
f 1050//1484 1013//1484 853//1484
f 897//1485 1129//1485 992//1485
f 945//1486 942//1486 891//1486
f 869//1487 952//1487 1049//1487
f 272//1488 1718//1488 1240//1488
f 787//1489 515//1489 266//1489
f 995//1490 908//1490 907//1490
f 901//1491 921//1491 900//1491
f 1650//1492 662//1492 234//1492
f 1051//1493 917//1493 1157//1493
f 680//1494 1009//1494 670//1494
f 1017//1495 1018//1495 1121//1495
f 1032//1496 854//1496 932//1496
f 275//1497 291//1497 542//1497
f 1054//1498 979//1498 1034//1498
f 21//1499 1564//1499 217//1499
f 1675//1500 1673//1500 11//1500
f 751//1501 800//1501 763//1501
f 155//1502 171//1502 196//1502
f 838//1503 941//1503 872//1503
f 245//1504 1137//1504 555//1504
f 773//1505 541//1505 628//1505
f 254//1506 1473//1506 269//1506
f 525//1507 497//1507 745//1507
f 903//1508 875//1508 960//1508
f 731//1509 149//1509 1335//1509
f 1000//1510 934//1510 1073//1510
f 1555//1511 1329//1511 535//1511
f 919//1512 12//1512 1426//1512
f 890//1513 1037//1513 984//1513
f 101//1514 297//1514 913//1514
f 1104//1515 969//1515 1002//1515
f 944//1516 984//1516 1005//1516
f 927//1517 1003//1517 923//1517
f 433//1518 332//1518 1235//1518
f 961//1519 1149//1519 1022//1519
f 1067//1520 1164//1520 219//1520
f 960//1521 1023//1521 903//1521
f 926//1522 948//1522 1062//1522
f 746//1523 989//1523 842//1523
f 941//1524 1156//1524 1030//1524
f 128//1525 99//1525 156//1525
f 328//1526 560//1526 1078//1526
f 1063//1527 1026//1527 962//1527
f 1046//1528 1115//1528 950//1528
f 929//1529 834//1529 1140//1529
f 1171//1530 143//1530 994//1530
f 217//1531 1231//1531 699//1531
f 318//1532 864//1532 1077//1532
f 1049//1533 1140//1533 834//1533
f 1065//1534 893//1534 1043//1534
f 962//1535 1069//1535 931//1535
f 11//1536 26//1536 1519//1536
f 510//1537 475//1537 200//1537
f 1009//1538 680//1538 885//1538
f 1030//1539 977//1539 872//1539
f 557//1540 1561//1540 241//1540
f 242//1541 795//1541 240//1541
f 1345//1542 1463//1542 1154//1542
f 1052//1543 900//1543 854//1543
f 1054//1544 1133//1544 967//1544
f 1092//1545 967//1545 1133//1545
f 877//1546 1564//1546 21//1546
f 1119//1547 1034//1547 979//1547
f 1018//1548 981//1548 1100//1548
f 365//1549 1604//1549 1574//1549
f 1119//1550 999//1550 998//1550
f 179//1551 436//1551 599//1551
f 478//1552 762//1552 518//1552
f 1111//1553 107//1553 1541//1553
f 1605//1554 448//1554 206//1554
f 346//1555 574//1555 11//1555
f 1062//1556 1082//1556 1021//1556
f 1270//1557 965//1557 244//1557
f 1080//1558 1064//1558 1086//1558
f 1043//1559 1064//1559 1065//1559
f 115//1560 1466//1560 112//1560
f 1475//1561 527//1561 349//1561
f 933//1562 158//1562 1447//1562
f 680//1563 1475//1563 885//1563
f 939//1564 991//1564 1129//1564
f 1012//1565 950//1565 957//1565
f 908//1566 1031//1566 952//1566
f 986//1567 111//1567 1120//1567
f 1051//1568 932//1568 909//1568
f 1133//1569 1054//1569 1034//1569
f 998//1570 1057//1570 1119//1570
f 33//1571 1722//1571 10//1571
f 147//1572 1007//1572 456//1572
f 1516//1573 481//1573 435//1573
f 701//1574 1432//1574 1128//1574
f 1071//1575 1018//1575 1100//1575
f 969//1576 1042//1576 999//1576
f 783//1577 286//1577 1604//1577
f 1000//1578 959//1578 934//1578
f 934//1579 1075//1579 1073//1579
f 49//1580 198//1580 919//1580
f 1021//1581 1082//1581 998//1581
f 1055//1582 709//1582 963//1582
f 570//1583 527//1583 1309//1583
f 221//1584 1059//1584 731//1584
f 875//1585 970//1585 1084//1585
f 1641//1586 62//1586 235//1586
f 1104//1587 1042//1587 969//1587
f 582//1588 1541//1588 1459//1588
f 1084//1589 960//1589 875//1589
f 1080//1590 1019//1590 1097//1590
f 1104//1591 1080//1591 1086//1591
f 1063//1592 1064//1592 1080//1592
f 1087//1593 961//1593 879//1593
f 858//1594 988//1594 1024//1594
f 344//1595 209//1595 990//1595
f 49//1596 1531//1596 976//1596
f 975//1597 914//1597 1011//1597
f 1012//1598 1046//1598 950//1598
f 1047//1599 1025//1599 1109//1599
f 1025//1600 1047//1600 958//1600
f 837//1601 478//1601 630//1601
f 1070//1602 1211//1602 978//1602
f 1116//1603 962//1603 1026//1603
f 1088//1604 957//1604 992//1604
f 1179//1605 906//1605 1047//1605
f 1049//1606 952//1606 1031//1606
f 623//1607 963//1607 411//1607
f 257//1608 294//1608 340//1608
f 931//1609 1069//1609 1014//1609
f 1091//1610 908//1610 995//1610
f 1635//1611 48//1611 17//1611
f 827//1612 1020//1612 1288//1612
f 1167//1613 1085//1613 1190//1613
f 996//1614 900//1614 1052//1614
f 854//1615 1032//1615 1052//1615
f 1329//1616 1555//1616 632//1616
f 1286//1617 1182//1617 1299//1617
f 136//1618 134//1618 343//1618
f 715//1619 657//1619 622//1619
f 1330//1620 1261//1620 1311//1620
f 986//1621 806//1621 1099//1621
f 106//1622 1076//1622 1530//1622
f 967//1623 1092//1623 1019//1623
f 766//1624 768//1624 1102//1624
f 67//1625 1008//1625 43//1625
f 870//1626 324//1626 1387//1626
f 985//1627 1387//1627 1093//1627
f 999//1628 1042//1628 998//1628
f 1530//1629 1076//1629 1689//1629
f 346//1630 65//1630 1006//1630
f 34//1631 1016//1631 30//1631
f 970//1632 922//1632 1122//1632
f 1122//1633 1227//1633 1204//1633
f 1459//1634 1541//1634 422//1634
f 1097//1635 1019//1635 1072//1635
f 132//1636 430//1636 335//1636
f 1374//1637 850//1637 231//1637
f 890//1638 1094//1638 1037//1638
f 198//1639 435//1639 1697//1639
f 153//1640 162//1640 412//1640
f 1183//1641 6//1641 1382//1641
f 306//1642 142//1642 877//1642
f 1042//1643 1104//1643 1004//1643
f 993//1644 209//1644 334//1644
f 1051//1645 909//1645 918//1645
f 1063//1646 1066//1646 1026//1646
f 1058//1647 922//1647 959//1647
f 1104//1648 1086//1648 1004//1648
f 918//1649 917//1649 1051//1649
f 1329//1650 1540//1650 535//1650
f 1472//1651 1714//1651 395//1651
f 413//1652 1335//1652 1447//1652
f 532//1653 1027//1653 1240//1653
f 948//1654 975//1654 1062//1654
f 151//1655 1187//1655 12//1655
f 106//1656 1449//1656 1155//1656
f 994//1657 422//1657 1541//1657
f 1104//1658 1002//1658 1001//1658
f 1218//1659 9//1659 1142//1659
f 525//1660 1717//1660 497//1660
f 241//1661 1561//1661 200//1661
f 179//1662 147//1662 436//1662
f 257//1663 380//1663 294//1663
f 1013//1664 1110//1664 1068//1664
f 1116//1665 1069//1665 962//1665
f 17//1666 48//1666 1060//1666
f 106//1667 1155//1667 1076//1667
f 1033//1668 1113//1668 1056//1668
f 1621//1669 227//1669 465//1669
f 870//1670 1387//1670 271//1670
f 127//1671 343//1671 134//1671
f 1094//1672 890//1672 942//1672
f 984//1673 1037//1673 1095//1673
f 934//1674 1022//1674 1075//1674
f 1038//1675 980//1675 1082//1675
f 963//1676 709//1676 411//1676
f 767//1677 499//1677 760//1677
f 1080//1678 1097//1678 1063//1678
f 1511//1679 1574//1679 1604//1679
f 1024//1680 988//1680 1023//1680
f 879//1681 973//1681 1087//1681
f 1068//1682 1139//1682 1013//1682
f 1085//1683 929//1683 1140//1683
f 937//1684 1108//1684 1025//1684
f 541//1685 218//1685 628//1685
f 804//1686 46//1686 761//1686
f 1025//1687 1108//1687 1109//1687
f 1139//1688 1011//1688 1013//1688
f 991//1689 1126//1689 1129//1689
f 488//1690 803//1690 734//1690
f 1223//1691 1287//1691 1224//1691
f 10//1692 1711//1692 310//1692
f 547//1693 1307//1693 543//1693
f 1006//1694 1413//1694 346//1694
f 1132//1695 1032//1695 932//1695
f 456//1696 1007//1696 876//1696
f 469//1697 14//1697 79//1697
f 586//1698 134//1698 159//1698
f 521//1699 621//1699 520//1699
f 470//1700 1309//1700 680//1700
f 1720//1701 288//1701 1027//1701
f 959//1702 1000//1702 1146//1702
f 1114//1703 1000//1703 1073//1703
f 922//1704 1058//1704 1122//1704
f 267//1705 266//1705 477//1705
f 1098//1706 1188//1706 1005//1706
f 760//1707 300//1707 1271//1707
f 942//1708 945//1708 1096//1708
f 1729//1709 304//1709 1060//1709
f 1085//1710 1003//1710 927//1710
f 1038//1711 1082//1711 1062//1711
f 787//1712 266//1712 226//1712
f 1038//1713 1062//1713 1124//1713
f 1066//1714 1123//1714 1177//1714
f 1108//1715 937//1715 1107//1715
f 1026//1716 1066//1716 1116//1716
f 1023//1717 1126//1717 1024//1717
f 957//1718 1088//1718 1012//1718
f 1126//1719 991//1719 1024//1719
f 1088//1720 1178//1720 1046//1720
f 444//1721 1147//1721 412//1721
f 79//1722 14//1722 912//1722
f 1008//1723 1419//1723 880//1723
f 351//1724 394//1724 255//1724
f 1131//1725 1032//1725 1132//1725
f 87//1726 1384//1726 797//1726
f 1131//1727 1052//1727 1032//1727
f 831//1728 707//1728 647//1728
f 1353//1729 1092//1729 1133//1729
f 1111//1730 1136//1730 954//1730
f 529//1731 369//1731 683//1731
f 1416//1732 1334//1732 1264//1732
f 959//1733 1146//1733 1058//1733
f 640//1734 575//1734 691//1734
f 1097//1735 1123//1735 1063//1735
f 998//1736 1082//1736 980//1736
f 1292//1737 381//1737 143//1737
f 1259//1738 1258//1738 1213//1738
f 1154//1739 467//1739 1345//1739
f 1084//1740 1023//1740 960//1740
f 1483//1741 1346//1741 1364//1741
f 989//1742 1065//1742 1064//1742
f 1196//1743 1144//1743 1051//1743
f 1124//1744 1062//1744 1139//1744
f 950//1745 1115//1745 973//1745
f 1139//1746 1068//1746 1124//1746
f 1123//1747 1066//1747 1063//1747
f 1088//1748 1046//1748 1012//1748
f 925//1749 361//1749 110//1749
f 992//1750 1192//1750 1130//1750
f 151//1751 372//1751 1187//1751
f 1689//1752 968//1752 1530//1752
f 653//1753 1384//1753 87//1753
f 198//1754 49//1754 1516//1754
f 670//1755 1009//1755 456//1755
f 405//1756 659//1756 1647//1756
f 903//1757 840//1757 875//1757
f 1051//1758 1144//1758 932//1758
f 1144//1759 1132//1759 932//1759
f 1051//1760 1157//1760 1196//1760
f 1056//1761 1162//1761 1057//1761
f 1057//1762 1161//1762 1119//1762
f 1119//1763 1161//1763 1163//1763
f 1034//1764 1119//1764 1163//1764
f 1072//1765 1092//1765 1234//1765
f 510//1766 457//1766 475//1766
f 1252//1767 1250//1767 1071//1767
f 698//1768 538//1768 602//1768
f 984//1769 1095//1769 1098//1769
f 641//1770 633//1770 1321//1770
f 1197//1771 1210//1771 996//1771
f 1061//1772 1265//1772 1048//1772
f 1140//1773 1190//1773 1085//1773
f 1005//1774 1188//1774 1107//1774
f 417//1775 517//1775 406//1775
f 975//1776 1011//1776 1139//1776
f 1704//1777 1521//1777 391//1777
f 1138//1778 1141//1778 555//1778
f 978//1779 953//1779 1070//1779
f 1052//1780 1131//1780 996//1780
f 1216//1781 1161//1781 1182//1781
f 1161//1782 1162//1782 1182//1782
f 1437//1783 130//1783 1128//1783
f 1056//1784 1113//1784 1162//1784
f 61//1785 623//1785 1540//1785
f 1044//1786 1337//1786 1335//1786
f 44//1787 1432//1787 1697//1787
f 1161//1788 1057//1788 1162//1788
f 919//1789 964//1789 1531//1789
f 37//1790 1432//1790 701//1790
f 1017//1791 1121//1791 1200//1791
f 1094//1792 942//1792 1096//1792
f 266//1793 275//1793 710//1793
f 910//1794 1219//1794 1419//1794
f 1003//1795 1085//1795 1167//1795
f 1606//1796 763//1796 800//1796
f 1689//1797 294//1797 968//1797
f 458//1798 580//1798 1232//1798
f 961//1799 1087//1799 1149//1799
f 1038//1800 1124//1800 1150//1800
f 1126//1801 1084//1801 1169//1801
f 975//1802 1139//1802 1062//1802
f 343//1803 127//1803 122//1803
f 329//1804 314//1804 1142//1804
f 1175//1805 1173//1805 285//1805
f 845//1806 839//1806 1729//1806
f 1611//1807 1201//1807 106//1807
f 1115//1808 1046//1808 1153//1808
f 1192//1809 1129//1809 1126//1809
f 576//1810 215//1810 498//1810
f 1185//1811 913//1811 1494//1811
f 579//1812 700//1812 928//1812
f 159//1813 1602//1813 586//1813
f 978//1814 1211//1814 1157//1814
f 470//1815 680//1815 473//1815
f 143//1816 381//1816 994//1816
f 1223//1817 1163//1817 1161//1817
f 1076//1818 274//1818 1689//1818
f 1163//1819 1223//1819 1224//1819
f 1125//1820 1219//1820 686//1820
f 582//1821 1111//1821 1541//1821
f 1226//1822 1095//1822 1174//1822
f 751//1823 763//1823 79//1823
f 368//1824 1644//1824 384//1824
f 1226//1825 1202//1825 1095//1825
f 1075//1826 1148//1826 1073//1826
f 1135//1827 1097//1827 1072//1827
f 1202//1828 1098//1828 1095//1828
f 1098//1829 1202//1829 1186//1829
f 1096//1830 945//1830 1203//1830
f 1084//1831 970//1831 1122//1831
f 286//1832 882//1832 983//1832
f 672//1833 341//1833 1112//1833
f 1100//1834 1038//1834 1150//1834
f 1149//1835 1087//1835 1177//1835
f 422//1836 994//1836 516//1836
f 1107//1837 1188//1837 1205//1837
f 1426//1838 1079//1838 919//1838
f 1023//1839 1084//1839 1126//1839
f 1218//1840 898//1840 91//1840
f 111//1841 1225//1841 112//1841
f 795//1842 267//1842 485//1842
f 366//1843 542//1843 279//1843
f 1192//1844 1126//1844 1169//1844
f 1178//1845 1193//1845 1046//1845
f 617//1846 889//1846 34//1846
f 724//1847 708//1847 32//1847
f 1031//1848 1195//1848 1049//1848
f 159//1849 134//1849 136//1849
f 977//1850 1030//1850 1156//1850
f 1179//1851 1091//1851 995//1851
f 1220//1852 1246//1852 1305//1852
f 1156//1853 941//1853 1210//1853
f 1604//1854 365//1854 1176//1854
f 1181//1855 1159//1855 1160//1855
f 160//1856 166//1856 442//1856
f 1518//1857 98//1857 70//1857
f 1092//1858 1217//1858 1234//1858
f 346//1859 895//1859 65//1859
f 775//1860 900//1860 921//1860
f 437//1861 334//1861 51//1861
f 43//1862 362//1862 1081//1862
f 1619//1863 361//1863 925//1863
f 1135//1864 1075//1864 1097//1864
f 1123//1865 1097//1865 1149//1865
f 1181//1866 1364//1866 1346//1866
f 1205//1867 1188//1867 1239//1867
f 1175//1868 240//1868 1173//1868
f 1087//1869 973//1869 1115//1869
f 1153//1870 1046//1870 1193//1870
f 1083//1871 1077//1871 864//1871
f 1001//1872 1080//1872 1104//1872
f 1206//1873 1088//1873 1130//1873
f 1413//1874 70//1874 543//1874
f 1232//1875 175//1875 462//1875
f 1707//1876 1663//1876 254//1876
f 1211//1877 1070//1877 1069//1877
f 548//1878 727//1878 837//1878
f 1144//1879 1199//1879 1132//1879
f 1159//1880 1181//1880 1180//1880
f 1335//1881 413//1881 1044//1881
f 1251//1882 1354//1882 1390//1882
f 1136//1883 1111//1883 633//1883
f 79//1884 912//1884 751//1884
f 1017//1885 1184//1885 1113//1885
f 587//1886 469//1886 1185//1886
f 1200//1887 1165//1887 1017//1887
f 1611//1888 106//1888 1530//1888
f 1072//1889 1234//1889 1135//1889
f 1371//1890 508//1890 276//1890
f 1393//1891 528//1891 1294//1891
f 911//1892 108//1892 807//1892
f 1075//1893 1149//1893 1097//1893
f 861//1894 389//1894 248//1894
f 481//1895 987//1895 435//1895
f 1252//1896 1071//1896 1150//1896
f 1341//1897 1269//1897 1242//1897
f 992//1898 1130//1898 1088//1898
f 704//1899 1479//1899 1020//1899
f 1677//1900 667//1900 96//1900
f 231//1901 656//1901 87//1901
f 977//1902 1209//1902 1050//1902
f 836//1903 634//1903 345//1903
f 1211//1904 1069//1904 1245//1904
f 1043//1905 1086//1905 1064//1905
f 1156//1906 1209//1906 977//1906
f 604//1907 646//1907 722//1907
f 996//1908 1131//1908 1197//1908
f 1176//1909 783//1909 1604//1909
f 1220//1910 1212//1910 1196//1910
f 1144//1911 1212//1911 1199//1911
f 1132//1912 1213//1912 1131//1912
f 1132//1913 1214//1913 1213//1913
f 1215//1914 1160//1914 1159//1914
f 1257//1915 1211//1915 1304//1915
f 1182//1916 1222//1916 1216//1916
f 1224//1917 1172//1917 1034//1917
f 1034//1918 1163//1918 1224//1918
f 1212//1919 1144//1919 1196//1919
f 591//1920 1143//1920 656//1920
f 1261//1921 1214//1921 1199//1921
f 623//1922 411//1922 498//1922
f 633//1923 641//1923 1136//1923
f 1678//1924 898//1924 314//1924
f 98//1925 108//1925 911//1925
f 1114//1926 1073//1926 1267//1926
f 312//1927 296//1927 74//1927
f 1098//1928 1186//1928 1188//1928
f 1138//1929 555//1929 1137//1929
f 1456//1930 1152//1930 444//1930
f 1158//1931 1285//1931 1061//1931
f 1091//1932 1179//1932 1230//1932
f 1039//1933 234//1933 662//1933
f 444//1934 412//1934 1456//1934
f 996//1935 1210//1935 941//1935
f 192//1936 349//1936 730//1936
f 16//1937 15//1937 92//1937
f 1213//1938 1277//1938 1259//1938
f 1131//1939 1213//1939 1258//1939
f 1212//1940 1221//1940 1199//1940
f 1248//1941 1162//1941 1113//1941
f 1273//1942 1230//1942 1179//1942
f 1353//1943 1217//1943 1092//1943
f 1672//1944 845//1944 1687//1944
f 558//1945 1539//1945 447//1945
f 1148//1946 1267//1946 1073//1946
f 1058//1947 1146//1947 1227//1947
f 1564//1948 881//1948 217//1948
f 1227//1949 1122//1949 1058//1949
f 272//1950 1173//1950 1170//1950
f 1205//1951 1269//1951 1341//1951
f 945//1952 1167//1952 1203//1952
f 669//1953 684//1953 655//1953
f 1108//1954 1244//1954 1109//1954
f 361//1955 581//1955 1225//1955
f 592//1956 1714//1956 956//1956
f 1206//1957 1178//1957 1088//1957
f 1722//1958 186//1958 1688//1958
f 1650//1959 276//1959 662//1959
f 1167//1960 1190//1960 1236//1960
f 1157//1961 1211//1961 1196//1961
f 1117//1962 629//1962 238//1962
f 1324//1963 1116//1963 1293//1963
f 117//1964 1142//1964 37//1964
f 1598//1965 1517//1965 1594//1965
f 1228//1966 297//1966 122//1966
f 1287//1967 1223//1967 1216//1967
f 1162//1968 1247//1968 1182//1968
f 924//1969 925//1969 110//1969
f 1156//1970 1210//1970 1209//1970
f 1249//1971 1353//1971 1133//1971
f 1449//1972 106//1972 1201//1972
f 1174//1973 1251//1973 1226//1973
f 1371//1974 234//1974 1029//1974
f 1037//1975 1094//1975 1302//1975
f 1252//1976 1150//1976 1237//1976
f 105//1977 27//1977 189//1977
f 297//1978 407//1978 1254//1978
f 1122//1979 1204//1979 1084//1979
f 300//1980 499//1980 53//1980
f 782//1981 1724//1981 186//1981
f 1061//1982 1285//1982 1265//1982
f 1150//1983 1124//1983 1237//1983
f 1237//1984 1068//1984 1242//1984
f 1316//1985 1299//1985 1248//1985
f 1087//1986 1115//1986 1177//1986
f 1068//1987 1110//1987 1242//1987
f 1074//1988 1614//1988 1611//1988
f 1169//1989 1130//1989 1192//1989
f 1209//1990 1255//1990 1110//1990
f 1031//1991 1230//1991 1195//1991
f 1211//1992 1257//1992 1196//1992
f 1317//1993 1099//1993 1076//1993
f 1257//1994 1246//1994 1196//1994
f 1131//1995 1258//1995 1197//1995
f 1708//1996 587//1996 1494//1996
f 1216//1997 1222//1997 1287//1997
f 1221//1998 1261//1998 1199//1998
f 516//1999 994//1999 381//1999
f 1214//2000 1132//2000 1199//2000
f 1233//2001 1181//2001 1160//2001
f 93//2002 151//2002 1697//2002
f 1412//2003 1378//2003 1326//2003
f 719//2004 326//2004 307//2004
f 1121//2005 1071//2005 1250//2005
f 819//2006 596//2006 768//2006
f 704//2007 1020//2007 827//2007
f 268//2008 354//2008 171//2008
f 1165//2009 1408//2009 1184//2009
f 558//2010 749//2010 1539//2010
f 68//2011 690//2011 788//2011
f 1302//2012 1094//2012 1229//2012
f 1096//2013 1203//2013 1229//2013
f 780//2014 38//2014 1295//2014
f 405//2015 1704//2015 391//2015
f 1237//2016 1289//2016 1252//2016
f 1269//2017 1188//2017 1186//2017
f 1239//2018 1188//2018 1269//2018
f 30//2019 387//2019 916//2019
f 179//2020 391//2020 593//2020
f 689//2021 710//2021 366//2021
f 1108//2022 1107//2022 1244//2022
f 1359//2023 1177//2023 1115//2023
f 564//2024 735//2024 732//2024
f 1478//2025 1544//2025 1293//2025
f 1198//2026 1294//2026 528//2026
f 1376//2027 1255//2027 1325//2027
f 1230//2028 1256//2028 1195//2028
f 985//2029 1093//2029 42//2029
f 1140//2030 1049//2030 1322//2030
f 1324//2031 1245//2031 1069//2031
f 800//2032 1207//2032 1606//2032
f 1210//2033 1197//2033 1275//2033
f 1069//2034 1116//2034 1324//2034
f 70//2035 547//2035 543//2035
f 919//2036 1531//2036 49//2036
f 1263//2037 1279//2037 1262//2037
f 30//2038 1//2038 55//2038
f 1298//2039 1222//2039 1266//2039
f 1222//2040 1286//2040 1266//2040
f 117//2041 329//2041 1142//2041
f 1209//2042 1325//2042 1255//2042
f 1172//2043 1249//2043 1133//2043
f 1294//2044 1198//2044 317//2044
f 1519//2045 904//2045 788//2045
f 428//2046 1628//2046 136//2046
f 1356//2047 1227//2047 1411//2047
f 1028//2048 490//2048 168//2048
f 1611//2049 1530//2049 844//2049
f 1203//2050 1268//2050 1229//2050
f 1289//2051 1269//2051 1186//2051
f 34//2052 889//2052 1016//2052
f 1276//2053 1089//2053 311//2053
f 1167//2054 1236//2054 1203//2054
f 1236//2055 1190//2055 1433//2055
f 1436//2056 1190//2056 1140//2056
f 905//2057 949//2057 1010//2057
f 1204//2058 1272//2058 1169//2058
f 1110//2059 1255//2059 1242//2059
f 411//2060 1453//2060 498//2060
f 1358//2061 1206//2061 1375//2061
f 1036//2062 889//2062 617//2062
f 51//2063 334//2063 209//2063
f 1382//2064 867//2064 1270//2064
f 730//2065 349//2065 576//2065
f 1049//2066 1195//2066 1322//2066
f 837//2067 727//2067 762//2067
f 1271//2068 300//2068 289//2068
f 882//2069 286//2069 1194//2069
f 1213//2070 1214//2070 1277//2070
f 1372//2071 1455//2071 1249//2071
f 1280//2072 1278//2072 1264//2072
f 1282//2073 1284//2073 1283//2073
f 1105//2074 303//2074 971//2074
f 1182//2075 1286//2075 1222//2075
f 1248//2076 1247//2076 1162//2076
f 1350//2077 1282//2077 1306//2077
f 253//2078 1397//2078 1388//2078
f 1149//2079 1075//2079 1022//2079
f 1511//2080 19//2080 861//2080
f 310//2081 588//2081 78//2081
f 1602//2082 159//2082 391//2082
f 898//2083 1218//2083 1142//2083
f 888//2084 997//2084 782//2084
f 1146//2085 1339//2085 1227//2085
f 1289//2086 1186//2086 1202//2086
f 1252//2087 1289//2087 1303//2087
f 968//2088 57//2088 844//2088
f 898//2089 260//2089 91//2089
f 1242//2090 1269//2090 1289//2090
f 1239//2091 1269//2091 1205//2091
f 1115//2092 1153//2092 1359//2092
f 87//2093 797//2093 231//2093
f 428//2094 637//2094 876//2094
f 1211//2095 1245//2095 1304//2095
f 366//2096 1473//2096 689//2096
f 1184//2097 1017//2097 1165//2097
f 1539//2098 712//2098 447//2098
f 95//2099 273//2099 235//2099
f 800//2100 632//2100 1207//2100
f 1298//2101 1284//2101 1282//2101
f 1298//2102 1266//2102 1284//2102
f 1298//2103 1287//2103 1222//2103
f 217//2104 881//2104 1231//2104
f 1056//2105 1057//2105 998//2105
f 1224//2106 1287//2106 1172//2106
f 570//2107 1309//2107 215//2107
f 1174//2108 1095//2108 1251//2108
f 1114//2109 1267//2109 1301//2109
f 1500//2110 1682//2110 1652//2110
f 1303//2111 1202//2111 1226//2111
f 1250//2112 1252//2112 1303//2112
f 218//2113 201//2113 628//2113
f 1202//2114 1303//2114 1289//2114
f 803//2115 488//2115 242//2115
f 983//2116 6//2116 1183//2116
f 443//2117 503//2117 201//2117
f 1367//2118 1040//2118 270//2118
f 1290//2119 1243//2119 1205//2119
f 1244//2120 1107//2120 1243//2120
f 1016//2121 66//2121 387//2121
f 1177//2122 1359//2122 1066//2122
f 1322//2123 1436//2123 1140//2123
f 1291//2124 1153//2124 1193//2124
f 1147//2125 444//2125 436//2125
f 731//2126 1335//2126 210//2126
f 1210//2127 1275//2127 1327//2127
f 1296//2128 1257//2128 1304//2128
f 653//2129 1029//2129 234//2129
f 1328//2130 1258//2130 1259//2130
f 1310//2131 1305//2131 1246//2131
f 567//2132 1231//2132 1232//2132
f 1016//2133 387//2133 30//2133
f 885//2134 1475//2134 162//2134
f 617//2135 52//2135 1036//2135
f 1208//2136 1459//2136 422//2136
f 1266//2137 1315//2137 1284//2137
f 1315//2138 1266//2138 1286//2138
f 1316//2139 1248//2139 1113//2139
f 1264//2140 1278//2140 1297//2140
f 1308//2141 1135//2141 1234//2141
f 1095//2142 1037//2142 1302//2142
f 801//2143 758//2143 740//2143
f 1402//2144 1400//2144 1448//2144
f 1237//2145 1242//2145 1289//2145
f 101//2146 913//2146 343//2146
f 1272//2147 1206//2147 1130//2147
f 1233//2148 1160//2148 1215//2148
f 428//2149 136//2149 637//2149
f 867//2150 1089//2150 1270//2150
f 1326//2151 1304//2151 1245//2151
f 1296//2152 1304//2152 1326//2152
f 1246//2153 1257//2153 1296//2153
f 1296//2154 1310//2154 1246//2154
f 1602//2155 1521//2155 1308//2155
f 1261//2156 1277//2156 1214//2156
f 1221//2157 1311//2157 1261//2157
f 1015//2158 902//2158 32//2158
f 865//2159 112//2159 561//2159
f 1350//2160 1298//2160 1282//2160
f 1315//2161 1283//2161 1284//2161
f 1368//2162 1287//2162 1298//2162
f 1182//2163 1247//2163 1299//2163
f 1267//2164 1148//2164 1319//2164
f 1444//2165 1467//2165 1421//2165
f 1227//2166 1320//2166 1204//2166
f 1322//2167 1195//2167 1256//2167
f 1243//2168 1107//2168 1205//2168
f 361//2169 368//2169 581//2169
f 1016//2170 407//2170 66//2170
f 1272//2171 1340//2171 1206//2171
f 1357//2172 1244//2172 1243//2172
f 1205//2173 1341//2173 1290//2173
f 727//2174 951//2174 323//2174
f 95//2175 352//2175 1015//2175
f 310//2176 1711//2176 588//2176
f 580//2177 458//2177 597//2177
f 1321//2178 220//2178 1323//2178
f 1268//2179 1236//2179 1434//2179
f 1327//2180 1275//2180 1328//2180
f 475//2181 1500//2181 484//2181
f 1220//2182 1305//2182 1212//2182
f 1551//2183 1554//2183 1446//2183
f 1311//2184 1221//2184 1260//2184
f 1435//2185 452//2185 1705//2185
f 1159//2186 1180//2186 1331//2186
f 749//2187 297//2187 1228//2187
f 1262//2188 1313//2188 1263//2188
f 300//2189 48//2189 295//2189
f 1279//2190 1312//2190 1262//2190
f 1215//2191 1159//2191 1332//2191
f 1233//2192 1332//2192 1347//2192
f 1306//2193 1314//2193 1350//2193
f 1306//2194 1282//2194 1283//2194
f 1113//2195 1184//2195 1316//2195
f 844//2196 1530//2196 968//2196
f 1172//2197 1351//2197 1249//2197
f 1308//2198 1234//2198 1217//2198
f 621//2199 591//2199 656//2199
f 1303//2200 1226//2200 1338//2200
f 1327//2201 1377//2201 1361//2201
f 1075//2202 1319//2202 1148//2202
f 1235//2203 332//2203 486//2203
f 1339//2204 1146//2204 1301//2204
f 85//2205 238//2205 96//2205
f 1268//2206 1203//2206 1236//2206
f 727//2207 323//2207 762//2207
f 33//2208 10//2208 2//2208
f 1291//2209 1359//2209 1153//2209
f 1376//2210 1242//2210 1255//2210
f 1359//2211 1293//2211 1066//2211
f 1324//2212 1326//2212 1245//2212
f 1209//2213 1210//2213 1325//2213
f 1151//2214 1473//2214 366//2214
f 1471//2215 1452//2215 1560//2215
f 974//2216 972//2216 951//2216
f 166//2217 415//2217 455//2217
f 1342//2218 1259//2218 1343//2218
f 121//2219 299//2219 1466//2219
f 1279//2220 1263//2220 1333//2220
f 153//2221 885//2221 162//2221
f 197//2222 748//2222 1525//2222
f 1263//2223 1462//2223 1333//2223
f 1349//2224 1348//2224 1366//2224
f 1366//2225 1405//2225 1349//2225
f 1337//2226 210//2226 1335//2226
f 1314//2227 1349//2227 1405//2227
f 1314//2228 1405//2228 1350//2228
f 57//2229 63//2229 95//2229
f 1336//2230 1349//2230 1314//2230
f 1314//2231 1306//2231 1336//2231
f 1336//2232 1306//2232 1283//2232
f 1452//2233 1368//2233 1298//2233
f 1141//2234 219//2234 541//2234
f 1299//2235 1247//2235 1248//2235
f 1079//2236 920//2236 964//2236
f 964//2237 919//2237 1079//2237
f 1372//2238 1249//2238 1351//2238
f 1373//2239 1165//2239 1318//2239
f 1318//2240 1165//2240 1200//2240
f 1723//2241 116//2241 1083//2241
f 1323//2242 1055//2242 641//2242
f 1320//2243 1227//2243 1356//2243
f 1320//2244 1272//2244 1204//2244
f 656//2245 231//2245 850//2245
f 866//2246 677//2246 675//2246
f 1170//2247 745//2247 272//2247
f 1577//2248 1661//2248 1369//2248
f 150//2249 1288//2249 685//2249
f 653//2250 234//2250 1384//2250
f 1256//2251 1273//2251 1392//2251
f 864//2252 1382//2252 6//2252
f 1179//2253 1109//2253 1244//2253
f 1474//2254 1273//2254 1244//2254
f 1325//2255 1327//2255 1361//2255
f 436//2256 444//2256 214//2256
f 1494//2257 587//2257 1185//2257
f 1259//2258 1342//2258 1328//2258
f 1343//2259 1259//2259 1277//2259
f 1540//2260 623//2260 498//2260
f 1233//2261 1215//2261 1332//2261
f 1280//2262 1264//2262 1334//2262
f 1233//2263 1364//2263 1181//2263
f 1365//2264 1418//2264 1381//2264
f 1317//2265 924//2265 110//2265
f 1253//2266 1089//2266 1175//2266
f 1315//2267 1336//2267 1283//2267
f 326//2268 946//2268 307//2268
f 1299//2269 1315//2269 1286//2269
f 33//2270 1101//2270 1582//2270
f 1370//2271 1287//2271 1369//2271
f 1426//2272 12//2272 1187//2272
f 1260//2273 1221//2273 1212//2273
f 1390//2274 1338//2274 1226//2274
f 1680//2275 158//2275 1603//2275
f 205//2276 224//2276 167//2276
f 1409//2277 430//2277 364//2277
f 1320//2278 1340//2278 1272//2278
f 812//2279 490//2279 1208//2279
f 381//2280 1300//2280 516//2280
f 795//2281 242//2281 488//2281
f 1146//2282 1000//2282 1114//2282
f 1358//2283 1193//2283 1178//2283
f 1169//2284 1272//2284 1130//2284
f 1190//2285 1436//2285 1433//2285
f 1328//2286 1342//2286 1379//2286
f 1305//2287 1310//2287 1396//2287
f 1344//2288 1343//2288 1277//2288
f 1344//2289 1261//2289 1330//2289
f 1439//2290 1297//2290 1278//2290
f 595//2291 968//2291 294//2291
f 1363//2292 1481//2292 1362//2292
f 1380//2293 1363//2293 1362//2293
f 1576//2294 925//2294 1693//2294
f 328//2295 704//2295 676//2295
f 124//2296 915//2296 22//2296
f 1401//2297 1385//2297 1383//2297
f 1708//2298 915//2298 124//2298
f 1029//2299 1143//2299 468//2299
f 1659//2300 98//2300 1518//2300
f 1700//2301 184//2301 42//2301
f 1427//2302 1366//2302 1348//2302
f 1287//2303 1406//2303 1369//2303
f 1368//2304 1406//2304 1287//2304
f 488//2305 291//2305 275//2305
f 1316//2306 1184//2306 1389//2306
f 1357//2307 1474//2307 1244//2307
f 662//2308 276//2308 553//2308
f 1521//2309 1135//2309 1308//2309
f 161//2310 21//2310 168//2310
f 2//2311 767//2311 1101//2311
f 574//2312 26//2312 11//2312
f 1319//2313 1075//2313 1521//2313
f 521//2314 520//2314 1546//2314
f 1338//2315 1543//2315 1303//2315
f 1312//2316 1546//2316 1262//2316
f 861//2317 19//2317 389//2317
f 583//2318 344//2318 990//2318
f 186//2319 40//2319 782//2319
f 115//2320 121//2320 1466//2320
f 836//2321 345//2321 708//2321
f 1392//2322 1436//2322 1322//2322
f 1412//2323 1326//2323 1324//2323
f 1378//2324 1296//2324 1326//2324
f 1164//2325 1067//2325 243//2325
f 1395//2326 1310//2326 1296//2326
f 1414//2327 1396//2327 1310//2327
f 349//2328 192//2328 1475//2328
f 1529//2329 1590//2329 1569//2329
f 1414//2330 1310//2330 1395//2330
f 1409//2331 381//2331 1292//2331
f 1386//2332 1421//2332 1399//2332
f 1465//2333 1418//2333 1365//2333
f 807//2334 312//2334 1617//2334
f 1365//2335 1399//2335 1465//2335
f 1394//2336 1708//2336 1494//2336
f 1381//2337 1399//2337 1365//2337
f 1443//2338 1401//2338 1383//2338
f 1421//2339 1386//2339 1444//2339
f 1446//2340 1401//2340 1443//2340
f 1400//2341 1386//2341 1399//2341
f 143//2342 22//2342 1292//2342
f 412//2343 162//2343 173//2343
f 1386//2344 1402//2344 1444//2344
f 1400//2345 1402//2345 1386//2345
f 363//2346 1370//2346 1369//2346
f 1118//2347 877//2347 21//2347
f 1526//2348 1379//2348 1342//2348
f 1425//2349 1422//2349 1402//2349
f 1419//2350 85//2350 910//2350
f 1336//2351 1428//2351 1349//2351
f 803//2352 242//2352 264//2352
f 97//2353 1127//2353 1317//2353
f 358//2354 590//2354 344//2354
f 709//2355 1453//2355 411//2355
f 1095//2356 1391//2356 1251//2356
f 1023//2357 988//2357 903//2357
f 1303//2358 1543//2358 1250//2358
f 1355//2359 1339//2359 1301//2359
f 1268//2360 1431//2360 1229//2360
f 1076//2361 1155//2361 1449//2361
f 1035//2362 938//2362 712//2362
f 1493//2363 1354//2363 1391//2363
f 1178//2364 1206//2364 1358//2364
f 1242//2365 1477//2365 1341//2365
f 1090//2366 79//2366 763//2366
f 1275//2367 1197//2367 1328//2367
f 1378//2368 1395//2368 1296//2368
f 1197//2369 1258//2369 1328//2369
f 316//2370 1176//2370 1479//2370
f 1264//2371 1297//2371 1416//2371
f 1547//2372 1440//2372 1333//2372
f 294//2373 380//2373 595//2373
f 1099//2374 1317//2374 986//2374
f 1464//2375 1420//2375 1418//2375
f 1465//2376 1399//2376 1421//2376
f 44//2377 1697//2377 435//2377
f 533//2378 466//2378 666//2378
f 1180//2379 1181//2379 1346//2379
f 1403//2380 1444//2380 1422//2380
f 1149//2381 1177//2381 1123//2381
f 1422//2382 1444//2382 1402//2382
f 1445//2383 1385//2383 1404//2383
f 1385//2384 1423//2384 1404//2384
f 1385//2385 1401//2385 1423//2385
f 1422//2386 1424//2386 1403//2386
f 776//2387 915//2387 1285//2387
f 1404//2388 1537//2388 1556//2388
f 151//2389 80//2389 372//2389
f 911//2390 1307//2390 547//2390
f 1471//2391 1406//2391 1452//2391
f 1452//2392 1406//2392 1368//2392
f 972//2393 380//2393 257//2393
f 1208//2394 582//2394 1459//2394
f 1454//2395 1315//2395 1578//2395
f 1542//2396 1429//2396 1353//2396
f 1217//2397 1353//2397 1429//2397
f 1663//2398 1583//2398 259//2398
f 1354//2399 1251//2399 1391//2399
f 1690//2400 1518//2400 223//2400
f 617//2401 34//2401 774//2401
f 1492//2402 1451//2402 1428//2402
f 938//2403 1035//2403 1228//2403
f 1301//2404 1267//2404 1355//2404
f 1434//2405 1236//2405 1433//2405
f 755//2406 597//2406 1137//2406
f 1434//2407 1273//2407 1474//2407
f 1476//2408 1358//2408 1375//2408
f 1376//2409 1325//2409 1361//2409
f 473//2410 680//2410 670//2410
f 844//2411 1074//2411 1611//2411
f 1378//2412 1412//2412 1497//2412
f 116//2413 113//2413 1083//2413
f 481//2414 170//2414 987//2414
f 1321//2415 1323//2415 641//2415
f 468//2416 1143//2416 591//2416
f 1278//2417 1280//2417 1439//2417
f 1440//2418 1312//2418 1279//2418
f 1161//2419 1216//2419 1223//2419
f 1700//2420 845//2420 1672//2420
f 1728//2421 1175//2421 288//2421
f 951//2422 727//2422 437//2422
f 1347//2423 1364//2423 1233//2423
f 982//2424 1235//2424 518//2424
f 528//2425 45//2425 1198//2425
f 1486//2426 1442//2426 1417//2426
f 1383//2427 1445//2427 1488//2427
f 1418//2428 1420//2428 1381//2428
f 391//2429 179//2429 405//2429
f 1191//2430 469//2430 79//2430
f 26//2431 1426//2431 1187//2431
f 1385//2432 1445//2432 1383//2432
f 1079//2433 1426//2433 574//2433
f 596//2434 104//2434 1698//2434
f 125//2435 131//2435 1127//2435
f 1532//2436 1423//2436 1401//2436
f 1321//2437 490//2437 220//2437
f 1102//2438 24//2438 528//2438
f 560//2439 328//2439 676//2439
f 709//2440 1055//2440 1323//2440
f 1423//2441 1490//2441 1404//2441
f 1413//2442 1006//2442 70//2442
f 1423//2443 1532//2443 1515//2443
f 1425//2444 1450//2444 1422//2444
f 1270//2445 1089//2445 1253//2445
f 1300//2446 381//2446 1409//2446
f 1517//2447 1425//2447 1448//2447
f 1427//2448 1451//2448 1469//2448
f 1428//2449 1451//2449 1348//2449
f 45//2450 1642//2450 629//2450
f 1405//2451 1452//2451 1350//2451
f 229//2452 709//2452 1323//2452
f 1315//2453 1491//2453 1336//2453
f 23//2454 6//2454 983//2454
f 1315//2455 1454//2455 1491//2455
f 184//2456 1610//2456 1112//2456
f 1578//2457 1315//2457 1299//2457
f 1250//2458 1603//2458 1318//2458
f 1075//2459 1135//2459 1521//2459
f 1398//2460 1410//2460 1281//2460
f 593//2461 391//2461 159//2461
f 1179//2462 1244//2462 1273//2462
f 1299//2463 1316//2463 1407//2463
f 207//2464 1138//2464 1137//2464
f 1373//2465 1408//2465 1165//2465
f 228//2466 1154//2466 955//2466
f 1411//2467 1523//2467 1356//2467
f 1356//2468 1523//2468 1320//2468
f 277//2469 487//2469 193//2469
f 1433//2470 1392//2470 1434//2470
f 1457//2471 1243//2471 1290//2471
f 62//2472 902//2472 352//2472
f 1458//2473 1341//2473 1477//2473
f 1428//2474 1348//2474 1349//2474
f 458//2475 510//2475 597//2475
f 1095//2476 1302//2476 1391//2476
f 757//2477 873//2477 811//2477
f 598//2478 576//2478 503//2478
f 494//2479 1270//2479 4//2479
f 1460//2480 1378//2480 1497//2480
f 90//2481 1201//2481 1219//2481
f 686//2482 1219//2482 1352//2482
f 1544//2483 1412//2483 1293//2483
f 1180//2484 1346//2484 1502//2484
f 1231//2485 442//2485 1232//2485
f 1090//2486 763//2486 1606//2486
f 1631//2487 384//2487 1373//2487
f 34//2488 55//2488 774//2488
f 137//2489 298//2489 239//2489
f 1273//2490 1434//2490 1392//2490
f 695//2491 1106//2491 780//2491
f 1486//2492 1512//2492 1443//2492
f 596//2493 1698//2493 614//2493
f 1265//2494 1494//2494 913//2494
f 1076//2495 1449//2495 1317//2495
f 1468//2496 1381//2496 1420//2496
f 1367//2497 252//2497 850//2497
f 997//2498 794//2498 946//2498
f 23//2499 983//2499 882//2499
f 1403//2500 1424//2500 1514//2500
f 1078//2501 1479//2501 704//2501
f 1532//2502 1446//2502 1554//2502
f 1232//2503 462//2503 458//2503
f 1422//2504 1470//2504 1424//2504
f 1422//2505 1450//2505 1470//2505
f 1067//2506 848//2506 489//2506
f 219//2507 218//2507 541//2507
f 1536//2508 1557//2508 1424//2508
f 1408//2509 1389//2509 1184//2509
f 1674//2510 1106//2510 1641//2510
f 255//2511 208//2511 154//2511
f 1301//2512 1146//2512 1114//2512
f 1390//2513 1226//2513 1251//2513
f 1427//2514 1405//2514 1366//2514
f 1431//2515 1268//2515 1522//2515
f 643//2516 1137//2516 597//2516
f 1375//2517 1340//2517 1320//2517
f 1392//2518 1433//2518 1436//2518
f 1358//2519 1291//2519 1193//2519
f 1438//2520 1379//2520 1480//2520
f 1175//2521 1728//2521 1253//2521
f 1724//2522 1464//2522 1570//2522
f 1500//2523 1343//2523 1344//2523
f 1159//2524 1331//2524 1332//2524
f 285//2525 288//2525 1175//2525
f 1713//2526 130//2526 928//2526
f 254//2527 259//2527 787//2527
f 1362//2528 1482//2528 1380//2528
f 1440//2529 1279//2529 1333//2529
f 1441//2530 1462//2530 1263//2530
f 1394//2531 915//2531 1708//2531
f 1599//2532 1576//2532 1693//2532
f 1475//2533 173//2533 162//2533
f 1507//2534 1485//2534 1484//2534
f 1527//2535 1363//2535 1506//2535
f 295//2536 1040//2536 289//2536
f 1509//2537 1485//2537 1465//2537
f 1417//2538 1442//2538 1510//2538
f 146//2539 145//2539 127//2539
f 1534//2540 1448//2540 1400//2540
f 436//2541 214//2541 750//2541
f 1446//2542 1443//2542 1551//2542
f 1468//2543 1399//2543 1381//2543
f 1514//2544 1467//2544 1444//2544
f 1514//2545 1444//2545 1403//2545
f 1532//2546 1401//2546 1446//2546
f 1328//2547 1379//2547 1327//2547
f 37//2548 701//2548 117//2548
f 1448//2549 1425//2549 1402//2549
f 1515//2550 1490//2550 1423//2550
f 1515//2551 1615//2551 1490//2551
f 1336//2552 1492//2552 1428//2552
f 1492//2553 1491//2553 1538//2553
f 1452//2554 1405//2554 1575//2554
f 1336//2555 1491//2555 1492//2555
f 1560//2556 1452//2556 1575//2556
f 1141//2557 863//2557 219//2557
f 653//2558 1143//2558 1029//2558
f 431//2559 206//2559 210//2559
f 1370//2560 1351//2560 1172//2560
f 1404//2561 1490//2561 1537//2561
f 1389//2562 1408//2562 1679//2562
f 95//2563 235//2563 352//2563
f 1229//2564 1431//2564 1302//2564
f 1431//2565 1620//2565 1302//2565
f 1448//2566 1613//2566 1594//2566
f 1375//2567 1320//2567 1523//2567
f 1614//2568 1201//2568 1611//2568
f 1461//2569 170//2569 481//2569
f 1495//2570 1359//2570 1291//2570
f 1008//2571 67//2571 1117//2571
f 1361//2572 1377//2572 1498//2572
f 1074//2573 1081//2573 1614//2573
f 1499//2574 1342//2574 1343//2574
f 1622//2575 1305//2575 1396//2575
f 1383//2576 1488//2576 1486//2576
f 1313//2577 1441//2577 1263//2577
f 1297//2578 1439//2578 1664//2578
f 1039//2579 1041//2579 1384//2579
f 516//2580 119//2580 181//2580
f 1528//2581 1507//2581 1484//2581
f 1484//2582 1509//2582 1529//2582
f 1485//2583 1509//2583 1484//2583
f 1625//2584 270//2584 1727//2584
f 1417//2585 1508//2585 1486//2585
f 1508//2586 1417//2586 1510//2586
f 1512//2587 1486//2587 1508//2587
f 1464//2588 1418//2588 1485//2588
f 1166//2589 776//2589 1285//2589
f 1443//2590 1512//2590 1551//2590
f 1586//2591 1567//2591 1528//2591
f 844//2592 562//2592 32//2592
f 1513//2593 1487//2593 1421//2593
f 674//2594 263//2594 500//2594
f 270//2595 1040//2595 1727//2595
f 312//2596 1573//2596 1595//2596
f 90//2597 1449//2597 1201//2597
f 1630//2598 705//2598 709//2598
f 1554//2599 1515//2599 1532//2599
f 976//2600 82//2600 1045//2600
f 423//2601 197//2601 1715//2601
f 1515//2602 1535//2602 1558//2602
f 581//2603 368//2603 823//2603
f 356//2604 247//2604 414//2604
f 1491//2605 1520//2605 1538//2605
f 1340//2606 1375//2606 1206//2606
f 1117//2607 85//2607 1008//2607
f 353//2608 847//2608 590//2608
f 1338//2609 1390//2609 1472//2609
f 1390//2610 1354//2610 1562//2610
f 1006//2611 65//2611 70//2611
f 1267//2612 1319//2612 1521//2612
f 233//2613 1164//2613 243//2613
f 311//2614 766//2614 1276//2614
f 1430//2615 1411//2615 1339//2615
f 755//2616 183//2616 220//2616
f 1563//2617 1411//2617 1430//2617
f 1434//2618 1474//2618 1268//2618
f 318//2619 311//2619 1089//2619
f 553//2620 17//2620 662//2620
f 1525//2621 1291//2621 1358//2621
f 1137//2622 232//2622 183//2622
f 1357//2623 1524//2623 1474//2623
f 1496//2624 1361//2624 1498//2624
f 1496//2625 1376//2625 1361//2625
f 1378//2626 1545//2626 1395//2626
f 1728//2627 1719//2627 1253//2627
f 1499//2628 1343//2628 1500//2628
f 133//2629 1702//2629 1693//2629
f 1404//2630 1556//2630 1445//2630
f 1311//2631 1260//2631 1501//2631
f 1152//2632 467//2632 446//2632
f 1482//2633 1362//2633 1481//2633
f 644//2634 1191//2634 637//2634
f 872//2635 826//2635 838//2635
f 1415//2636 1330//2636 496//2636
f 1481//2637 1363//2637 1527//2637
f 1506//2638 1363//2638 1380//2638
f 1292//2639 776//2639 430//2639
f 1506//2640 1380//2640 1505//2640
f 39//2641 45//2641 528//2641
f 1567//2642 1507//2642 1528//2642
f 708//2643 1074//2643 844//2643
f 1426//2644 26//2644 574//2644
f 1508//2645 1510//2645 1548//2645
f 1256//2646 1230//2646 1273//2646
f 1464//2647 1485//2647 1570//2647
f 1240//2648 1027//2648 285//2648
f 1270//2649 244//2649 1382//2649
f 1424//2650 1557//2650 1533//2650
f 519//2651 270//2651 1625//2651
f 1535//2652 1515//2652 1554//2652
f 1540//2653 215//2653 535//2653
f 1388//2654 1397//2654 930//2654
f 1451//2655 1489//2655 1469//2655
f 1427//2656 1469//2656 1597//2656
f 1191//2657 1185//2657 469//2657
f 150//2658 685//2658 397//2658
f 1453//2659 709//2659 705//2659
f 1470//2660 1536//2660 1424//2660
f 1597//2661 1405//2661 1427//2661
f 1089//2662 867//2662 318//2662
f 1538//2663 1520//2663 1558//2663
f 270//2664 252//2664 1367//2664
f 1344//2665 1277//2665 1261//2665
f 1015//2666 352//2666 902//2666
f 1406//2667 1471//2667 1560//2667
f 1351//2668 1370//2668 1372//2668
f 933//2669 148//2669 1603//2669
f 1267//2670 1646//2670 1355//2670
f 234//2671 1039//2671 1384//2671
f 1302//2672 1620//2672 1493//2672
f 1414//2673 228//2673 1706//2673
f 1563//2674 1523//2674 1411//2674
f 1059//2675 415//2675 731//2675
f 676//2676 704//2676 827//2676
f 1496//2677 1580//2677 1376//2677
f 1542//2678 1353//2678 1601//2678
f 1397//2679 1410//2679 1398//2679
f 1480//2680 1379//2680 1526//2680
f 965//2681 494//2681 269//2681
f 1344//2682 1330//2682 1415//2682
f 122//2683 297//2683 101//2683
f 1305//2684 1260//2684 1212//2684
f 1439//2685 1280//2685 1504//2685
f 1482//2686 1504//2686 1380//2686
f 1462//2687 1547//2687 1333//2687
f 1528//2688 1529//2688 1569//2688
f 1588//2689 1507//2689 1567//2689
f 1484//2690 1529//2690 1528//2690
f 1626//2691 1512//2691 1508//2691
f 431//2692 592//2692 404//2692
f 1093//2693 1700//2693 42//2693
f 1633//2694 1395//2694 1545//2694
f 881//2695 142//2695 149//2695
f 548//2696 993//2696 334//2696
f 1468//2697 1534//2697 1400//2697
f 1397//2698 1398//2698 930//2698
f 1101//2699 33//2699 2//2699
f 1698//2700 104//2700 1686//2700
f 477//2701 485//2701 267//2701
f 520//2702 621//2702 850//2702
f 1469//2703 1572//2703 1597//2703
f 870//2704 839//2704 324//2704
f 30//2705 353//2705 1//2705
f 1538//2706 1558//2706 1535//2706
f 620//2707 1360//2707 491//2707
f 1571//2708 1488//2708 1553//2708
f 1557//2709 1536//2709 1596//2709
f 794//2710 529//2710 683//2710
f 380//2711 972//2711 74//2711
f 1515//2712 1558//2712 1615//2712
f 1281//2713 683//2713 1398//2713
f 1536//2714 1560//2714 1596//2714
f 1596//2715 1560//2715 1575//2715
f 823//2716 368//2716 384//2716
f 1491//2717 1454//2717 1578//2717
f 1709//2718 50//2718 1710//2718
f 457//2719 1682//2719 475//2719
f 1724//2720 1627//2720 1464//2720
f 93//2721 80//2721 151//2721
f 1493//2722 1391//2722 1302//2722
f 1041//2723 1388//2723 674//2723
f 1495//2724 1478//2724 1359//2724
f 1495//2725 1291//2725 1525//2725
f 920//2726 346//2726 1413//2726
f 1327//2727 1379//2727 1438//2727
f 1438//2728 1377//2728 1327//2728
f 1542//2729 1601//2729 146//2729
f 1330//2730 1311//2730 1501//2730
f 1081//2731 362//2731 1614//2731
f 983//2732 19//2732 280//2732
f 1044//2733 431//2733 1337//2733
f 1624//2734 1481//2734 1527//2734
f 1414//2735 1395//2735 1633//2735
f 1041//2736 253//2736 1388//2736
f 1416//2737 1297//2737 1664//2737
f 1637//2738 1567//2738 1586//2738
f 1547//2739 1347//2739 1440//2739
f 1483//2740 1503//2740 1346//2740
f 1416//2741 1584//2741 1334//2741
f 1364//2742 1347//2742 1565//2742
f 658//2743 507//2743 493//2743
f 1550//2744 1510//2744 1442//2744
f 1467//2745 1514//2745 1552//2745
f 148//2746 823//2746 384//2746
f 373//2747 685//2747 1288//2747
f 1384//2748 1041//2748 797//2748
f 1041//2749 249//2749 797//2749
f 318//2750 1382//2750 864//2750
f 766//2751 311//2751 819//2751
f 1517//2752 1450//2752 1425//2752
f 1588//2753 1591//2753 1485//2753
f 445//2754 1495//2754 748//2754
f 1616//2755 1470//2755 1450//2755
f 590//2756 1//2756 353//2756
f 241//2757 1696//2757 492//2757
f 314//2758 898//2758 1142//2758
f 1491//2759 1578//2759 1576//2759
f 1721//2760 4//2760 1253//2760
f 1313//2761 1262//2761 1546//2761
f 803//2762 804//2762 761//2762
f 1250//2763 1318//2763 1200//2763
f 1430//2764 1339//2764 1355//2764
f 924//2765 133//2765 925//2765
f 430//2766 776//2766 322//2766
f 1522//2767 1268//2767 1474//2767
f 1524//2768 1357//2768 1243//2768
f 435//2769 987//2769 109//2769
f 1359//2770 1478//2770 1293//2770
f 1581//2771 1496//2771 1498//2771
f 40//2772 888//2772 782//2772
f 1473//2773 226//2773 689//2773
f 289//2774 1040//2774 1367//2774
f 1332//2775 1312//2775 1440//2775
f 496//2776 1607//2776 1415//2776
f 98//2777 1659//2777 1726//2777
f 1180//2778 1502//2778 1331//2778
f 812//2779 1208//2779 161//2779
f 562//2780 844//2780 57//2780
f 1503//2781 1502//2781 1346//2781
f 1394//2782 1494//2782 1265//2782
f 1465//2783 1487//2783 1509//2783
f 108//2784 312//2784 807//2784
f 1373//2785 384//2785 1644//2785
f 1435//2786 1059//2786 221//2786
f 515//2787 745//2787 477//2787
f 1615//2788 1537//2788 1490//2788
f 1485//2789 1418//2789 1465//2789
f 1503//2790 1483//2790 1585//2790
f 1347//2791 1547//2791 1565//2791
f 1485//2792 1507//2792 1588//2792
f 1493//2793 1662//2793 1354//2793
f 1565//2794 1483//2794 1364//2794
f 1569//2795 1566//2795 1528//2795
f 1569//2796 1568//2796 1587//2796
f 1638//2797 1587//2797 1568//2797
f 1508//2798 1548//2798 1589//2798
f 1589//2799 1626//2799 1508//2799
f 745//2800 515//2800 525//2800
f 1529//2801 1509//2801 1590//2801
f 1487//2802 1610//2802 1509//2802
f 1007//2803 140//2803 876//2803
f 361//2804 1407//2804 368//2804
f 851//2805 778//2805 818//2805
f 1592//2806 1551//2806 1549//2806
f 9//2807 1218//2807 425//2807
f 1552//2808 1513//2808 1467//2808
f 1589//2809 1640//2809 1655//2809
f 1514//2810 1533//2810 1552//2810
f 200//2811 484//2811 741//2811
f 1489//2812 1691//2812 1469//2812
f 1535//2813 1595//2813 1538//2813
f 1300//2814 1409//2814 119//2814
f 413//2815 592//2815 1044//2815
f 1573//2816 1451//2816 1492//2816
f 1517//2817 1598//2817 1450//2817
f 223//2818 65//2818 895//2818
f 420//2819 299//2819 121//2819
f 1669//2820 1587//2820 1687//2820
f 1560//2821 1536//2821 1618//2821
f 1576//2822 1520//2822 1491//2822
f 1406//2823 1560//2823 1577//2823
f 1599//2824 1615//2824 1558//2824
f 1406//2825 1577//2825 1369//2825
f 1316//2826 1389//2826 1407//2826
f 1455//2827 1372//2827 1601//2827
f 583//2828 990//2828 340//2828
f 1353//2829 1455//2829 1601//2829
f 483//2830 460//2830 374//2830
f 1373//2831 1318//2831 1631//2831
f 1603//2832 1250//2832 1543//2832
f 1562//2833 1472//2833 1390//2833
f 1460//2834 1545//2834 1378//2834
f 1605//2835 1524//2835 1457//2835
f 1290//2836 1458//2836 1457//2836
f 1525//2837 1358//2837 1476//2837
f 1376//2838 1580//2838 1477//2838
f 433//2839 982//2839 951//2839
f 1669//2840 1687//2840 1709//2840
f 888//2841 40//2841 1582//2841
f 1342//2842 1499//2842 1526//2842
f 1714//2843 592//2843 395//2843
f 1498//2844 1438//2844 1581//2844
f 1621//2845 1480//2845 1526//2845
f 1415//2846 1607//2846 1344//2846
f 1331//2847 1502//2847 1608//2847
f 1332//2848 1331//2848 1312//2848
f 1317//2849 1449//2849 97//2849
f 1439//2850 1663//2850 1664//2850
f 1504//2851 1505//2851 1380//2851
f 1701//2852 686//2852 1629//2852
f 1400//2853 1399//2853 1468//2853
f 1586//2854 1566//2854 1636//2854
f 1566//2855 1587//2855 1636//2855
f 1586//2856 1528//2856 1566//2856
f 1464//2857 1627//2857 1420//2857
f 96//2858 667//2858 910//2858
f 1102//2859 596//2859 24//2859
f 1352//2860 320//2860 1629//2860
f 1731//2861 1640//2861 45//2861
f 1569//2862 1590//2862 1568//2862
f 1638//2863 1568//2863 1590//2863
f 1606//2864 1207//2864 1090//2864
f 1569//2865 1587//2865 1566//2865
f 1045//2866 82//2866 1103//2866
f 858//2867 1024//2867 859//2867
f 911//2868 547//2868 98//2868
f 1485//2869 1591//2869 1570//2869
f 1725//2870 68//2870 788//2870
f 1571//2871 1550//2871 1488//2871
f 503//2872 576//2872 693//2872
f 468//2873 1371//2873 1029//2873
f 364//2874 132//2874 427//2874
f 877//2875 1118//2875 427//2875
f 185//2876 236//2876 99//2876
f 1593//2877 1557//2877 1596//2877
f 1594//2878 1517//2878 1448//2878
f 945//2879 1003//2879 1167//2879
f 1626//2880 1658//2880 1674//2880
f 1439//2881 1583//2881 1663//2881
f 1536//2882 1470//2882 1616//2882
f 1536//2883 1616//2883 1600//2883
f 1060//2884 304//2884 862//2884
f 1536//2885 1600//2885 1618//2885
f 24//2886 39//2886 528//2886
f 774//2887 52//2887 617//2887
f 1477//2888 448//2888 1458//2888
f 1407//2889 1578//2889 1299//2889
f 1408//2890 1373//2890 1644//2890
f 1019//2891 1092//2891 1072//2891
f 303//2892 1105//2892 734//2892
f 930//2893 674//2893 1388//2893
f 1106//2894 38//2894 780//2894
f 1701//2895 1692//2895 1702//2895
f 1474//2896 1524//2896 1649//2896
f 1009//2897 153//2897 147//2897
f 496//2898 491//2898 1607//2898
f 1496//2899 1581//2899 1580//2899
f 516//2900 181//2900 161//2900
f 1623//2901 1500//2901 1344//2901
f 244//2902 1151//2902 248//2902
f 1546//2903 1312//2903 1331//2903
f 1487//2904 1465//2904 1421//2904
f 122//2905 127//2905 145//2905
f 1613//2906 1448//2906 1534//2906
f 1626//2907 1589//2907 1655//2907
f 183//2908 232//2908 1323//2908
f 1588//2909 1699//2909 1591//2909
f 1639//2910 1591//2910 1699//2910
f 82//2911 974//2911 1103//2911
f 1512//2912 1626//2912 1641//2912
f 1699//2913 1671//2913 1711//2913
f 1185//2914 1191//2914 644//2914
f 1690//2915 1513//2915 1552//2915
f 1592//2916 1612//2916 1551//2916
f 560//2917 708//2917 339//2917
f 363//2918 1661//2918 700//2918
f 827//2919 1288//2919 1294//2919
f 1665//2920 1546//2920 520//2920
f 77//2921 72//2921 75//2921
f 1573//2922 1489//2922 1451//2922
f 1409//2923 1292//2923 430//2923
f 229//2924 1630//2924 709//2924
f 1537//2925 1615//2925 1629//2925
f 1039//2926 253//2926 1041//2926
f 856//2927 1723//2927 23//2927
f 1253//2928 4//2928 1270//2928
f 615//2929 1059//2929 1435//2929
f 1599//2930 1520//2930 1576//2930
f 1394//2931 1285//2931 915//2931
f 1318//2932 1603//2932 1631//2932
f 1308//2933 1429//2933 1602//2933
f 1431//2934 1522//2934 1648//2934
f 1411//2935 1227//2935 1339//2935
f 1355//2936 1579//2936 1430//2936
f 750//2937 444//2937 446//2937
f 1596//2938 1597//2938 1572//2938
f 708//2939 844//2939 32//2939
f 118//2940 79//2940 1090//2940
f 881//2941 149//2941 160//2941
f 1173//2942 272//2942 1240//2942
f 1048//2943 1265//2943 1254//2943
f 1414//2944 1622//2944 1396//2944
f 1150//2945 1071//2945 1100//2945
f 197//2946 599//2946 748//2946
f 1331//2947 1608//2947 505//2947
f 1482//2948 1481//2948 1624//2948
f 1077//2949 113//2949 104//2949
f 82//2950 976//2950 1531//2950
f 1398//2951 683//2951 263//2951
f 1625//2952 1667//2952 1609//2952
f 1439//2953 1504//2953 1583//2953
f 1724//2954 1688//2954 186//2954
f 1655//2955 1698//2955 1657//2955
f 1599//2956 1693//2956 1702//2956
f 1635//2957 1483//2957 1565//2957
f 692//2958 1393//2958 150//2958
f 1670//2959 1586//2959 1636//2959
f 296//2960 273//2960 95//2960
f 930//2961 1398//2961 263//2961
f 1424//2962 1533//2962 1514//2962
f 1102//2963 768//2963 596//2963
f 1626//2964 1655//2964 1657//2964
f 1658//2965 1626//2965 1657//2965
f 1639//2966 1699//2966 1688//2966
f 910//2967 85//2967 96//2967
f 113//2968 1077//2968 1083//2968
f 496//2969 848//2969 620//2969
f 200//2970 741//2970 241//2970
f 548//2971 437//2971 727//2971
f 1554//2972 1595//2972 1535//2972
f 413//2973 158//2973 1680//2973
f 1070//2974 1014//2974 1069//2974
f 431//2975 210//2975 1337//2975
f 1447//2976 158//2976 413//2976
f 1616//2977 1598//2977 1660//2977
f 1577//2978 1560//2978 1618//2978
f 1646//2979 1579//2979 1355//2979
f 1723//2980 1083//2980 23//2980
f 700//2981 347//2981 928//2981
f 1679//2982 1408//2982 1644//2982
f 1377//2983 1438//2983 1498//2983
f 1305//2984 1622//2984 1260//2984
f 1646//2985 1267//2985 1521//2985
f 104//2986 113//2986 1686//2986
f 982//2987 518//2987 762//2987
f 1474//2988 1649//2988 1522//2988
f 1627//2989 1468//2989 1420//2989
f 1538//2990 1595//2990 1492//2990
f 210//2991 452//2991 731//2991
f 486//2992 990//2992 993//2992
f 1488//2993 1445//2993 1553//2993
f 1597//2994 1596//2994 1575//2994
f 1623//2995 1344//2995 1607//2995
f 1526//2996 1499//2996 1652//2996
f 1502//2997 1503//2997 1666//2997
f 1640//2998 614//2998 1655//2998
f 109//2999 1437//2999 435//2999
f 1462//3000 1441//3000 1547//3000
f 1106//3001 1674//3001 856//3001
f 1636//3002 1654//3002 1670//3002
f 1637//3003 1586//3003 1670//3003
f 1669//3004 1636//3004 1587//3004
f 1656//3005 1658//3005 1657//3005
f 1145//3006 1048//3006 1254//3006
f 1548//3007 1640//3007 1589//3007
f 1376//3008 1477//3008 1242//3008
f 295//3009 1684//3009 549//3009
f 1410//3010 307//3010 1281//3010
f 662//3011 862//3011 253//3011
f 238//3012 1677//3012 96//3012
f 498//3013 1453//3013 693//3013
f 1571//3014 1553//3014 1676//3014
f 1612//3015 1595//3015 1554//3015
f 1595//3016 1612//3016 1712//3016
f 1678//3017 1534//3017 1468//3017
f 911//3018 82//3018 702//3018
f 62//3019 352//3019 235//3019
f 1476//3020 1523//3020 1632//3020
f 1595//3021 1573//3021 1492//3021
f 490//3022 1321//3022 633//3022
f 674//3023 249//3023 1041//3023
f 496//3024 1330//3024 1501//3024
f 17//3025 1585//3025 1635//3025
f 1543//3026 1338//3026 1680//3026
f 1338//3027 1472//3027 1680//3027
f 1472//3028 1562//3028 1714//3028
f 1562//3029 1354//3029 1645//3029
f 1486//3030 1488//3030 1442//3030
f 1647//3031 1430//3031 1579//3031
f 1620//3032 1431//3032 1648//3032
f 1608//3033 508//3033 468//3033
f 877//3034 881//3034 1564//3034
f 445//3035 1478//3035 1495//3035
f 1716//3036 1412//3036 1544//3036
f 1716//3037 1497//3037 1412//3037
f 659//3038 179//3038 599//3038
f 1581//3039 1438//3039 465//3039
f 1545//3040 1460//3040 1651//3040
f 67//3041 45//3041 629//3041
f 710//3042 275//3042 542//3042
f 1582//3043 1722//3043 33//3043
f 1482//3044 1583//3044 1504//3044
f 1427//3045 1348//3045 1451//3045
f 74//3046 972//3046 974//3046
f 427//3047 1118//3047 364//3047
f 1609//3048 1667//3048 1665//3048
f 765//3049 694//3049 830//3049
f 910//3050 667//3050 1352//3050
f 1280//3051 1334//3051 1504//3051
f 447//3052 712//3052 1461//3052
f 1669//3053 1709//3053 1636//3053
f 1654//3054 1636//3054 1709//3054
f 845//3055 1093//3055 324//3055
f 316//3056 1479//3056 1078//3056
f 1672//3057 1687//3057 1587//3057
f 1201//3058 1614//3058 362//3058
f 116//3059 1656//3059 113//3059
f 1641//3060 1626//3060 1674//3060
f 199//3061 443//3061 201//3061
f 1548//3062 1510//3062 1642//3062
f 425//3063 372//3063 80//3063
f 1572//3064 1691//3064 108//3064
f 1643//3065 1678//3065 1468//3065
f 1593//3066 1659//3066 1552//3066
f 286//3067 1511//3067 1604//3067
f 446//3068 754//3068 750//3068
f 1556//3069 1537//3069 1629//3069
f 745//3070 497//3070 272//3070
f 1172//3071 1133//3071 1034//3071
f 1074//3072 708//3072 345//3072
f 695//3073 62//3073 1106//3073
f 1578//3074 1619//3074 1576//3074
f 1681//3075 1493//3075 1620//3075
f 535//3076 215//3076 1555//3076
f 288//3077 285//3077 1027//3077
f 1240//3078 285//3078 1173//3078
f 582//3079 490//3079 1111//3079
f 1524//3080 1694//3080 1649//3080
f 1621//3081 465//3081 1438//3081
f 1652//3082 1682//3082 1526//3082
f 1500//3083 1652//3083 1499//3083
f 118//3084 1191//3084 79//3084
f 482//3085 1653//3085 1622//3085
f 1060//3086 50//3086 1729//3086
f 1323//3087 232//3087 229//3087
f 1313//3088 1546//3088 1667//3088
f 1503//3089 1585//3089 1666//3089
f 1683//3090 1416//3090 1664//3090
f 1217//3091 1429//3091 1308//3091
f 1334//3092 1584//3092 1504//3092
f 1450//3093 1598//3093 1616//3093
f 1587//3094 1638//3094 1672//3094
f 1684//3095 1565//3095 1547//3095
f 1668//3096 1635//3096 1565//3096
f 1575//3097 1405//3097 1597//3097
f 1700//3098 1672//3098 1638//3098
f 1591//3099 1724//3099 1570//3099
f 1592//3100 1549//3100 1712//3100
f 2//3101 310//3101 767//3101
f 1725//3102 788//3102 904//3102
f 767//3103 310//3103 499//3103
f 1690//3104 1552//3104 1659//3104
f 1552//3105 1533//3105 1593//3105
f 1553//3106 1556//3106 1677//3106
f 520//3107 850//3107 252//3107
f 1500//3108 1696//3108 484//3108
f 121//3109 115//3109 823//3109
f 1567//3110 1637//3110 1671//3110
f 118//3111 1090//3111 1207//3111
f 1601//3112 363//3112 938//3112
f 175//3113 1232//3113 442//3113
f 1697//3114 1432//3114 93//3114
f 1231//3115 881//3115 442//3115
f 1602//3116 391//3116 1521//3116
f 731//3117 452//3117 221//3117
f 1674//3118 1658//3118 1656//3118
f 1603//3119 1543//3119 1680//3119
f 1585//3120 553//3120 276//3120
f 269//3121 494//3121 4//3121
f 1521//3122 1704//3122 1646//3122
f 1645//3123 1714//3123 1562//3123
f 1354//3124 1662//3124 1645//3124
f 1493//3125 1681//3125 1662//3125
f 1660//3126 1713//3126 1616//3126
f 1590//3127 1509//3127 1610//3127
f 1632//3128 1715//3128 1476//3128
f 1605//3129 1457//3129 1458//3129
f 1716//3130 1651//3130 1497//3130
f 452//3131 1477//3131 1580//3131
f 1534//3132 1678//3132 1613//3132
f 1460//3133 1497//3133 1651//3133
f 1651//3134 1695//3134 1545//3134
f 1682//3135 1621//3135 1526//3135
f 1383//3136 1486//3136 1443//3136
f 433//3137 1235//3137 982//3137
f 492//3138 1696//3138 1607//3138
f 1281//3139 307//3139 946//3139
f 787//3140 259//3140 515//3140
f 1664//3141 1707//3141 1683//3141
f 1125//3142 97//3142 90//3142
f 549//3143 1547//3143 1441//3143
f 1219//3144 1201//3144 362//3144
f 1505//3145 1504//3145 1720//3145
f 334//3146 437//3146 548//3146
f 1643//3147 1468//3147 1627//3147
f 549//3148 1684//3148 1547//3148
f 1710//3149 1654//3149 1709//3149
f 1710//3150 1670//3150 1654//3150
f 1721//3151 1584//3151 1416//3151
f 1686//3152 113//3152 1657//3152
f 413//3153 1680//3153 395//3153
f 1657//3154 113//3154 1656//3154
f 1653//3155 1501//3155 1260//3155
f 508//3156 1666//3156 276//3156
f 22//3157 915//3157 1292//3157
f 1627//3158 1724//3158 1725//3158
f 1641//3159 1712//3159 1549//3159
f 1533//3160 1557//3160 1593//3160
f 266//3161 515//3161 477//3161
f 1633//3162 228//3162 1414//3162
f 273//3163 296//3163 1595//3163
f 484//3164 200//3164 475//3164
f 312//3165 1691//3165 1489//3165
f 318//3166 867//3166 1382//3166
f 1410//3167 1397//3167 1053//3167
f 1726//3168 1593//3168 1596//3168
f 615//3169 227//3169 457//3169
f 140//3170 1007//3170 147//3170
f 1641//3171 1549//3171 1512//3171
f 1254//3172 889//3172 1145//3172
f 1615//3173 1692//3173 1701//3173
f 211//3174 376//3174 128//3174
f 227//3175 1621//3175 1682//3175
f 446//3176 467//3176 1716//3176
f 1567//3177 1671//3177 1699//3177
f 1166//3178 1158//3178 1145//3178
f 444//3179 750//3179 214//3179
f 223//3180 672//3180 1112//3180
f 363//3181 1372//3181 1370//3181
f 1394//3182 1265//3182 1285//3182
f 253//3183 271//3183 1397//3183
f 1648//3184 1522//3184 1649//3184
f 1701//3185 125//3185 1125//3185
f 1632//3186 1563//3186 1647//3186
f 1580//3187 465//3187 1435//3187
f 693//3188 1453//3188 705//3188
f 448//3189 1605//3189 1458//3189
f 1476//3190 1715//3190 1525//3190
f 271//3191 283//3191 1053//3191
f 505//3192 521//3192 1331//3192
f 1435//3193 1705//3193 1580//3193
f 1706//3194 1622//3194 1414//3194
f 586//3195 1542//3195 146//3195
f 1500//3196 1623//3196 1696//3196
f 1501//3197 1653//3197 243//3197
f 1623//3198 1607//3198 1696//3198
f 332//3199 990//3199 486//3199
f 1482//3200 1624//3200 501//3200
f 521//3201 1546//3201 1331//3201
f 1625//3202 1609//3202 519//3202
f 1666//3203 1585//3203 276//3203
f 1683//3204 1721//3204 1416//3204
f 595//3205 63//3205 968//3205
f 1260//3206 1622//3206 1653//3206
f 1047//3207 1109//3207 1179//3207
f 1727//3208 549//3208 1441//3208
f 1483//3209 1635//3209 1585//3209
f 1506//3210 1505//3210 1720//3210
f 252//3211 270//3211 520//3211
f 1540//3212 498//3212 215//3212
f 1710//3213 1685//3213 1670//3213
f 180//3214 182//3214 222//3214
f 1111//3215 490//3215 633//3215
f 110//3216 986//3216 1317//3216
f 1410//3217 1053//3217 307//3217
f 614//3218 1698//3218 1655//3218
f 209//3219 993//3219 990//3219
f 835//3220 770//3220 771//3220
f 1640//3221 1731//3221 614//3221
f 762//3222 323//3222 982//3222
f 1591//3223 1639//3223 1688//3223
f 119//3224 516//3224 1300//3224
f 1603//3225 158//3225 933//3225
f 1556//3226 1553//3226 1445//3226
f 1594//3227 1613//3227 329//3227
f 1309//3228 1555//3228 215//3228
f 1712//3229 273//3229 1595//3229
f 1573//3230 312//3230 1489//3230
f 1556//3231 320//3231 667//3231
f 329//3232 1613//3232 314//3232
f 750//3233 1730//3233 445//3233
f 1036//3234 1166//3234 1145//3234
f 1141//3235 1138//3235 863//3235
f 1692//3236 1615//3236 1702//3236
f 1629//3237 1615//3237 1701//3237
f 347//3238 1577//3238 1618//3238
f 643//3239 200//3239 207//3239
f 1369//3240 1661//3240 363//3240
f 557//3241 1138//3241 207//3241
f 404//3242 592//3242 956//3242
f 1137//3243 643//3243 207//3243
f 1309//3244 1207//3244 1555//3244
f 91//3245 260//3245 904//3245
f 27//3246 5//3246 25//3246
f 1632//3247 1647//3247 1715//3247
f 1648//3248 1649//3248 1694//3248
f 1583//3249 515//3249 259//3249
f 448//3250 1477//3250 452//3250
f 766//3251 819//3251 768//3251
f 1501//3252 489//3252 496//3252
f 496//3253 620//3253 491//3253
f 521//3254 505//3254 793//3254
f 1717//3255 1718//3255 497//3255
f 1527//3256 1506//3256 1027//3256
f 1584//3257 1719//3257 1504//3257
f 1721//3258 1719//3258 1584//3258
f 404//3259 1645//3259 1662//3259
f 1089//3260 242//3260 1175//3260
f 588//3261 1671//3261 1685//3261
f 848//3262 496//3262 489//3262
f 1722//3263 1699//3263 1711//3263
f 1723//3264 1674//3264 1656//3264
f 240//3265 795//3265 485//3265
f 1640//3266 1548//3266 1642//3266
f 1610//3267 1487//3267 1112//3267
f 850//3268 621//3268 656//3268
f 1688//3269 1699//3269 1722//3269
f 1642//3270 1510//3270 1550//3270
f 361//3271 1619//3271 1407//3271
f 797//3272 289//3272 1374//3272
f 295//3273 289//3273 300//3273
f 1059//3274 455//3274 415//3274
f 1676//3275 1553//3275 1677//3275
f 1442//3276 1488//3276 1550//3276
f 1726//3277 1596//3277 1572//3277
f 760//3278 499//3278 300//3278
f 705//3279 1630//3279 359//3279
f 889//3280 407//3280 1016//3280
f 1629//3281 320//3281 1556//3281
f 420//3282 132//3282 335//3282
f 1713//3283 1600//3283 1616//3283
f 446//3284 444//3284 1152//3284
f 347//3285 700//3285 1661//3285
f 1060//3286 662//3286 17//3286
f 1632//3287 1523//3287 1563//3287
f 1713//3288 1618//3288 1600//3288
f 458//3289 457//3289 510//3289
f 201//3290 218//3290 554//3290
f 482//3291 1622//3291 1706//3291
f 1555//3292 1207//3292 632//3292
f 1694//3293 416//3293 1662//3293
f 909//3294 802//3294 790//3294
f 1620//3295 1648//3295 1681//3295
f 1671//3296 1637//3296 1685//3296
f 1694//3297 1662//3297 1648//3297
f 1478//3298 1730//3298 1544//3298
f 1705//3299 452//3299 1580//3299
f 1581//3300 465//3300 1580//3300
f 192//3301 1345//3301 1475//3301
f 1670//3302 1685//3302 1637//3302
f 140//3303 428//3303 876//3303
f 1081//3304 1074//3304 345//3304
f 492//3305 1607//3305 491//3305
f 1679//3306 1644//3306 368//3306
f 1546//3307 1665//3307 1667//3307
f 532//3308 501//3308 1624//3308
f 1728//3309 1720//3309 1504//3309
f 579//3310 987//3310 170//3310
f 431//3311 1044//3311 592//3311
f 505//3312 1608//3312 793//3312
f 588//3313 76//3313 78//3313
f 1370//3314 1172//3314 1287//3314
f 1711//3315 1671//3315 588//3315
f 928//3316 347//3316 1713//3316
f 1208//3317 422//3317 161//3317
f 316//3318 783//3318 1176//3318
f 1590//3319 184//3319 1638//3319
f 877//3320 142//3320 881//3320
f 1642//3321 1550//3321 629//3321
f 1511//3322 286//3322 280//3322
f 1712//3323 1641//3323 235//3323
f 1571//3324 629//3324 1550//3324
f 1716//3325 1730//3325 754//3325
f 310//3326 78//3326 499//3326
f 82//3327 1531//3327 964//3327
f 1677//3328 1556//3328 667//3328
f 1613//3329 1678//3329 314//3329
f 1643//3330 1627//3330 260//3330
f 1438//3331 1480//3331 1621//3331
f 1599//3332 1702//3332 1615//3332
f 204//3333 208//3333 338//3333
f 782//3334 997//3334 68//3334
f 1107//3335 937//3335 1005//3335
f 823//3336 148//3336 121//3336
f 803//3337 264//3337 804//3337
f 1579//3338 1646//3338 405//3338
f 938//3339 1228//3339 145//3339
f 1630//3340 229//3340 359//3340
f 920//3341 943//3341 964//3341
f 1117//3342 67//3342 629//3342
f 1730//3343 1478//3343 445//3343
f 1582//3344 40//3344 1722//3344
f 111//3345 986//3345 110//3345
f 346//3346 1079//3346 574//3346
f 150//3347 1294//3347 1288//3347
f 1501//3348 243//3348 489//3348
f 228//3349 1633//3349 1695//3349
f 1583//3350 1482//3350 525//3350
f 1608//3351 1666//3351 508//3351
f 1563//3352 1430//3352 1647//3352
f 1624//3353 1527//3353 532//3353
f 1684//3354 1668//3354 1565//3354
f 1504//3355 1719//3355 1728//3355
f 1720//3356 1027//3356 1506//3356
f 343//3357 913//3357 1185//3357
f 164//3358 118//3358 1207//3358
f 1685//3359 76//3359 588//3359
f 882//3360 1194//3360 38//3360
f 1048//3361 1158//3361 1061//3361
f 395//3362 592//3362 413//3362
f 160//3363 442//3363 881//3363
f 1704//3364 405//3364 1646//3364
f 1145//3365 889//3365 1036//3365
f 241//3366 741//3366 1696//3366
f 1591//3367 1688//3367 1724//3367
f 260//3368 1627//3368 1725//3368
f 1685//3369 1710//3369 76//3369
f 748//3370 1495//3370 1525//3370
f 1690//3371 223//3371 1487//3371
f 1154//3372 1651//3372 467//3372
f 700//3373 579//3373 938//3373
f 1594//3374 329//3374 1598//3374
f 1709//3375 1687//3375 1729//3375
f 1661//3376 1577//3376 347//3376
f 1659//3377 1518//3377 1690//3377
f 1716//3378 1544//3378 1730//3378
f 123//3379 154//3379 208//3379
f 913//3380 297//3380 1254//3380
f 1525//3381 1715//3381 197//3381
f 1085//3382 927//3382 929//3382
f 1053//3383 1397//3383 271//3383
f 1651//3384 1716//3384 467//3384
f 243//3385 482//3385 233//3385
f 599//3386 197//3386 659//3386
f 657//3387 493//3387 622//3387
f 1609//3388 520//3388 519//3388
f 1609//3389 1665//3389 520//3389
f 1717//3390 532//3390 1718//3390
f 1727//3391 1667//3391 1625//3391
f 1686//3392 1657//3392 1698//3392
f 263//3393 674//3393 930//3393
f 1253//3394 1719//3394 1721//3394
f 885//3395 153//3395 1009//3395
f 295//3396 1668//3396 1684//3396
f 1542//3397 1602//3397 1429//3397
f 1710//3398 50//3398 53//3398
f 97//3399 1449//3399 90//3399
f 812//3400 168//3400 490//3400
f 1674//3401 1723//3401 856//3401
f 173//3402 1475//3402 1345//3402
f 1638//3403 184//3403 1700//3403
f 1640//3404 1642//3404 45//3404
f 1112//3405 1487//3405 223//3405
f 1724//3406 68//3406 1725//3406
f 1151//3407 244//3407 1473//3407
f 1676//3408 1677//3408 238//3408
f 1678//3409 1643//3409 260//3409
f 273//3410 1712//3410 235//3410
f 1659//3411 1593//3411 1726//3411
f 1060//3412 862//3412 662//3412
f 279//3413 542//3413 291//3413
f 683//3414 946//3414 794//3414
f 76//3415 1710//3415 53//3415
f 1281//3416 946//3416 683//3416
f 1687//3417 845//3417 1729//3417
f 427//3418 306//3418 877//3418
f 1713//3419 347//3419 1618//3419
f 82//3420 964//3420 702//3420
f 1619//3421 925//3421 1576//3421
f 685//3422 46//3422 804//3422
f 368//3423 1407//3423 1389//3423
f 1603//3424 384//3424 1631//3424
f 913//3425 1254//3425 1265//3425
f 1680//3426 1472//3426 395//3426
f 456//3427 1009//3427 147//3427
f 1647//3428 1579//3428 405//3428
f 1662//3429 1681//3429 1648//3429
f 1714//3430 404//3430 956//3430
f 1715//3431 1647//3431 423//3431
f 108//3432 1691//3432 312//3432
f 1511//3433 280//3433 19//3433
f 748//3434 436//3434 445//3434
f 798//3435 887//3435 801//3435
f 1633//3436 1545//3436 1695//3436
f 1605//3437 194//3437 1524//3437
f 416//3438 1694//3438 194//3438
f 870//3439 271//3439 253//3439
f 1567//3440 1699//3440 1588//3440
f 1592//3441 1712//3441 1612//3441
f 45//3442 39//3442 1731//3442
f 525//3443 1482//3443 501//3443
f 1571//3444 1676//3444 238//3444
f 525//3445 515//3445 1583//3445
f 532//3446 1717//3446 525//3446
f 17//3447 553//3447 1585//3447
f 845//3448 1700//3448 1093//3448
f 1668//3449 48//3449 1635//3449
f 1708//3450 589//3450 587//3450
f 124//3451 589//3451 1708//3451
f 223//3452 895//3452 672//3452
f 1096//3453 1229//3453 1094//3453
f 1347//3454 1332//3454 1440//3454
f 1441//3455 1667//3455 1727//3455
f 1667//3456 1441//3456 1313//3456
f 440//3457 572//3457 439//3457
f 1527//3458 1027//3458 532//3458
