# Blender 4.3.1
# www.blender.org
mtllib untitled.mtl
o bunny
v -0.613298 1.076979 0.002881
v -0.637300 1.044206 0.042264
v -0.610914 0.744555 0.034884
v -0.605221 0.747249 -0.006465
v -0.009586 0.904214 0.090215
v -0.006192 0.870355 0.179351
v -0.478750 1.453550 -0.592153
v -0.483329 1.394705 -0.473327
v -0.433302 1.403658 -0.543919
v -0.057345 0.857349 0.191595
v -0.357749 0.083439 0.346211
v -0.316689 0.106430 0.350924
v -0.351491 0.111274 0.319441
v 0.291757 0.968863 0.082524
v 0.165227 0.951700 0.126844
v -0.306859 1.189895 0.178207
v -0.314557 1.176637 0.220362
v -0.582908 0.417509 -0.032112
v -0.608558 0.450568 0.066478
v -0.431103 1.150717 -0.476637
v -0.457556 1.161966 -0.520512
v -0.411967 1.187618 -0.566615
v -0.640490 0.536556 0.039935
v -0.642464 0.565384 0.113665
v 0.830689 0.364580 0.091201
v 0.822688 0.338427 0.145027
v 0.847557 0.311074 0.123129
v -0.104066 1.415268 -0.140153
v -0.135133 1.394629 -0.159533
v -0.556733 0.380534 -0.024310
v -0.444193 1.332093 -0.319605
v -0.478082 1.329138 -0.304300
v -0.378507 1.273981 -0.321204
v -0.380657 1.208523 -0.202712
v -0.392427 1.360493 -0.539762
v -0.424485 1.372895 -0.486344
v -0.253635 0.012164 -0.205765
v -0.226764 -0.005493 -0.236248
v -0.264238 -0.011409 -0.201407
v -0.414904 1.339828 -0.392792
v -0.450689 1.264253 -0.177439
v -0.419000 1.223004 -0.143478
v -0.026138 0.598783 -0.332468
v -0.118457 0.550101 -0.320498
v 0.000672 0.635509 -0.323407
v 0.142016 0.934022 0.167617
v 0.087304 0.895930 0.203675
v -0.677747 0.962550 0.131315
v -0.653172 1.003247 0.135360
v 0.201895 0.938796 -0.102910
v 0.088859 0.929587 -0.049409
v 0.252433 0.960218 -0.048802
v -0.451330 -0.009448 -0.096288
v -0.470948 0.016986 -0.067515
v -0.432397 0.010773 -0.138772
v -0.664830 0.823055 0.226648
v -0.672251 0.858842 0.211371
v -0.606186 0.478519 0.121493
v 0.167692 0.955963 0.030882
v -0.103645 0.147292 -0.208815
v -0.134835 0.143859 -0.198021
v -0.485991 1.204482 -0.053864
v -0.571148 1.198716 0.113047
v -0.469966 1.214428 0.058851
v -0.421993 0.803301 -0.180566
v -0.445102 0.819331 -0.165592
v -0.639256 0.649356 0.030924
v -0.624118 1.162501 0.172978
v -0.554980 1.147264 0.284240
v 0.262520 0.612588 0.455628
v 0.289812 0.641203 0.414230
v -0.478609 1.213680 0.145447
v -0.691268 0.915875 0.127622
v -0.692623 0.890766 0.094353
v -0.564120 1.183457 0.200442
v 0.331018 0.968166 0.020625
v -0.569594 0.408162 0.083980
v -0.546161 0.365874 0.087305
v -0.416353 1.297500 -0.276406
v -0.651046 0.979614 -0.014672
v -0.623434 0.983747 -0.057174
v 0.348615 0.950385 -0.069573
v 0.389628 0.618954 -0.319477
v -0.437579 1.206945 -0.072049
v -0.469912 1.241733 -0.135688
v -0.499241 1.223040 -0.132445
v 0.232693 0.947710 0.173819
v 0.208959 0.923252 0.216140
v -0.629298 0.631243 -0.024390
v -0.642186 0.586615 0.046211
v -0.511156 1.332548 -0.353711
v -0.665131 0.791181 0.082970
v -0.653617 0.789369 0.021322
v -0.254861 1.179690 0.036721
v -0.255670 1.249450 0.001955
v -0.274843 1.182989 0.050761
v -0.683811 0.830625 0.125134
v -0.690235 0.877154 0.158224
v -0.572075 0.911794 0.432740
v -0.548681 0.944942 0.447872
v -0.503640 0.984921 0.437432
v -0.535229 1.021335 0.418817
v -0.483187 1.459990 -0.620124
v -0.434950 1.462543 -0.632329
v -0.198591 1.314461 -0.041802
v -0.314028 1.205308 0.062104
v -0.518245 0.901127 0.448843
v -0.518210 1.127008 0.331966
v -0.569702 1.040299 0.386150
v -0.362646 1.181405 0.256111
v -0.059857 0.090535 0.416363
v -0.039594 0.044937 0.449953
v -0.005594 0.079908 0.450503
v -0.303144 0.337830 -0.220876
v -0.315216 0.403475 -0.264488
v -0.254971 0.400289 -0.256570
v -0.373406 0.896252 -0.167867
v -0.472323 0.916235 -0.167455
v -0.312408 1.229900 0.000341
v -0.294102 1.204356 0.044678
v 0.689136 0.546580 -0.117258
v 0.664651 0.543907 -0.179176
v 0.657276 0.618893 -0.140262
v -0.608342 0.475004 -0.017123
v -0.615802 0.495063 0.051395
v -0.036325 0.907422 0.002456
v -0.396492 1.183344 -0.104154
v -0.483814 1.112149 0.352466
v -0.279031 0.138028 0.051023
v -0.249646 0.144406 0.091546
v -0.247801 0.180282 0.077430
v -0.513337 0.819463 0.433448
v -0.481427 0.842342 0.451224
v 0.101084 0.537487 -0.461390
v 0.199372 0.504898 -0.456267
v -0.128713 1.154429 -0.072457
v -0.665496 0.923620 0.001409
v -0.608304 1.040648 -0.049597
v -0.103776 0.180310 -0.186167
v -0.136713 0.246170 -0.199831
v -0.090878 0.217089 -0.189031
v -0.064056 0.540802 -0.334752
v -0.623615 0.523526 -0.046361
v -0.327951 0.934561 -0.149990
v -0.408915 1.052513 -0.159880
v -0.361310 1.054508 -0.142758
v -0.455993 0.877502 0.451303
v -0.457600 1.054799 0.387710
v -0.482656 0.799254 0.431375
v -0.357342 1.355076 -0.693776
v -0.363747 1.412898 -0.683273
v -0.038645 1.333424 -0.254084
v 0.051599 1.351183 -0.285766
v -0.015887 1.271732 -0.230079
v 0.669584 0.676979 -0.062132
v 0.745685 0.181473 -0.123763
v 0.786467 0.182340 -0.089512
v 0.746303 0.109741 -0.062953
v -0.115674 1.247208 -0.205461
v -0.404648 1.108223 -0.271193
v -0.390013 1.140043 -0.340931
v -0.376035 1.131908 -0.230158
v 0.273081 0.777141 0.337657
v 0.274058 0.813491 0.319142
v 0.714277 0.131499 -0.116742
v 0.670551 0.688993 -0.000573
v -0.255733 1.027244 -0.070077
v -0.229037 0.953110 -0.085196
v -0.438523 0.612401 0.338828
v -0.468663 0.705268 0.293842
v -0.478813 0.578344 0.329447
v -0.434639 0.823731 0.439342
v 0.264600 0.165619 0.449995
v 0.735479 0.081809 0.072857
v 0.711051 0.068957 -0.004756
v 0.829679 0.277253 -0.059528
v 0.810068 0.171226 -0.046240
v 0.698087 0.481603 -0.085279
v 0.707433 0.521590 -0.042580
v 0.721196 0.397106 0.029642
v -0.347249 0.061942 0.143602
v -0.276769 0.099457 0.103532
v -0.358399 0.030424 0.114653
v -0.589367 0.747476 -0.045682
v -0.523496 0.340261 0.033242
v -0.506347 0.336790 -0.038313
v -0.394117 0.752348 0.295913
v -0.441503 0.738638 0.293632
v 0.193113 0.555218 0.486735
v 0.385835 0.564033 0.444382
v 0.384985 0.614211 0.409168
v 0.284000 0.265390 0.481213
v -0.424021 0.883795 0.437681
v -0.660764 0.943944 0.274011
v -0.652128 0.944564 0.333679
v -0.633537 1.112647 0.017334
v -0.589021 1.127531 -0.034578
v 0.334707 0.940528 0.184420
v -0.380241 0.704002 0.323296
v -0.396217 1.190737 -0.486701
v -0.373558 1.243323 -0.481322
v 0.251454 0.099703 0.383532
v 0.114239 0.132390 0.398839
v 0.335472 0.887061 0.259351
v -0.245153 1.063312 -0.028508
v -0.224521 1.097899 -0.047121
v -0.232365 1.108020 0.002216
v -0.241672 1.123400 -0.102868
v -0.250059 1.088818 -0.067096
v 0.696385 0.604450 0.079967
v 0.706708 0.577811 -0.023004
v 0.070793 0.044209 0.312668
v 0.338912 0.155049 0.428461
v 0.344553 0.093311 0.369128
v 0.312184 0.118951 0.409290
v 0.862985 0.272203 0.043543
v 0.853230 0.330614 0.025387
v -0.390199 1.249701 -0.647366
v -0.370370 1.295830 -0.635241
v -0.419899 0.604614 0.342659
v -0.438136 0.520964 0.347037
v -0.384099 0.562292 0.366965
v 0.440780 0.685805 0.365297
v 0.402371 0.724750 0.336674
v 0.284974 0.511332 0.490559
v 0.240843 0.589983 0.472145
v 0.367459 0.218514 0.438997
v 0.304303 0.222240 0.452789
v -0.414483 1.066554 0.348762
v 0.671526 0.447060 -0.147323
v -0.058185 0.909537 0.088493
v 0.412787 0.942133 0.003458
v -0.379150 0.415762 0.332891
v -0.395531 0.497451 0.360383
v -0.462557 0.451979 0.311967
v 0.686709 0.400665 -0.114472
v 0.708521 0.398904 -0.055372
v 0.239072 0.237208 0.463398
v 0.224581 0.261976 0.475932
v 0.322798 0.643075 0.401464
v 0.303772 0.668450 0.372784
v 0.290708 0.351272 0.478973
v 0.331456 0.397259 0.479229
v 0.280809 0.444027 0.485533
v -0.092883 1.304093 -0.115364
v -0.135108 1.266651 -0.071328
v 0.243448 0.199891 0.466336
v -0.017927 1.383767 -0.181250
v -0.262264 0.210841 0.077558
v -0.292315 0.205634 0.021822
v -0.178930 0.929073 0.086841
v -0.224068 1.004344 0.074680
v -0.220108 0.967858 0.156744
v -0.601333 0.889096 -0.111291
v -0.491022 0.828251 -0.156267
v -0.613576 0.851163 -0.092094
v -0.337183 0.650151 0.347666
v 0.699859 0.198205 0.244902
v 0.696066 0.139774 0.229706
v 0.724257 0.193736 0.235581
v 0.136253 1.388967 -0.358125
v 0.077900 1.309328 -0.266890
v -0.371664 1.288677 -0.671567
v 0.590076 0.803176 0.138838
v 0.564319 0.798734 0.204549
v 0.644639 0.691972 0.176899
v -0.347548 0.569123 0.372965
v 0.640220 0.137888 0.237930
v 0.591341 0.129343 0.229847
v -0.308039 1.068891 -0.106833
v -0.638874 1.021470 0.177012
v -0.658978 1.049714 0.102472
v -0.650096 1.009659 0.060046
v 0.111728 0.858534 0.272331
v 0.523419 0.058447 -0.124529
v 0.475350 0.016469 -0.096026
v -0.383029 0.283632 -0.122932
v -0.415687 0.283170 -0.097971
v -0.301739 0.460452 0.366029
v -0.333846 0.475825 0.357654
v 0.374268 0.694982 0.369913
v -0.327496 0.746375 0.298530
v 0.339097 0.512483 0.477507
v -0.433118 1.403361 -0.653325
v -0.412420 1.307192 -0.663583
v -0.296167 0.797576 0.268794
v 0.175329 0.494556 0.492257
v -0.494854 1.159393 -0.364326
v -0.475685 1.133909 -0.369973
v 0.657480 0.260451 0.217730
v 0.634410 0.208611 0.232437
v 0.262732 0.685778 0.355439
v -0.409015 0.063525 -0.127895
v -0.288348 0.564773 0.366260
v 0.375174 0.122796 0.375322
v -0.213174 0.328581 0.314912
v -0.202302 0.272884 0.310113
v -0.324917 0.032356 -0.180960
v -0.368076 0.060517 -0.153132
v -0.249414 0.113439 -0.171335
v -0.344626 0.383766 0.324959
v -0.292333 0.405257 0.342142
v -0.299342 0.709886 0.323935
v -0.372402 1.138296 -0.184553
v -0.367588 1.130727 -0.122514
v -0.378115 1.085792 -0.156311
v 0.225478 0.164534 0.450422
v -0.437970 1.214106 -0.602782
v 0.233587 0.409797 0.505529
v 0.206520 0.450915 0.497335
v 0.856626 0.327606 0.073463
v -0.271108 0.081811 0.373549
v -0.328930 0.052929 0.382234
v -0.121372 0.887523 0.176217
v -0.055380 0.811791 0.247142
v -0.408963 1.075678 -0.176569
v -0.449814 1.090095 -0.226867
v -0.259101 0.341295 0.298792
v -0.253887 0.519531 0.374657
v -0.239065 0.614308 0.358324
v 0.466671 0.459577 0.424080
v 0.478051 0.625901 0.381441
v 0.423014 0.617228 0.393361
v 0.614484 0.022859 0.068234
v 0.581116 0.007956 0.008124
v -0.305217 0.136690 0.297945
v 0.387192 0.659702 0.393097
v 0.730561 0.271532 0.222541
v 0.743158 0.324250 0.186493
v 0.683499 0.317600 0.186867
v 0.709514 0.346954 0.154047
v 0.786847 0.126922 -0.012445
v 0.821372 0.163535 -0.000611
v -0.156656 0.101665 -0.293749
v -0.122521 0.096234 -0.339569
v -0.277821 1.027738 0.200429
v 0.152591 0.256327 0.470322
v 0.150400 0.192138 0.439906
v -0.044071 0.016051 0.445824
v -0.247949 0.465173 0.361196
v -0.259272 0.759636 0.293853
v 0.192189 0.339292 0.483273
v 0.247068 0.341783 0.484218
v 0.463156 0.720424 0.321723
v 0.472427 0.818848 0.261967
v 0.393296 0.801992 0.294794
v 0.640409 0.734884 0.102108
v -0.226894 0.404569 0.345865
v -0.226180 0.657994 0.341234
v 0.337124 0.723564 0.330452
v -0.246216 0.146898 0.290576
v -0.225215 0.129917 0.313549
v -0.232763 0.570153 0.361489
v -0.363181 1.233607 -0.316160
v -0.213306 0.085580 0.351720
v 0.833415 0.280373 0.157132
v -0.427264 1.114472 -0.323212
v -0.490316 1.191067 0.236245
v -0.287609 1.101925 -0.092539
v -0.471122 0.009273 -0.001672
v -0.467839 0.027787 -0.041657
v -0.462660 -0.003411 -0.039420
v 0.550141 0.045529 0.187763
v 0.202993 0.376821 0.502497
v 0.220644 0.072504 0.394313
v 0.167430 0.113031 0.396222
v 0.034804 0.084355 0.453898
v -0.214540 0.197767 0.294428
v -0.249502 0.180713 0.253022
v -0.177986 0.728678 0.313917
v -0.192911 0.153305 0.308246
v -0.196386 0.496157 0.354939
v -0.165918 0.623632 0.339078
v -0.662202 1.129851 0.135227
v -0.658779 1.134913 0.071484
v -0.663919 1.077075 0.083443
v -0.167720 0.522410 0.344014
v -0.187783 0.884980 0.166622
v -0.239680 0.836519 0.233553
v 0.140615 1.472371 -0.359327
v 0.153488 1.439668 -0.375146
v 0.131612 1.457729 -0.374642
v -0.422155 1.202827 -0.597388
v -0.209273 1.247607 -0.007111
v -0.649004 1.149538 0.049457
v 0.588975 0.441808 -0.261290
v 0.545075 0.503215 -0.291964
v 0.601268 0.508222 -0.260676
v -0.176741 0.351341 0.336515
v -0.179070 0.460132 0.342277
v -0.192200 0.685293 0.336240
v 0.095090 1.283294 -0.245411
v -0.052939 1.193493 -0.140590
v -0.080756 1.211837 -0.183715
v -0.187749 1.219908 -0.018900
v -0.152896 0.429389 0.347979
v -0.122013 0.836207 0.227891
v -0.241905 1.080412 0.008282
v -0.258299 1.101254 0.059544
v 0.351032 0.306780 0.465065
v -0.128761 1.353769 -0.067146
v -0.148141 0.234111 0.322182
v -0.670487 0.928265 0.216071
v 0.242344 0.666001 0.361527
v -0.135787 0.084690 0.331576
v -0.122460 0.308599 0.334994
v -0.371110 1.339284 -0.576224
v -0.367767 0.112321 0.263947
v 0.179760 0.712244 0.358080
v -0.129120 0.158056 0.311576
v -0.128179 0.503838 0.356266
v -0.132472 0.550404 0.352358
v -0.147843 0.684014 0.319853
v -0.224502 0.995669 0.003982
v 0.162215 1.340564 -0.297813
v 0.153508 1.335138 -0.319946
v -0.067604 1.196152 -0.083191
v -0.084180 0.427136 0.335056
v -0.110667 0.609016 0.354357
v -0.106758 0.763173 0.278018
v -0.608714 1.182726 0.062719
v -0.644940 1.166745 0.093798
v -0.119966 1.341185 -0.068543
v -0.120458 1.380967 -0.090108
v 0.201011 0.864965 0.286653
v 0.849725 0.266029 -0.021412
v -0.111310 0.464725 0.350144
v -0.107664 0.568162 0.359453
v -0.059174 0.629570 0.363041
v 0.452433 0.002357 -0.111666
v -0.109191 0.117111 0.325963
v -0.082685 0.157546 0.300565
v -0.056978 0.196238 0.286280
v -0.077200 0.509661 0.342819
v -0.055606 1.422319 -0.122594
v -0.039452 1.414056 -0.137687
v 0.178239 0.616685 0.455864
v -0.038258 0.554058 0.360930
v 0.147016 0.755490 0.343132
v -0.016366 0.582684 0.367907
v -0.469238 1.146972 -0.468621
v -0.469808 1.171906 -0.500111
v -0.680517 0.858975 0.289042
v -0.050722 0.442084 0.336597
v -0.039986 0.657050 0.350717
v 0.791932 0.299404 0.193428
v 0.468669 0.033485 -0.133693
v -0.028353 0.288383 0.297758
v -0.047499 0.506083 0.356005
v 0.611901 0.207251 0.251756
v 0.003835 0.462147 0.454099
v 0.825812 0.336645 -0.042265
v -0.023300 0.186375 0.289901
v 0.615872 0.761853 -0.067496
v 0.378637 0.901673 0.230805
v 0.717190 0.393340 0.098694
v -0.374886 1.176937 -0.383284
v -0.041797 0.151572 0.351630
v -0.019977 0.130513 0.407879
v -0.015069 0.304223 0.312055
v 0.010705 0.780935 0.290838
v 0.255459 0.816655 -0.254644
v 0.050311 0.337970 0.437300
v -0.675435 0.850581 0.331544
v 0.046879 0.769847 0.314451
v 0.032665 0.153089 0.381963
v -0.295233 1.145167 -0.102399
v 0.751791 0.365567 0.141876
v 0.027652 0.631316 0.365563
v 0.026777 0.124413 0.431701
v 0.004445 0.178122 0.326952
v -0.387218 1.121533 0.303396
v 0.024707 0.680227 0.354297
v 0.102463 1.263262 -0.206218
v 0.027459 1.481256 -0.197676
v -0.010217 1.471809 -0.170484
v 0.078871 0.717850 0.342094
v 0.128801 0.662540 0.360033
v 0.082334 1.520713 -0.278620
v 0.100214 1.498424 -0.302018
v -0.270806 0.162913 0.163411
v -0.268985 0.215089 0.185279
v 0.425923 0.525635 0.422925
v 0.053564 0.168137 0.379974
v 0.043954 0.256368 0.388660
v -0.133155 0.386129 -0.258298
v -0.095605 0.368307 -0.266597
v -0.096930 0.297130 -0.224899
v 0.418349 0.900404 0.205247
v 0.437399 0.844684 0.261972
v 0.762662 0.239679 0.219440
v 0.076987 0.131702 0.406850
v -0.277666 0.143750 0.258230
v -0.320879 0.124090 0.212533
v -0.108481 0.000267 -0.387116
v -0.167915 0.018796 -0.355573
v -0.080054 0.075145 -0.373883
v 0.363787 0.474065 0.461676
v 0.075275 0.151049 0.388966
v 0.372812 0.946975 0.146091
v -0.451811 1.064980 -0.166037
v 0.013989 0.492122 0.465041
v 0.064944 0.434851 0.480927
v 0.075122 0.483270 0.494795
v 0.093852 0.533039 0.486275
v 0.052100 0.532381 0.474448
v 0.072223 0.642025 0.364040
v 0.108981 0.807224 0.306657
v 0.547686 0.370608 -0.295993
v 0.502416 0.394563 -0.334049
v -0.193136 1.356340 -0.121989
v 0.082813 0.202661 0.421005
v 0.078116 0.348655 0.459449
v 0.115687 0.572153 0.479534
v 0.050370 0.587359 0.441699
v 0.266381 -0.002089 -0.246545
v -0.023969 -0.009347 -0.294280
v 0.097721 0.283313 0.449761
v 0.109077 0.402234 0.478466
v 0.099866 0.481467 0.487900
v 0.109425 0.614429 0.443152
v -0.570794 1.068507 -0.078476
v 0.156851 0.430764 0.495991
v 0.532782 0.764706 0.267833
v 0.175998 0.682513 0.355660
v 0.211499 0.648167 0.415398
v -0.639975 0.652201 0.094119
v 0.422898 0.118532 0.348806
v 0.399764 0.079229 0.363657
v -0.224994 1.324740 -0.073343
v 0.555275 0.671157 0.300624
v 0.524668 0.649903 0.336420
v -0.019779 1.244959 -0.080552
v 0.021810 1.236795 -0.113412
v 0.365646 0.248503 0.439123
v 0.102257 0.002094 0.412329
v 0.125336 0.013121 0.424325
v 0.793046 0.250714 0.201944
v 0.391621 0.410842 0.459121
v 0.421318 0.431746 0.453259
v -0.142626 0.027575 0.347263
v -0.223422 0.013954 0.373045
v 0.770559 0.184827 0.197824
v 0.398499 0.187956 0.407928
v 0.454763 0.196175 0.387691
v 0.522307 0.129251 -0.241822
v 0.476553 0.097163 -0.245655
v 0.548218 0.266683 -0.280026
v 0.558380 0.224677 -0.247030
v 0.018885 1.262405 -0.113308
v -0.005642 1.275384 -0.126419
v 0.456897 0.337005 0.410885
v -0.244872 1.034465 0.101440
v -0.224406 0.013226 -0.214458
v -0.241178 1.143412 0.031295
v 0.018582 0.014947 0.457413
v 0.571789 0.784208 -0.134589
v 0.611161 0.686637 -0.178801
v -0.397807 0.886969 0.410823
v -0.324033 0.156315 -0.035338
v -0.306704 0.185007 -0.002135
v -0.318044 0.220094 -0.037141
v 0.596415 0.634045 0.285815
v 0.444329 0.248180 0.404699
v -0.118450 1.250697 -0.065349
v -0.436444 0.754277 0.308600
v 0.814670 0.192768 0.153884
v 0.781183 0.135325 0.139158
v -0.413382 0.835022 0.429679
v -0.414702 0.973120 0.373363
v -0.425804 0.786952 0.391576
v -0.095566 1.240050 -0.048529
v 0.704620 0.364474 0.140881
v 0.736373 0.099488 0.141751
v -0.355289 0.854810 0.335879
v 0.640810 0.315879 0.259860
v 0.615077 0.288238 0.291231
v 0.648858 0.607437 0.227241
v -0.142836 0.659923 -0.295379
v -0.385006 0.780768 0.299204
v -0.365898 0.811172 0.312488
v 0.852531 0.227751 0.032549
v 0.628816 0.496645 0.284752
v 0.595087 0.336043 0.310349
v 0.543347 0.515754 0.356535
v 0.532981 0.574549 0.363287
v 0.799574 0.352960 0.151363
v -0.393035 0.991625 0.325398
v 0.483223 0.254387 0.382221
v 0.583460 0.487742 0.334321
v -0.362791 0.889416 0.349181
v 0.014667 0.697487 -0.313099
v 0.115615 0.728271 -0.298132
v 0.115738 1.415277 -0.287325
v 0.453591 0.290573 0.397751
v 0.134893 1.363857 -0.272614
v 0.686607 0.498479 0.189226
v -0.372419 1.029401 0.281253
v -0.079702 0.709892 -0.287922
v 0.566177 0.182954 0.287778
v 0.539732 0.246349 0.339085
v 0.458431 0.081431 0.342569
v 0.458609 0.032827 0.324908
v 0.520562 0.109015 0.293412
v 0.515349 0.158426 -0.285503
v -0.357076 0.947760 0.322567
v 0.497674 0.177185 0.331012
v -0.357344 1.094639 0.287161
v -0.145380 0.722908 -0.282573
v -0.301957 0.885416 0.307345
v -0.310907 0.015822 0.385523
v -0.243062 0.029769 0.378957
v -0.067675 0.254569 -0.240982
v 0.089746 1.255185 -0.178372
v 0.004878 1.214851 -0.133229
v 0.133785 1.318435 -0.233806
v -0.417145 1.245726 -0.643007
v -0.306215 0.814460 0.280910
v 0.069444 1.450276 -0.258263
v -0.315444 0.921428 0.309149
v -0.330963 1.059915 0.243287
v -0.342353 1.148655 0.269411
v -0.176580 1.140016 -0.034652
v 0.074358 1.267530 -0.152199
v -0.308006 1.025168 0.238260
v -0.269767 1.153623 0.093532
v 0.510261 0.436584 0.394646
v 0.364883 0.013276 0.365129
v -0.251725 0.953419 0.230756
v -0.273221 0.000143 0.361091
v -0.247160 0.912949 0.240713
v 0.540427 0.085583 0.240131
v -0.292461 1.082896 0.203476
v -0.468004 1.114939 -0.297597
v 0.582107 0.387067 0.323419
v 0.518048 0.352536 0.354279
v 0.640829 0.050201 -0.075204
v 0.138314 1.291341 -0.244145
v 0.588225 0.547184 0.334598
v 0.590707 0.255229 0.307756
v -0.038892 0.165468 -0.301734
v -0.002962 0.166787 -0.350293
v -0.008173 0.128985 -0.342941
v 0.560653 0.429520 0.352452
v -0.285997 1.150229 0.169220
v -0.659115 0.809958 0.164705
v -0.216557 0.911577 0.186576
v 0.506963 0.192357 -0.298356
v -0.385814 0.077844 0.204320
v -0.147363 1.263676 -0.202296
v -0.473701 0.626275 -0.226554
v -0.499831 0.677308 -0.193406
v 0.491150 -0.000820 -0.047736
v 0.825488 0.162640 0.068462
v -0.096088 0.043862 0.399283
v -0.139855 0.005412 0.341790
v 0.673883 0.349236 0.201736
v -0.270153 0.313492 -0.195701
v -0.218914 0.057804 -0.200392
v 0.737448 0.370042 -0.021441
v 0.658382 0.106037 0.219915
v 0.012778 0.038327 0.462508
v 0.424872 0.005937 -0.231154
v 0.117599 1.490215 -0.359422
v 0.102724 1.511011 -0.331566
v -0.416455 1.177625 0.269849
v 0.843501 0.222060 0.114950
v 0.812205 0.150109 0.107310
v 0.820881 0.357827 -0.020226
v 0.802019 0.376620 0.001231
v 0.836067 0.363924 0.049281
v -0.384990 1.309764 -0.682482
v -0.372456 1.422370 -0.691641
v 0.023998 -0.012834 -0.339448
v -0.530966 1.334784 -0.409963
v 0.046546 1.513887 -0.237759
v -0.200108 1.171445 0.003682
v -0.030731 1.381560 -0.260699
v -0.018243 1.441437 -0.252306
v -0.036294 0.006027 0.092054
v -0.095617 -0.001912 0.264844
v -0.045711 -0.005070 0.082085
v -0.027535 0.705137 -0.306336
v 0.472803 0.862314 0.227116
v -0.632874 0.605314 0.146586
v -0.076350 0.130381 -0.314971
v -0.485636 0.741623 0.310727
v -0.165720 1.210268 -0.016898
v -0.192591 0.593707 -0.305116
v -0.242345 0.572539 -0.299845
v -0.279568 0.639236 -0.299730
v -0.026015 0.032846 -0.002899
v 0.130502 0.041302 -0.215827
v -0.078730 0.098553 -0.360339
v -0.595649 1.164562 -0.015479
v -0.536440 1.186761 -0.041570
v 0.150345 1.407069 -0.373338
v -0.031666 1.459125 -0.159915
v -0.477112 1.105410 -0.233817
v 0.117631 1.281995 -0.201446
v -0.623413 0.765033 0.119415
v -0.286905 0.469846 -0.295538
v -0.634063 1.095241 0.251704
v -0.642425 1.078799 0.230648
v -0.612448 0.509386 0.147908
v -0.369905 1.284666 -0.481478
v -0.663202 0.801764 0.301036
v -0.386869 0.040485 0.333941
v -0.357315 0.010441 0.364487
v -0.609293 0.735919 0.101003
v -0.013367 0.029432 0.075624
v -0.588620 0.728285 0.164127
v -0.179947 0.114696 -0.199163
v -0.641068 1.033964 0.222238
v -0.678099 0.833300 0.037043
v 0.480850 0.219766 -0.338658
v 0.632977 0.053893 0.159420
v -0.084243 -0.004499 0.287695
v 0.165361 1.381219 -0.348534
v -0.671142 0.881975 0.341892
v -0.292413 0.111435 0.154680
v -0.265792 0.114637 0.114029
v 0.385649 0.010747 -0.290985
v 0.390200 -0.000951 -0.265774
v 0.285269 0.641326 -0.324154
v 0.254424 0.608443 -0.395372
v 0.625943 0.484698 -0.237837
v 0.591652 0.207250 -0.188742
v 0.586739 0.161598 -0.151494
v 0.646158 0.332110 -0.187735
v 0.581645 0.310888 -0.259295
v 0.590466 0.400280 -0.248558
v -0.269740 0.161528 0.207965
v 0.141740 0.689297 -0.316913
v 0.166653 0.651292 -0.325020
v -0.332576 -0.008742 -0.188138
v -0.411547 -0.010789 -0.148099
v 0.487065 0.446236 -0.338999
v 0.619196 0.595206 -0.199344
v -0.276777 0.222490 0.128438
v -0.652250 0.821925 -0.025665
v 0.524393 0.311952 -0.297794
v -0.193988 0.920910 -0.137283
v -0.201097 0.940929 -0.066605
v -0.107448 0.918263 -0.088354
v 0.178599 0.908363 -0.161184
v 0.340910 0.925949 -0.128706
v 0.263226 0.900395 -0.166588
v 0.557503 0.171680 -0.227005
v 0.064284 1.517215 -0.293582
v 0.007081 0.586540 -0.389906
v -0.571188 0.688289 -0.120993
v 0.666925 0.336326 -0.144794
v 0.611472 0.251224 -0.201111
v 0.539847 0.109685 -0.149766
v -0.514895 1.425424 -0.549378
v -0.536263 1.391469 -0.537392
v 0.629036 0.208391 -0.143540
v 0.419206 0.021826 0.348560
v 0.493941 0.026241 0.211076
v 0.430373 0.009239 0.321151
v -0.422614 0.090722 -0.000928
v -0.325085 0.137342 -0.004983
v 0.198835 -0.009650 -0.307450
v 0.270009 -0.005764 -0.307104
v -0.139748 0.467424 -0.287156
v -0.104919 0.424841 -0.275444
v -0.402407 0.108336 -0.035871
v -0.468869 0.774859 0.403109
v -0.405735 0.030963 0.189910
v 0.061103 0.589975 -0.421036
v 0.050947 0.541027 -0.454962
v 0.000730 0.541645 -0.437087
v 0.569820 0.674819 -0.222660
v 0.691293 0.565415 0.153782
v -0.547837 0.822324 0.408540
v 0.088678 0.637398 -0.326751
v 0.188954 0.007369 -0.328963
v 0.475559 0.286730 -0.341010
v -0.187141 0.368823 -0.255470
v 0.189383 0.628239 -0.376198
v 0.450680 0.089402 -0.294443
v 0.753229 0.269495 -0.116922
v 0.770379 0.240151 -0.120523
v 0.058171 0.032600 -0.252950
v -0.171867 -0.008038 -0.354180
v -0.136006 -0.011031 -0.371610
v -0.488522 1.150834 -0.407546
v 0.293826 0.017048 -0.321618
v 0.356780 -0.001905 -0.204653
v 0.281790 0.031906 -0.215629
v 0.226587 0.581634 -0.423523
v 0.670456 0.276754 -0.109807
v -0.114478 0.505396 -0.307400
v -0.102380 0.454021 -0.304705
v -0.556612 0.425576 0.191885
v -0.583077 0.463755 0.188695
v -0.171931 0.538636 -0.302306
v -0.080917 -0.011631 -0.376813
v 0.443522 0.123737 -0.302593
v -0.090431 0.488901 -0.329072
v -0.390532 1.448274 -0.661824
v -0.473862 1.088873 -0.191317
v -0.183061 0.946741 0.015003
v 0.798335 0.383529 0.093005
v 0.763836 0.388200 0.063100
v 0.734390 0.379046 0.088500
v 0.726790 0.388974 0.042854
v -0.005681 0.787512 -0.248572
v -0.386894 1.212619 0.153353
v -0.041594 0.898045 -0.066023
v -0.220677 1.318408 -0.136580
v -0.382037 1.197084 -0.046455
v -0.350628 1.210023 0.006457
v -0.139254 0.938039 0.002566
v -0.392606 0.078572 0.288535
v -0.258393 0.284272 0.251675
v -0.526339 1.417678 -0.579983
v -0.406896 1.456762 -0.675525
v -0.347167 1.216289 -0.028277
v -0.416978 0.014591 0.252852
v -0.018916 0.469981 -0.450770
v -0.041113 0.506883 -0.414960
v 0.577049 0.828492 0.033048
v -0.616243 0.667953 0.158504
v -0.536929 1.309349 -0.422208
v -0.180776 0.208628 -0.195467
v 0.534225 0.846933 0.175660
v 0.422648 0.674759 -0.298468
v 0.539066 0.857092 0.130245
v 0.572380 0.825706 -0.046822
v -0.429040 1.452671 -0.669606
v 0.475606 0.903594 0.141514
v 0.499055 0.896022 0.043199
v 0.462497 0.902667 -0.074083
v -0.069933 0.220811 -0.204412
v 0.021092 0.597219 0.392143
v -0.399145 0.011516 0.316305
v -0.310462 0.245796 0.142728
v -0.090036 0.099434 0.374372
v -0.278250 0.177341 -0.146257
v -0.227966 0.172083 -0.174782
v -0.175391 1.309373 -0.181899
v 0.017734 0.552193 0.439832
v -0.293998 0.899696 -0.149891
v -0.068421 0.035294 -0.085657
v -0.504362 0.686370 0.279668
v 0.037510 0.394004 0.447131
v -0.516241 1.223265 -0.186934
v -0.586402 0.958670 0.423913
v -0.379411 0.566411 -0.271556
v -0.359493 0.619593 -0.268265
v -0.480012 0.498087 -0.238933
v -0.276935 0.251079 -0.168222
v -0.277663 0.254360 0.189208
v -0.517552 1.188997 -0.104417
v -0.601079 1.092805 0.310605
v 0.490106 0.835820 -0.157701
v -0.573622 0.871345 0.412652
v -0.624700 0.849391 0.394255
v -0.525217 0.492845 0.284826
v 0.605776 0.072505 -0.116378
v -0.593096 0.809058 0.398450
v -0.615830 0.959655 0.389150
v -0.377309 0.689011 -0.257126
v -0.562933 0.601922 0.249208
v -0.458964 0.059403 -0.012317
v -0.431461 0.081494 -0.076388
v -0.568266 0.923990 -0.130648
v -0.569960 0.986721 -0.111276
v -0.617585 1.033292 0.341720
v 0.456257 0.609946 -0.310018
v 0.509371 0.630191 -0.280172
v -0.408848 0.001684 0.223790
v -0.544458 1.014075 -0.123919
v -0.073571 0.169696 -0.191848
v -0.612099 0.546918 0.181959
v -0.596336 0.647556 0.200496
v -0.441700 0.008111 0.037658
v -0.317643 1.226231 -0.075421
v -0.556559 0.473452 0.244946
v -0.394612 0.013416 0.092573
v -0.324448 0.514643 -0.292429
v -0.529804 0.722906 0.250386
v 0.188535 0.747409 -0.302915
v 0.280724 0.728126 -0.286543
v -0.484343 1.031449 -0.150659
v -0.496550 1.088865 -0.146397
v -0.063707 -0.000243 -0.387161
v -0.026581 0.364116 -0.421466
v 0.344211 -0.005093 -0.246474
v -0.549232 0.783588 0.382965
v 0.239750 0.772328 -0.280538
v -0.640081 0.807373 0.360993
v -0.390874 1.396335 -0.694329
v 0.391384 0.805942 -0.239087
v 0.460389 0.742285 -0.239483
v 0.180325 0.784452 -0.273652
v 0.075001 0.806447 -0.248665
v 0.174555 0.866783 -0.203068
v 0.360181 0.857632 -0.215474
v 0.310437 0.842287 -0.236483
v 0.782885 0.349148 -0.050155
v 0.325768 0.597156 -0.378278
v 0.494819 0.678675 -0.264584
v -0.448895 1.340323 -0.593182
v -0.478217 1.432019 -0.628519
v -0.005576 0.296587 -0.404354
v 0.044563 0.120664 -0.361391
v -0.456328 1.223004 -0.535937
v -0.465801 1.280395 -0.510897
v -0.485415 1.311627 -0.493803
v -0.059012 0.148132 -0.275515
v -0.537245 1.361926 -0.507478
v -0.336124 0.120754 -0.103429
v -0.030715 0.816349 -0.227192
v -0.097205 0.765273 -0.264702
v 0.499560 -0.002834 0.005761
v 0.461300 0.011431 0.006403
v 0.326469 -0.001348 -0.111563
v -0.061381 0.429762 -0.406773
v 0.578350 0.575308 -0.257416
v -0.050782 0.333179 -0.361355
v -0.024762 0.552873 -0.400561
v -0.504086 1.245100 -0.350530
v 0.319289 0.781354 -0.275873
v 0.312075 0.657276 -0.301658
v -0.079788 0.420792 -0.358530
v -0.532575 1.276218 -0.346647
v -0.501527 1.174747 -0.232587
v -0.024512 0.225312 -0.338895
v -0.189443 0.003139 -0.329929
v 0.320343 0.042572 0.215296
v 0.304818 0.047131 0.251266
v -0.507169 1.157837 -0.268425
v -0.197609 0.042230 -0.292424
v 0.040527 1.444630 -0.302447
v 0.102400 0.003922 -0.343272
v -0.525057 1.222075 -0.267583
v 0.019333 1.484490 -0.260676
v -0.186970 0.077252 -0.254161
v 0.542722 0.771494 -0.179385
v 0.456937 0.803597 -0.212484
v -0.534827 0.399019 -0.129413
v -0.465410 0.401136 -0.204447
v -0.558623 0.748729 0.244245
v 0.133225 0.595495 -0.422420
v -0.505671 1.160386 -0.176364
v -0.543356 0.478280 -0.164635
v 0.315225 0.027589 -0.141839
v 0.256185 0.005654 -0.024454
v 0.237072 0.038460 -0.046910
v -0.512492 1.134801 -0.170822
v -0.511342 0.550155 -0.216598
v -0.564008 0.578656 -0.159615
v -0.537165 0.604291 -0.185219
v -0.516557 1.171392 -0.145932
v -0.014232 0.874219 -0.148452
v -0.075896 0.882110 -0.140534
v 0.061866 0.044620 -0.361349
v 0.398253 0.525738 -0.378240
v 0.355376 0.568207 -0.387919
v 0.434778 0.558162 -0.339880
v 0.423773 0.853457 -0.186779
v 0.490949 0.526411 -0.323244
v 0.709632 0.346354 -0.055954
v -0.028716 0.037822 -0.250764
v -0.592160 0.551907 -0.123061
v 0.072928 0.860078 -0.179961
v -0.304418 0.221898 -0.114956
v -0.487490 0.342341 -0.093942
v -0.579972 0.480904 -0.114067
v -0.528458 1.130247 -0.116606
v -0.316658 0.148615 -0.096765
v -0.593983 0.612248 -0.112271
v -0.556933 0.768071 -0.091327
v -0.507992 0.790186 -0.133936
v -0.291886 0.130425 -0.140633
v -0.325090 0.245027 -0.084148
v -0.309157 0.271275 -0.138987
v 0.126865 0.904898 -0.138468
v -0.050750 -0.007986 0.065618
v -0.322043 1.178404 -0.089075
v -0.616103 0.921299 -0.094170
v -0.548343 1.156025 -0.075394
v 0.696407 0.349648 -0.071969
v 0.416063 -0.004058 -0.058558
v 0.405549 0.014457 -0.044818
v 0.392464 0.009098 -0.042567
v 0.287043 0.043522 -0.161916
v 0.441456 0.710675 -0.257662
v 0.081765 0.895755 -0.129057
v -0.091017 0.845651 -0.191293
v -0.122346 0.896116 -0.154496
v 0.710016 0.298348 -0.093612
v 0.139038 0.046510 0.307087
v -0.100512 -0.006142 0.146003
v -0.358818 1.182581 -0.071448
v -0.094602 -0.009653 0.042940
v -0.120823 -0.011610 -0.035721
v -0.342345 1.126455 -0.100331
v 0.064454 0.089704 -0.360795
v -0.278231 0.947892 -0.127999
v -0.276957 0.757004 -0.263201
v -0.191810 0.756856 -0.261282
v -0.350412 0.855174 -0.175483
v 0.376257 0.701643 -0.280190
v -0.222905 0.862633 -0.207199
v -0.303460 0.808829 -0.227906
v 0.315011 0.530836 -0.411871
v -0.260178 0.922994 -0.132524
v -0.218370 0.840943 -0.222694
v -0.159567 0.882168 -0.188982
v -0.505920 0.731550 0.289842
v -0.145850 0.835242 -0.217223
v -0.114330 0.005102 0.148874
v -0.130475 0.006350 0.162360
v -0.510773 0.925369 -0.158372
v -0.288889 0.701908 -0.275035
v 0.697320 0.199075 -0.144904
v 0.684519 0.151345 -0.142288
v -0.227253 0.377490 -0.242516
v -0.407643 0.422580 -0.252822
v -0.390963 0.373296 -0.227092
v -0.251103 1.206679 -0.133374
v -0.333841 0.595195 -0.288163
v -0.293442 0.567689 -0.302433
v -0.197088 0.451001 -0.278611
v -0.360301 0.455349 -0.274921
v -0.214332 0.290384 -0.216494
v -0.166634 -0.011257 0.187954
v 0.385920 0.045834 -0.306409
v 0.455166 0.165552 -0.330400
v 0.450315 0.200392 -0.354038
v 0.437981 0.263129 -0.357766
v 0.442378 0.341324 -0.370279
v 0.343454 0.370417 -0.408650
v 0.409105 0.163753 -0.345424
v 0.397512 0.298015 -0.380003
v 0.391962 0.107852 -0.328511
v 0.239733 0.013697 0.065396
v 0.212992 0.035934 0.050228
v 0.374959 0.139166 -0.351168
v 0.329660 0.197431 -0.385778
v 0.351885 0.334323 -0.396490
v 0.331834 0.444847 -0.416939
v 0.311841 0.099520 -0.335326
v 0.337513 0.278504 -0.392877
v 0.227641 0.083456 -0.333596
v 0.291166 0.308088 -0.415284
v 0.327578 0.377256 -0.418869
v 0.310718 0.163642 -0.372892
v 0.306296 0.235886 -0.390484
v 0.282144 0.137631 -0.377883
v 0.266888 0.235481 -0.406050
v 0.259208 0.476112 -0.437673
v 0.188575 0.405785 -0.453476
v 0.237675 0.479833 -0.449688
v 0.187745 0.312900 -0.435388
v 0.216766 0.173941 -0.396700
v 0.173420 0.111922 -0.374142
v 0.162090 0.284973 -0.439275
v 0.141160 0.192725 -0.417339
v 0.105006 0.428467 -0.466353
v 0.082361 0.474826 -0.473843
v 0.110008 0.281229 -0.448171
v 0.121385 0.372693 -0.465784
v 0.073929 0.108006 -0.362931
v -0.057526 0.033979 0.242455
v 0.078562 0.314052 -0.459162
v 0.346614 0.012364 -0.036171
v 0.291999 -0.005938 -0.031692
v 0.347807 -0.005614 -0.064284
v 0.044295 0.297440 -0.442991
v 0.040693 1.401245 -0.301217
v -0.383004 0.001079 0.152634
v 0.036604 0.448680 -0.471555
v -0.438455 -0.005373 0.018423
v 0.019805 0.389997 -0.463324
v -0.376709 0.301696 0.224432
v 0.385290 -0.004091 0.132888
v 0.384842 0.003140 0.340630
v 0.384291 0.000418 0.234864
v 0.337609 0.000940 0.281205
v 0.087607 0.000188 0.355401
v 0.301493 -0.007969 0.010220
v 0.269654 -0.003100 0.084024
v -0.034255 0.002894 0.424048
v 0.474850 0.017893 0.058351
v 0.484371 0.002054 0.102036
v 0.427222 -0.001477 0.138963
v 0.240162 0.035772 0.128134
v -0.010910 -0.001360 0.353289
v 0.350506 0.025936 0.222126
v 0.472017 0.006192 0.176499
v -0.378404 -0.001137 0.321147
v 0.316874 0.033712 -0.183095
v 0.342130 0.028454 0.257562
v 0.336745 0.000412 0.167061
v -0.334282 0.233551 -0.013520
v 0.314516 0.003401 -0.015953
v -0.641958 0.799329 0.201467
v 0.542107 0.006837 0.102676
v -0.104795 0.010976 0.073583
v -0.626197 0.770969 0.285181
v -0.616039 0.769384 0.329745
v -0.368985 -0.006641 0.090807
v -0.553760 0.760943 0.361963
v 0.019121 0.043755 0.303287
v -0.460278 0.281371 -0.004776
v -0.471389 0.295408 0.106279
v -0.500513 0.359006 0.194001
v -0.426543 0.257749 0.045472
v -0.474461 0.363934 0.238645
v -0.415472 0.269480 0.126865
v -0.450898 0.376074 0.273521
v 0.333365 0.000489 0.099900
v -0.294758 -0.013161 -0.110752
v -0.303111 0.223124 0.073558
v -0.287599 -0.013460 0.076633
v -0.293809 0.316335 0.280363
v -0.222444 -0.012334 -0.206530
v -0.279784 -0.012087 0.058424
v -0.363598 -0.006375 0.181063
v -0.202371 -0.012166 -0.018697
v -0.158594 -0.007880 -0.201421
v -0.261187 -0.011483 -0.001117
v -0.218722 0.007555 -0.000642
v -0.099670 -0.009588 -0.286529
v -0.160389 -0.009386 -0.100247
v -0.117384 0.008863 -0.231524
v -0.144382 0.013800 -0.154844
v -0.069694 0.024836 -0.254758
v -0.128345 0.037246 -0.154526
v -0.139899 0.015322 0.026453
v -0.079313 0.034014 -0.086698
v -0.134071 -0.008567 0.004060
vn -0.8669 0.0835 -0.4914
vn -0.9239 0.1476 -0.3529
vn -0.9715 -0.1265 -0.2004
vn -0.0248 0.9235 0.3828
vn -0.0087 0.9078 0.4194
vn 0.5241 0.7433 0.4156
vn -0.6462 0.4856 0.5888
vn -0.2001 0.7211 0.6633
vn -0.5425 0.7507 0.3769
vn 0.3838 -0.8880 -0.2532
vn -0.4517 -0.7752 -0.4416
vn 0.5346 -0.7790 -0.3277
vn 0.6791 0.6949 0.2365
vn 0.6791 0.4915 0.5452
vn 0.9182 0.1670 0.3592
vn -0.3663 0.2828 -0.8865
vn -0.7377 -0.4795 -0.4753
vn -0.2520 -0.7619 -0.5967
vn -0.4153 0.5385 -0.7332
vn -0.2676 -0.0085 -0.9635
vn -0.0996 0.2276 -0.9686
vn -0.1139 0.9292 -0.3517
vn -0.2086 0.9515 -0.2260
vn -0.0531 0.9760 -0.2110
vn -0.6080 -0.7497 -0.2614
vn -0.9794 0.0258 -0.2001
vn -0.7112 0.0320 -0.7023
vn -0.1713 0.9845 -0.0366
vn -0.1436 0.9617 0.2334
vn 0.0459 0.8425 0.5367
vn -0.2215 0.9065 0.3593
vn -0.2423 0.9689 0.0506
vn -0.2962 0.9532 0.0612
vn -0.0690 0.9968 -0.0413
vn -0.9810 0.1537 -0.1181
vn -0.9666 -0.2477 -0.0659
vn -0.9301 -0.2137 -0.2989
vn -0.9821 0.1873 0.0192
vn -0.9275 0.3719 0.0376
vn -0.9928 0.0393 -0.1133
vn 0.0197 0.9950 0.0980
vn -0.8223 -0.5554 0.1242
vn -0.8610 -0.4667 -0.2021
vn -0.7856 -0.6048 0.1302
vn 0.5877 0.7257 0.3578
vn 0.6465 0.6901 0.3253
vn 0.8836 0.4002 0.2429
vn 0.8381 0.5069 0.2017
vn 0.7915 0.5419 0.2825
vn 0.5988 0.7633 0.2424
vn 0.1443 0.9887 -0.0410
vn 0.1978 0.9357 -0.2922
vn 0.2489 0.9591 0.1346
vn 0.2459 0.8565 0.4539
vn -0.2157 0.8730 0.4374
vn -0.7499 -0.6465 -0.1404
vn -0.6474 0.7005 0.3002
vn -0.9518 0.0751 -0.2975
vn -0.9961 0.0046 -0.0882
vn -0.7914 -0.6109 0.0231
vn -0.7934 -0.5590 -0.2408
vn 0.6154 0.3536 0.7045
vn -0.0326 0.6320 0.7743
vn 0.5509 0.6595 0.5115
vn 0.1490 0.3435 0.9272
vn -0.1935 0.5156 0.8347
vn -0.2412 0.1167 0.9634
vn -0.5472 0.7729 -0.3213
vn 0.2197 0.9574 0.1874
vn -0.4342 -0.1906 0.8804
vn -0.1854 -0.0789 0.9795
vn -0.2270 0.7404 0.6326
vn -0.4948 0.5386 0.6820
vn 0.6931 0.5489 0.4672
vn 0.5999 0.7630 0.2406
vn 0.2702 0.7941 0.5444
vn -0.5674 0.4646 0.6798
vn -0.4502 0.1266 0.8839
vn -0.2580 0.3833 0.8869
vn -0.0811 -0.6770 -0.7315
vn -0.0759 -0.4764 -0.8759
vn 0.0674 -0.4931 -0.8674
vn 0.1220 0.1760 -0.9768
vn -0.1406 0.0248 -0.9898
vn 0.1829 -0.2137 -0.9596
vn -0.3801 0.8342 0.3996
vn 0.2679 0.9454 0.1856
vn 0.3184 0.7272 0.6082
vn 0.9404 0.1178 -0.3191
vn 0.8440 0.1594 -0.5121
vn 0.8411 0.3005 -0.4498
vn -0.9100 -0.3785 -0.1694
vn -0.9065 -0.4157 0.0738
vn -0.9366 -0.3469 0.0492
vn 0.5306 0.8030 0.2713
vn 0.7414 0.6709 0.0109
vn 0.0479 0.6683 0.7424
vn -0.7225 0.4323 0.5395
vn -0.9547 0.2774 0.1073
vn -0.9672 -0.1058 0.2311
vn -0.4201 -0.3894 0.8197
vn -0.0805 -0.2198 0.9722
vn -0.7799 0.3808 -0.4967
vn -0.0033 0.1001 -0.9950
vn 0.0204 -0.3000 -0.9537
vn -0.2318 -0.2311 -0.9449
vn -0.7862 0.2414 -0.5688
vn -0.9327 0.0946 -0.3479
vn -0.9011 0.2435 -0.3588
vn -0.9473 -0.1436 -0.2863
vn -0.9666 -0.2539 -0.0352
vn 0.2872 0.1839 -0.9400
vn 0.4740 0.1595 -0.8659
vn 0.2135 0.0629 0.9749
vn 0.3838 0.4369 0.8136
vn -0.8437 -0.0846 -0.5301
vn -0.3119 -0.2368 -0.9202
vn -0.3182 -0.4419 -0.8387
vn -0.0496 -0.5710 -0.8194
vn 0.5084 -0.3005 -0.8070
vn 0.7000 -0.3595 -0.6170
vn 0.5833 -0.6944 -0.4213
vn -0.1778 -0.4499 -0.8752
vn -0.1874 0.9677 0.1686
vn -0.2561 0.8909 0.3752
vn -0.0515 0.9345 0.3521
vn 0.4886 -0.8411 -0.2319
vn 0.6900 -0.6940 -0.2057
vn 0.9283 -0.3433 -0.1429
vn 0.4757 -0.5473 -0.6886
vn -0.2682 0.1790 0.9466
vn -0.2477 0.0278 0.9684
vn -0.5059 0.0787 0.8590
vn 0.3714 -0.4113 0.8324
vn -0.0755 -0.6287 0.7740
vn 0.7806 0.0718 -0.6209
vn 0.8050 -0.4313 -0.4074
vn 0.9583 -0.0039 -0.2859
vn 0.9838 0.0406 -0.1745
vn 0.9374 0.3476 -0.0218
vn -0.6455 0.6106 -0.4589
vn -0.6725 0.7320 0.1090
vn -0.6971 0.6897 0.1960
vn 0.0864 0.0996 0.9913
vn 0.1209 -0.3515 0.9284
vn -0.8227 -0.0306 -0.5676
vn -0.7946 0.1354 -0.5918
vn -0.1019 0.8332 0.5435
vn 0.1203 0.8980 0.4232
vn -0.1521 0.3991 0.9042
vn 0.8312 -0.5229 -0.1888
vn 0.9669 -0.2322 -0.1061
vn 0.9773 -0.1147 -0.1781
vn 0.6411 -0.7674 -0.0104
vn 0.8367 -0.3785 0.3957
vn 0.9624 0.2466 0.1143
vn 0.9782 0.1874 -0.0897
vn 0.8992 0.4371 -0.0201
vn -0.9814 -0.0761 0.1760
vn -0.3113 0.8246 0.4724
vn 0.2628 -0.1635 0.9509
vn 0.1472 -0.7009 0.6979
vn 0.0937 -0.3364 0.9370
vn -0.2317 0.1928 0.9535
vn -0.4283 -0.1034 0.8977
vn -0.2627 0.1237 0.9569
vn 0.1689 0.1279 0.9773
vn 0.4314 0.3228 0.8424
vn 0.1120 0.4296 0.8961
vn 0.4738 -0.1024 0.8746
vn 0.2293 -0.2676 0.9359
vn 0.1160 -0.4863 0.8660
vn 0.7237 0.2020 0.6599
vn 0.0329 0.9988 -0.0370
vn -0.2814 -0.4244 0.8606
vn -0.2327 -0.2203 0.9473
vn -0.4895 -0.3723 0.7885
vn 0.2453 0.4795 0.8425
vn 0.1923 0.5882 0.7855
vn 0.9188 -0.0530 -0.3912
vn 0.9385 0.0837 -0.3349
vn 0.3419 -0.4665 0.8158
vn 0.1650 -0.1241 0.9784
vn 0.2046 -0.0199 0.9786
vn 0.2290 0.0007 0.9734
vn 0.1687 0.9557 0.2412
vn -0.7047 -0.6879 0.1740
vn -0.7805 -0.4840 0.3957
vn 0.5316 0.7949 0.2926
vn 0.8826 0.4564 0.1131
vn 0.8478 0.4121 0.3338
vn -0.6187 -0.0712 -0.7824
vn -0.3307 -0.2279 -0.9158
vn -0.6998 -0.2342 -0.6749
vn -0.0733 0.3122 0.9472
vn 0.0974 0.0361 0.9946
vn 0.3808 -0.4806 0.7899
vn 0.4476 -0.1890 0.8740
vn -0.3566 -0.4508 -0.8183
vn -0.1952 -0.6153 -0.7638
vn 0.5113 -0.6324 -0.5820
vn 0.6326 -0.5116 -0.5814
vn 0.9730 -0.2305 0.0109
vn 0.7754 0.5998 0.1975
vn 0.6863 0.5518 0.4738
vn 0.8477 0.3917 0.3576
vn -0.0352 0.1073 0.9936
vn -0.9455 0.2976 0.1321
vn -0.9949 -0.0062 0.1008
vn -0.9912 -0.1303 -0.0230
vn -0.9561 0.2507 -0.1518
vn -0.2414 0.6922 0.6801
vn -0.1035 -0.2094 0.9723
vn -0.1555 -0.1469 0.9769
vn 0.1260 0.8021 0.5837
vn -0.0171 0.6608 0.7504
vn -0.1270 0.6613 0.7393
vn 0.0922 0.6684 0.7381
vn -0.0209 0.5208 0.8534
vn 0.3464 0.1092 0.9317
vn 0.3046 0.1844 0.9345
vn -0.0002 0.2367 0.9716
vn -0.0290 0.0955 0.9950
vn -0.0233 0.3434 0.9389
vn 0.0117 0.1075 0.9941
vn 0.4213 -0.5469 0.7235
vn -0.3211 0.2842 -0.9034
vn -0.4020 0.4700 -0.7858
vn -0.3610 0.2605 -0.8954
vn -0.1925 -0.5515 0.8117
vn -0.0509 -0.4600 0.8865
vn 0.0120 0.4546 0.8906
vn 0.9985 -0.0389 -0.0390
vn 0.8684 0.3175 -0.3808
vn 0.8114 -0.2379 -0.5339
vn 0.2975 0.5626 0.7713
vn 0.0921 0.6150 0.7831
vn 0.9985 -0.0540 -0.0097
vn 0.9477 0.2948 0.1227
vn 0.1106 0.4677 0.8770
vn -0.3142 0.2287 0.9214
vn 0.0757 0.8374 0.5413
vn -0.0522 0.6999 0.7123
vn 0.3112 -0.7949 -0.5209
vn -0.1711 -0.9368 -0.3052
vn -0.1926 -0.5647 0.8025
vn 0.0841 0.0011 0.9965
vn 0.1104 0.2144 0.9705
vn -0.0367 -0.2806 0.9591
vn 0.1376 -0.2650 0.9544
vn -0.0584 -0.3015 0.9517
vn 0.4371 0.1376 0.8888
vn 0.2742 -0.0039 0.9617
vn 0.5025 0.1218 0.8560
vn 0.3816 0.3271 0.8645
vn 0.2830 0.2707 0.9201
vn 0.5035 -0.8550 -0.1243
vn 0.3655 -0.9231 0.1193
vn 0.2768 -0.9575 -0.0815
vn -0.2473 0.9421 0.2266
vn -0.0431 0.0013 0.9991
vn -0.1569 -0.4999 0.8518
vn -0.0092 -0.1483 0.9889
vn 0.1251 0.4323 0.8930
vn 0.0782 0.3991 0.9136
vn 0.0212 0.6438 0.7649
vn 0.3003 0.7187 0.6271
vn 0.4801 0.2979 0.8251
vn 0.1403 -0.2362 0.9615
vn 0.0172 0.5499 0.8350
vn 0.3421 0.5290 0.7766
vn 0.3632 0.5116 0.7787
vn 0.1988 0.4483 0.8715
vn 0.0502 0.3098 0.9495
vn 0.0530 0.4927 0.8686
vn -0.0088 -0.2888 0.9574
vn 0.2013 0.1084 0.9735
vn 0.2126 0.4640 0.8599
vn -0.1369 0.6819 0.7185
vn -0.0337 -0.2246 0.9739
vn 0.2349 -0.3676 0.8998
vn 0.2569 -0.1557 -0.9538
vn -0.0333 -0.5962 -0.8021
vn 0.5813 -0.5332 -0.6147
vn -0.9081 -0.2858 0.3061
vn -0.9769 0.2061 -0.0565
vn -0.6946 -0.7190 0.0229
vn 0.3664 -0.7716 0.5199
vn 0.2355 0.1442 0.9611
vn 0.2404 0.4015 0.8837
vn 0.1310 0.2959 0.9462
vn -0.6646 0.0589 0.7448
vn -0.8392 0.2586 0.4783
vn -0.3619 0.7047 0.6103
vn -0.1872 0.2456 0.9511
vn 0.3323 -0.0952 0.9383
vn 0.0348 0.1886 0.9814
vn -0.9443 0.2850 0.1645
vn -0.9590 0.1996 -0.2009
vn 0.0195 0.0325 0.9993
vn 0.3237 0.7049 0.6311
vn 0.6284 0.2311 0.7428
vn 0.8097 0.5617 -0.1702
vn 0.7257 0.2170 -0.6529
vn -0.1431 0.2125 -0.9666
vn 0.0006 -0.8108 -0.5854
vn 0.3723 0.2876 0.8824
vn -0.1601 0.6452 0.7471
vn 0.6497 -0.0990 -0.7537
vn 0.5419 0.0913 -0.8355
vn 0.6082 0.0957 -0.7880
vn -0.1265 -0.1757 0.9763
vn 0.0312 -0.0897 0.9955
vn 0.1722 0.2964 0.9394
vn 0.1358 0.4569 0.8791
vn -0.0586 -0.1259 0.9903
vn 0.0070 0.6692 0.7430
vn 0.9931 -0.0136 0.1168
vn 0.9468 0.0956 0.3071
vn -0.8262 0.4265 -0.3681
vn 0.1508 -0.9555 -0.2536
vn 0.3618 -0.1633 0.9179
vn 0.0975 -0.1691 0.9808
vn 0.2865 0.4871 0.8251
vn 0.0043 -0.1408 0.9900
vn -0.5392 -0.1333 0.8315
vn -0.0352 0.6821 0.7305
vn -0.2503 0.4068 0.8786
vn 0.1391 -0.1349 0.9810
vn 0.1021 0.1389 0.9850
vn 0.0011 0.0144 0.9999
vn -0.1654 -0.0074 0.9862
vn 0.0457 0.3566 0.9331
vn 0.8862 0.4306 -0.1710
vn 0.1430 -0.1639 0.9760
vn -0.2161 0.1635 0.9626
vn -0.0076 0.5431 0.8396
vn -0.4318 0.8885 -0.1551
vn -0.6931 0.7209 0.0019
vn -0.1549 -0.2360 0.9593
vn -0.0876 -0.2463 0.9652
vn -0.1176 0.7140 0.6902
vn -0.9801 -0.1099 0.1655
vn 0.2074 -0.1424 0.9678
vn -0.1848 -0.0549 0.9812
vn -0.0641 0.2438 0.9677
vn 0.1502 0.0249 0.9883
vn 0.8679 0.4838 0.1126
vn -0.3531 0.5494 0.7573
vn -0.0868 0.5427 0.8354
vn 0.1073 0.0397 0.9934
vn 0.1228 0.3311 0.9356
vn -0.1253 -0.2368 0.9634
vn 0.6273 0.0610 0.7764
vn 0.3283 0.4339 0.8390
vn 0.7188 -0.1384 0.6813
vn 0.5480 -0.3640 0.7532
vn -0.0692 0.6479 0.7586
vn -0.1290 0.3704 0.9199
vn -0.4355 0.0362 0.8994
vn -0.4158 0.3213 0.8508
vn -0.5155 -0.8056 -0.2920
vn -0.9533 -0.1394 -0.2680
vn -0.9993 -0.0340 -0.0129
vn -0.9651 0.2462 0.0890
vn -0.9866 -0.1332 0.0944
vn -0.4769 -0.2324 0.8477
vn 0.4509 0.3700 0.8123
vn 0.4259 -0.8828 -0.1984
vn 0.6674 -0.6502 -0.3631
vn 0.5038 -0.7308 -0.4606
vn -0.2228 -0.1764 0.9588
vn -0.6491 -0.1248 0.7504
vn -0.1189 0.3902 0.9130
vn 0.9345 -0.0644 -0.3500
vn 0.6588 0.4741 -0.5842
vn 0.0081 0.1197 0.9928
vn -0.4594 0.3684 0.8083
vn -0.0200 0.1363 0.9905
vn 0.9067 -0.3881 -0.1654
vn -0.7149 -0.2141 0.6656
vn -0.2737 0.5838 0.7644
vn 0.6887 -0.3337 0.6437
vn -0.2368 0.4971 0.8348
vn -0.1951 0.7833 0.5903
vn -0.3872 0.8019 0.4550
vn -0.3391 0.7390 0.5821
vn -0.0797 0.8691 0.4881
vn -0.1721 0.3929 0.9033
vn -0.0204 0.6861 0.7272
vn -0.6218 0.4603 0.6336
vn 0.3098 0.8830 0.3527
vn 0.4830 0.3027 0.8216
vn 0.9161 0.3506 -0.1947
vn 0.6352 0.2439 0.7328
vn -0.1048 0.3311 0.9378
vn 0.1291 0.6783 0.7233
vn -0.9637 0.2147 -0.1586
vn -0.9926 -0.0948 0.0760
vn 0.0791 0.4953 0.8651
vn -0.4777 0.1427 0.8668
vn -0.7605 -0.1777 0.6246
vn 0.3881 0.9189 -0.0704
vn -0.1212 -0.3317 -0.9356
vn -0.7154 -0.3368 -0.6122
vn -0.4574 -0.3996 -0.7944
vn 0.3587 0.8051 0.4724
vn 0.2595 0.7700 0.5829
vn 0.2973 0.5563 0.7760
vn 0.1463 0.7204 0.6779
vn 0.4802 0.8234 -0.3024
vn -0.6099 0.7918 -0.0320
vn -0.4970 0.8546 0.1508
vn -0.5049 0.8232 -0.2598
vn 0.3297 -0.9201 -0.2114
vn -0.1017 0.3388 0.9354
vn -0.1978 -0.2340 -0.9519
vn -0.6599 0.3103 -0.6843
vn -0.1749 0.3597 -0.9165
vn 0.3569 0.0726 0.9313
vn -0.3105 0.2041 0.9284
vn 0.2703 0.9316 0.2430
vn -0.6437 0.0993 0.7588
vn -0.2926 -0.2262 0.9291
vn -0.0895 -0.0511 0.9947
vn -0.1304 0.2061 0.9698
vn -0.4105 0.3323 0.8492
vn -0.1806 0.5867 0.7894
vn -0.1875 0.5068 0.8414
vn -0.0595 0.6854 0.7257
vn -0.6263 0.7295 -0.2749
vn -0.6352 0.7671 -0.0899
vn -0.4521 0.8569 0.2474
vn 0.8842 -0.0530 -0.4640
vn -0.5475 -0.2961 0.7827
vn -0.4812 -0.2208 0.8484
vn -0.1600 0.4150 0.8956
vn -0.4655 0.6267 0.6250
vn 0.0397 -0.9989 0.0245
vn -0.1198 -0.8192 0.5608
vn 0.0054 -0.9156 0.4020
vn -0.1814 -0.1915 0.9646
vn 0.0158 -0.0658 0.9977
vn -0.2509 0.7544 0.6065
vn -0.7704 0.2345 -0.5929
vn 0.6815 -0.7110 -0.1735
vn -0.5618 -0.2831 0.7773
vn -0.1710 -0.0257 0.9849
vn -0.1309 0.5778 0.8056
vn 0.5275 0.4716 0.7067
vn -0.2427 -0.3862 0.8899
vn 0.0375 0.0676 0.9970
vn -0.0114 0.8800 0.4748
vn 0.4425 0.0117 0.8967
vn 0.8248 0.2004 -0.5287
vn 0.4995 0.2294 -0.8354
vn -0.2572 -0.2526 0.9328
vn -0.9757 0.1783 0.1275
vn 0.4141 -0.0900 0.9058
vn 0.2445 0.0481 0.9685
vn -0.5127 0.7936 0.3277
vn 0.4215 -0.1774 0.8893
vn -0.2440 0.0047 0.9698
vn 0.2376 -0.4374 0.8673
vn 0.6347 -0.0469 0.7714
vn 0.6226 -0.3942 0.6760
vn 0.4358 0.2853 0.8536
vn 0.4236 0.5489 0.7206
vn 0.1856 0.8068 0.5610
vn 0.4402 0.1840 0.8789
vn 0.5732 -0.2210 0.7890
vn 0.8720 0.4201 0.2514
vn -0.7181 0.4463 -0.5340
vn 0.8097 -0.0551 0.5842
vn 0.5443 0.1653 0.8224
vn 0.6744 0.6017 -0.4279
vn 0.8869 0.3988 -0.2332
vn 0.7372 0.3795 -0.5591
vn -0.9741 0.2134 0.0754
vn -0.8712 0.1540 0.4661
vn -0.9351 -0.3541 -0.0176
vn 0.5202 -0.4000 0.7546
vn 0.4401 -0.0852 0.8939
vn 0.4371 -0.3773 0.8164
vn 0.5972 0.2240 0.7702
vn 0.1604 0.7290 0.6655
vn 0.2989 -0.7928 0.5312
vn 0.0276 -0.8190 -0.5731
vn 0.7769 -0.3712 0.5086
vn 0.6324 -0.6462 0.4271
vn -0.6753 -0.7008 -0.2300
vn -0.7124 -0.7012 -0.0278
vn 0.6764 -0.2701 0.6852
vn 0.7784 0.1879 0.5990
vn 0.7828 0.2980 0.5464
vn 0.5311 -0.7256 0.4375
vn 0.3297 0.3889 0.8603
vn 0.6983 -0.2954 0.6520
vn 0.8435 0.0324 0.5362
vn 0.8399 0.2408 0.4865
vn 0.6953 0.3448 0.6307
vn 0.5810 -0.5397 0.6092
vn 0.9516 -0.2952 -0.0852
vn 0.3356 0.7171 0.6109
vn 0.4852 -0.5027 0.7154
vn 0.7739 0.2769 0.5695
vn 0.6430 -0.0317 0.7652
vn 0.8085 0.0212 0.5881
vn 0.6510 0.1166 0.7500
vn 0.8346 0.3073 0.4571
vn 0.6545 0.3288 0.6808
vn 0.7423 0.1431 0.6546
vn 0.5330 -0.0946 0.8408
vn 0.7010 0.1725 0.6920
vn 0.6648 -0.3187 0.6756
vn 0.5221 0.0025 0.8529
vn 0.6497 -0.3979 -0.6477
vn 0.6594 -0.6424 -0.3906
vn 0.6957 -0.5942 -0.4036
vn 0.5109 0.3717 0.7752
vn 0.6140 -0.3765 0.6937
vn 0.5525 -0.2628 0.7910
vn 0.5360 -0.4280 0.7277
vn 0.8261 -0.0659 0.5597
vn 0.7410 -0.1243 0.6599
vn 0.6246 -0.0882 0.7759
vn -0.1346 0.4471 -0.8843
vn -0.1034 0.2095 -0.9723
vn -0.0453 0.3367 -0.9405
vn 0.5241 0.4366 0.7312
vn 0.6450 -0.0208 0.7639
vn -0.0971 -0.4506 0.8874
vn 0.2059 0.0482 0.9774
vn -0.8918 -0.2740 -0.3601
vn 0.6592 -0.6941 0.2893
vn 0.6190 -0.4143 0.6673
vn 0.4465 -0.8811 0.1557
vn -0.4707 -0.4612 -0.7521
vn 0.5392 -0.3156 0.7808
vn 0.5298 0.2534 0.8094
vn 0.6919 0.0615 0.7193
vn 0.6216 0.2942 0.7260
vn 0.5528 -0.7875 0.2725
vn 0.6016 -0.5753 0.5541
vn 0.6245 0.3546 0.6959
vn 0.6198 0.1872 0.7621
vn 0.7039 0.3501 0.6180
vn 0.9253 0.2550 0.2806
vn 0.5664 0.0318 0.8235
vn 0.6171 -0.0656 0.7841
vn 0.7567 0.3461 0.5547
vn 0.8433 -0.5074 -0.1773
vn 0.5605 -0.1245 0.8188
vn 0.7992 0.1398 0.5846
vn 0.4734 0.2298 0.8503
vn 0.6572 -0.5588 0.5058
vn 0.4017 0.0044 0.9158
vn 0.8710 0.1254 0.4750
vn 0.6272 -0.0349 0.7781
vn 0.6353 0.4355 0.6378
vn 0.6468 0.1247 0.7524
vn 0.6155 -0.1085 0.7806
vn 0.5860 -0.1339 0.7992
vn 0.3683 -0.8223 -0.4339
vn 0.5386 0.2004 0.8184
vn 0.8113 0.3684 0.4540
vn 0.9818 -0.1069 0.1568
vn 0.7759 -0.6305 -0.0210
vn 0.5441 0.4078 0.7332
vn 0.9102 0.3117 0.2728
vn 0.6412 -0.2415 0.7284
vn 0.3795 -0.2088 0.9013
vn 0.0681 -0.7199 -0.6907
vn -0.8267 0.2729 -0.4920
vn -0.6564 -0.2071 -0.7254
vn -0.3757 0.3983 -0.8368
vn 0.6429 -0.1120 0.7577
vn 0.9363 0.2132 0.2790
vn -0.7819 -0.5999 0.1693
vn -0.9244 -0.3693 0.0955
vn 0.8261 0.2638 0.4979
vn 0.5204 0.7862 0.3331
vn 0.7120 0.0612 0.6995
vn 0.6900 -0.1951 -0.6970
vn 0.7549 -0.2790 -0.5935
vn 0.9125 0.0585 0.4049
vn 0.2131 -0.5238 0.8248
vn 0.1732 -0.9652 -0.1958
vn 0.5199 -0.6557 0.5475
vn -0.4183 -0.4981 0.7596
vn -0.7278 0.0788 0.6813
vn -0.0841 -0.8356 0.5429
vn 0.8606 -0.0146 0.5091
vn 0.4697 -0.8635 -0.1837
vn -0.5869 0.3767 -0.7167
vn 0.4139 0.7956 -0.4423
vn 0.2576 -0.6345 0.7287
vn 0.0122 -0.0230 0.9997
vn 0.5200 -0.7719 0.3659
vn 0.5917 -0.7652 -0.2536
vn -0.9210 -0.3490 0.1730
vn -0.0412 0.6449 -0.7632
vn 0.1884 0.9193 -0.3456
vn 0.7628 -0.6085 0.2188
vn 0.9320 -0.2351 0.2757
vn 0.6908 0.7207 -0.0582
vn 0.2444 -0.4841 0.8402
vn 0.0736 -0.9711 -0.2270
vn -0.8511 0.4750 0.2234
vn -0.6282 0.7055 0.3280
vn 0.0226 0.9296 0.3679
vn 0.0652 -0.6092 0.7904
vn 0.8185 0.3222 0.4756
vn 0.5865 -0.0939 0.8045
vn 0.7182 -0.6640 0.2082
vn 0.1559 -0.9865 0.0502
vn 0.3950 -0.9103 0.1236
vn -0.1567 0.4104 -0.8983
vn 0.5405 -0.8367 0.0880
vn -0.3736 0.8220 -0.4298
vn 0.0375 -0.8178 0.5742
vn 0.2235 0.3608 0.9055
vn -0.0798 0.0519 -0.9955
vn -0.0254 -0.0344 -0.9991
vn -0.1863 0.1975 -0.9624
vn 0.6467 -0.5413 0.5374
vn -0.3362 -0.9226 -0.1891
vn 0.0162 -0.9994 -0.0313
vn -0.0197 -0.9875 0.1565
vn -0.1984 -0.2994 -0.9333
vn -0.2174 0.6308 -0.7448
vn 0.7083 -0.1061 -0.6979
vn 0.9292 0.3446 -0.1334
vn 0.9666 0.1950 0.1660
vn 0.0719 0.7208 0.6895
vn -0.1664 0.7873 0.5937
vn -0.4983 -0.8411 -0.2105
vn -0.6457 -0.7332 -0.2133
vn 0.8365 -0.1914 0.5135
vn 0.9892 0.1280 0.0711
vn 0.9911 0.1295 0.0309
vn -0.9099 -0.4098 -0.0639
vn -0.8231 -0.5608 0.0891
vn -0.8147 0.1906 0.5477
vn -0.4796 -0.5291 0.7000
vn -0.3036 -0.9527 0.0123
vn 0.0163 -0.9981 0.0600
vn 0.2025 -0.9777 0.0555
vn -0.2384 0.5820 -0.7775
vn -0.3327 0.8575 -0.3924
vn -0.6080 0.6925 -0.3882
vn -0.5266 0.6032 -0.5990
vn -0.9053 0.2925 0.3081
vn -0.9999 0.0110 -0.0081
vn -0.9498 -0.2114 -0.2305
vn 0.5997 -0.1621 -0.7837
vn 0.6888 -0.1627 -0.7065
vn 0.9204 -0.1783 -0.3479
vn -0.6066 0.7375 0.2969
vn 0.3842 -0.7006 -0.6013
vn -0.6728 0.6328 -0.3833
vn -0.9069 -0.3349 0.2556
vn -0.8286 0.5125 -0.2253
vn 0.3924 -0.6496 -0.6513
vn 0.3095 -0.9119 -0.2696
vn -0.7359 -0.3934 -0.5511
vn 0.8285 -0.1216 -0.5466
vn 0.6852 -0.1087 -0.7202
vn 0.7566 -0.1072 -0.6450
vn -0.8440 -0.2850 -0.4543
vn -0.9029 0.4245 0.0679
vn -0.2120 -0.6355 -0.7424
vn -0.3020 -0.5724 -0.7623
vn -0.3702 -0.6853 -0.6272
vn 0.5538 0.0141 -0.8325
vn 0.5103 0.0797 -0.8563
vn 0.7203 -0.1628 -0.6743
vn 0.6989 0.3198 -0.6398
vn 0.7675 -0.0770 -0.6364
vn -0.8705 0.0819 0.4852
vn -0.7313 -0.6583 0.1786
vn -0.9862 -0.0805 0.1444
vn 0.1137 0.8775 -0.4659
vn 0.4234 0.8724 -0.2443
vn 0.2869 0.9239 -0.2531
vn -0.1481 0.8038 -0.5761
vn 0.1683 0.8568 -0.4874
vn 0.0170 0.7675 -0.6408
vn -0.9025 0.1288 0.4111
vn -0.9809 0.0819 0.1763
vn -0.4788 0.7803 -0.4023
vn -0.1187 0.6285 -0.7687
vn -0.4465 0.7697 -0.4564
vn 0.8210 -0.4006 -0.4069
vn 0.7288 -0.4626 -0.5048
vn 0.4878 -0.5794 -0.6529
vn -0.5376 0.7869 0.3029
vn -0.9895 0.1039 -0.1002
vn -0.6636 0.5653 -0.4900
vn 0.9050 -0.1545 -0.3964
vn 0.4580 -0.0732 -0.8859
vn 0.4004 -0.4907 0.7739
vn 0.5208 -0.7987 0.3015
vn 0.3883 -0.8739 0.2925
vn 0.7599 -0.3290 -0.5606
vn -0.5927 0.7226 0.3558
vn -0.6837 0.6493 0.3332
vn -0.9262 -0.1652 0.3388
vn -0.2355 -0.3196 -0.9178
vn -0.6119 -0.3431 -0.7127
vn -0.2008 0.7568 -0.6220
vn -0.1915 0.4128 -0.8905
vn -0.4640 0.4723 -0.7494
vn 0.3817 -0.3346 -0.8616
vn 0.0251 0.6394 -0.7685
vn -0.0401 0.2739 -0.9609
vn 0.0477 -0.9525 -0.3008
vn 0.1121 -0.8092 -0.5768
vn 0.1045 -0.8812 -0.4610
vn -0.1336 -0.3363 -0.9322
vn -0.6730 -0.7240 0.1511
vn -0.8688 -0.0835 -0.4880
vn 0.7182 -0.2659 -0.6430
vn 0.6677 -0.1039 -0.7371
vn -0.8432 0.4083 0.3498
vn -0.0445 -0.9978 0.0493
vn 0.0205 -0.9391 0.3430
vn -0.7331 0.5982 -0.3236
vn -0.5642 -0.5907 -0.5769
vn -0.2778 -0.7583 -0.5897
vn -0.1823 -0.9790 0.0914
vn -0.2215 -0.8134 0.5379
vn 0.9459 0.1782 0.2712
vn 0.8079 0.5472 -0.2187
vn 0.1781 -0.3635 -0.9144
vn 0.5236 0.1669 -0.8355
vn 0.1596 -0.2919 -0.9430
vn 0.8382 -0.5441 0.0359
vn -0.5248 -0.2609 -0.8102
vn -0.7899 -0.2440 -0.5626
vn -0.8545 -0.3931 0.3394
vn -0.7589 -0.5489 0.3503
vn -0.1469 -0.1871 -0.9713
vn 0.5335 -0.3870 -0.7520
vn -0.7970 0.0242 -0.6035
vn -0.6209 -0.7246 -0.2989
vn 0.6656 0.7342 0.1343
vn 0.5322 0.8464 -0.0202
vn 0.5906 0.7002 -0.4010
vn -0.1284 0.9205 0.3691
vn 0.0370 0.8506 0.5246
vn 0.2851 0.9165 -0.2806
vn 0.2540 0.9428 0.2159
vn 0.0329 0.9973 0.0656
vn 0.2635 0.9191 0.2930
vn -0.3392 0.8926 0.2970
vn 0.4888 0.8724 0.0029
vn -0.9357 0.0533 0.3489
vn -0.0637 0.6131 -0.7874
vn 0.4577 0.4836 -0.7461
vn -0.2101 0.8837 0.4184
vn -0.4763 0.8374 -0.2683
vn 0.0959 0.9851 0.1429
vn -0.7129 0.4713 -0.5193
vn 0.0443 0.9462 -0.3205
vn -0.2258 0.9727 0.0535
vn 0.2300 0.9730 -0.0213
vn 0.0891 0.9670 -0.2387
vn -0.8623 0.4629 0.2053
vn -0.9063 0.0312 -0.4214
vn 0.4345 0.7034 0.5626
vn -0.9802 0.0870 0.1777
vn -0.3882 0.7747 0.4992
vn -0.0931 0.9885 0.1193
vn 0.1029 0.8050 -0.5843
vn -0.5638 0.8239 -0.0570
vn -0.9764 -0.2003 0.0802
vn -0.5509 0.1004 -0.8285
vn -0.7710 0.3011 -0.5611
vn 0.7434 0.6688 -0.0124
vn -0.9227 -0.3446 -0.1726
vn 0.6165 0.7041 0.3525
vn 0.6558 0.7414 0.1420
vn -0.9102 0.1674 -0.3789
vn 0.7004 0.6884 -0.1883
vn -0.4960 0.4183 -0.7609
vn 0.4839 0.8463 0.2226
vn 0.5619 0.6746 -0.4787
vn 0.5648 0.8250 -0.0195
vn -0.4779 0.8779 -0.0301
vn -0.7965 -0.2279 -0.5601
vn -0.6350 0.5444 0.5481
vn -0.6822 -0.0317 -0.7305
vn -0.3653 -0.0945 -0.9261
vn -0.4149 -0.1693 -0.8940
vn -0.5915 0.1979 -0.7816
vn -0.5259 0.0906 -0.8457
vn -0.7339 -0.1642 0.6591
vn -0.6029 -0.4786 0.6383
vn -0.5460 -0.8291 -0.1208
vn -0.9801 -0.1656 -0.1097
vn -0.9122 -0.3771 -0.1603
vn -0.6531 0.4222 0.6287
vn -0.6386 -0.3462 0.6872
vn -0.5250 0.6530 0.5459
vn -0.9709 0.1825 0.1553
vn -0.5971 0.2352 0.7669
vn -0.5311 -0.1317 -0.8370
vn -0.4650 0.2022 -0.8619
vn -0.3064 0.0957 -0.9471
vn -0.6578 -0.6280 0.4159
vn -0.3312 -0.8793 0.3424
vn -0.4109 -0.2643 0.8725
vn -0.8542 0.5178 -0.0463
vn -0.6137 0.5838 0.5315
vn 0.4970 0.6940 -0.5209
vn -0.2627 -0.3237 0.9089
vn -0.5882 -0.1519 0.7943
vn -0.6017 0.0862 0.7941
vn -0.4556 -0.3315 0.8262
vn -0.6498 -0.2188 0.7279
vn -0.7501 -0.3189 0.5793
vn 0.2730 -0.6070 -0.7463
vn 0.2353 -0.6149 -0.7527
vn -0.3144 -0.4729 0.8231
vn -0.7354 0.0807 0.6728
vn -0.7467 -0.1564 -0.6465
vn -0.8244 0.5135 0.2381
vn -0.6756 0.6700 -0.3076
vn -0.7654 0.3924 0.5101
vn -0.5732 0.1639 -0.8028
vn -0.6134 0.2359 -0.7538
vn -0.3713 -0.3534 0.8586
vn -0.6075 0.3669 -0.7045
vn -0.7688 0.2479 0.5895
vn -0.3522 0.1499 -0.9238
vn -0.7036 -0.7016 -0.1128
vn -0.8537 -0.3637 0.3727
vn -0.8674 -0.1498 0.4745
vn -0.7954 0.1734 0.5807
vn -0.8787 0.2793 0.3871
vn -0.7438 -0.2213 0.6307
vn -0.8228 -0.0674 0.5644
vn 0.2077 0.5137 -0.8325
vn 0.1700 0.4935 -0.8530
vn 0.3271 0.3267 -0.8867
vn -0.5546 0.5606 -0.6149
vn -0.3052 0.0279 -0.9519
vn -0.6856 -0.2598 -0.6800
vn -0.5626 0.3219 -0.7615
vn -0.2129 -0.6312 0.7458
vn -0.7671 -0.2391 0.5954
vn -0.6635 -0.5119 0.5457
vn -0.3337 -0.0006 -0.9427
vn -0.0383 0.6121 -0.7899
vn -0.1216 0.6611 -0.7403
vn -0.0958 0.7116 -0.6960
vn 0.1709 0.7211 -0.6714
vn 0.2875 0.6906 -0.6637
vn 0.1407 0.8095 -0.5700
vn -0.8543 -0.3077 -0.4190
vn -0.7038 -0.2279 -0.6728
vn -0.6782 -0.1938 -0.7089
vn -0.6659 -0.3327 -0.6678
vn -0.1920 -0.1248 -0.9734
vn -0.9679 0.0325 -0.2493
vn -0.9280 -0.2137 -0.3051
vn -0.7304 -0.5331 -0.4270
vn -0.8819 -0.3598 -0.3046
vn 0.2104 0.6802 -0.7022
vn 0.0472 0.6569 -0.7525
vn -0.6583 0.7073 -0.2576
vn -0.6861 -0.2968 -0.6643
vn -0.8284 -0.0864 -0.5535
vn -0.8596 -0.2956 -0.4168
vn -0.6775 0.5786 -0.4541
vn -0.7417 -0.5899 -0.3192
vn 0.3103 0.4757 -0.8231
vn 0.1425 0.3653 -0.9199
vn -0.9004 -0.2269 -0.3711
vn -0.9723 -0.2267 -0.0569
vn 0.1207 0.4866 -0.8652
vn -0.9820 -0.1287 -0.1381
vn -0.0733 0.5975 -0.7985
vn -0.9059 -0.2202 -0.3617
vn -0.8846 -0.1028 -0.4549
vn -0.4851 0.6298 -0.6067
vn 0.1206 -0.3645 -0.9234
vn -0.3577 -0.9054 0.2285
vn -0.1596 -0.9867 0.0310
vn -0.2583 -0.9458 0.1968
vn -0.9897 -0.0817 -0.1174
vn -0.8462 0.3775 -0.3760
vn -0.6284 0.7462 -0.2197
vn 0.1801 -0.5151 -0.8380
vn -0.9350 -0.3336 -0.1204
vn -0.6673 0.5837 -0.4626
vn -0.6161 0.1470 -0.7738
vn -0.6362 0.3651 -0.6797
vn -0.8262 0.4961 -0.2671
vn 0.5339 0.5370 -0.6531
vn 0.4114 0.5127 -0.7536
vn -0.5361 -0.8326 0.1394
vn 0.3347 0.4110 -0.8480
vn -0.9864 0.0296 -0.1615
vn 0.3798 0.4583 -0.8036
vn -0.5504 -0.5283 -0.6466
vn -0.7483 -0.2465 -0.6159
vn -0.5960 -0.7623 -0.2525
vn -0.5593 -0.8039 -0.2024
vn -0.9448 -0.2044 -0.2561
vn -0.6322 0.0154 -0.7746
vn -0.7719 0.0269 -0.6352
vn -0.6807 0.1674 -0.7131
vn 0.0279 0.4626 -0.8861
vn -0.0093 0.6955 -0.7185
vn -0.9834 0.0331 -0.1783
vn -0.0889 0.4308 -0.8981
vn -0.7839 0.2639 -0.5620
vn -0.5486 0.3048 -0.7786
vn -0.0347 0.8835 -0.4671
vn 0.2388 0.8549 -0.4605
vn 0.4454 0.1562 -0.8816
vn 0.3835 0.4200 -0.8225
vn 0.4247 0.4156 -0.8043
vn 0.2139 -0.0884 -0.9729
vn 0.3739 0.7026 -0.6054
vn 0.2164 0.4454 -0.8688
vn 0.5271 0.4277 -0.7343
vn 0.0367 -0.9993 -0.0065
vn 0.0729 -0.9075 0.4136
vn -0.1416 0.7912 -0.5949
vn 0.0090 0.3732 -0.9277
vn 0.2062 0.4927 -0.8454
vn 0.2032 0.1656 -0.9650
vn -0.8907 -0.1721 -0.4207
vn -0.6419 -0.2503 -0.7247
vn -0.5952 -0.7089 -0.3784
vn -0.7038 -0.5467 -0.4537
vn -0.8415 -0.3051 -0.4459
vn -0.8680 0.0948 -0.4875
vn -0.8548 0.3728 -0.3609
vn -0.8630 0.1297 -0.4882
vn -0.7251 -0.0348 -0.6877
vn -0.5521 0.0149 -0.8336
vn 0.0223 0.8676 -0.4968
vn -0.3448 -0.7744 -0.5304
vn -0.5799 0.3839 -0.7186
vn -0.6285 -0.7189 -0.2970
vn -0.5437 -0.5577 -0.6271
vn -0.4686 -0.7702 -0.4328
vn -0.0452 0.3461 -0.9371
vn -0.2478 0.8461 -0.4719
vn 0.0678 -0.9968 0.0419
vn -0.7687 0.1295 -0.6263
vn 0.4943 0.2267 -0.8392
vn 0.5898 0.3457 -0.7298
vn -0.7694 0.3992 -0.4986
vn -0.7066 0.4562 -0.5410
vn -0.4334 0.2143 -0.8754
vn 0.2143 0.7078 -0.6731
vn 0.8365 0.0901 -0.5406
vn -0.0604 -0.9592 0.2763
vn -0.0364 -0.6362 0.7707
vn 0.0724 -0.7342 0.6751
vn -0.1946 -0.9809 -0.0034
vn 0.5643 -0.0689 -0.8227
vn 0.2240 0.5023 -0.8352
vn -0.2018 0.8744 -0.4412
vn 0.5750 0.3335 -0.7471
vn 0.4613 0.2952 -0.8367
vn 0.1548 0.7124 -0.6845
vn 0.3016 0.8101 -0.5027
vn 0.0764 0.5589 -0.8257
vn 0.0376 -0.9960 0.0810
vn 0.0111 0.4153 -0.9096
vn 0.0595 0.4594 -0.8862
vn 0.1503 0.2381 -0.9595
vn -0.2397 -0.9674 -0.0823
vn 0.5196 0.0868 -0.8500
vn -0.3155 0.6232 -0.7156
vn -0.2609 -0.9555 0.1379
vn -0.0050 -0.9997 0.0259
vn 0.3306 0.3057 -0.8929
vn -0.0091 0.7098 -0.7044
vn 0.1065 -0.0254 -0.9940
vn 0.4632 0.3490 -0.8147
vn -0.1314 0.3550 -0.9256
vn -0.0053 0.5244 -0.8514
vn -0.0364 0.4284 -0.9029
vn 0.0334 0.5057 -0.8621
vn -0.1278 0.4258 -0.8958
vn 0.1335 0.4005 -0.9065
vn -0.0722 0.6508 -0.7558
vn -0.2560 0.5155 -0.8177
vn 0.3295 0.2203 -0.9181
vn 0.1544 0.6527 -0.7417
vn 0.1454 0.7002 -0.6990
vn -0.4385 -0.6949 0.5699
vn -0.2174 -0.1362 -0.9665
vn 0.1371 0.5547 -0.8207
vn -0.6462 -0.6299 -0.4310
vn -0.5327 -0.2014 -0.8220
vn -0.3786 0.3922 -0.8383
vn -0.3008 0.0432 -0.9527
vn 0.0192 -0.9152 -0.4026
vn -0.4937 0.0979 -0.8641
vn -0.3514 0.0446 -0.9352
vn 0.1649 0.1087 -0.9803
vn 0.2523 -0.3087 -0.9171
vn -0.1744 -0.4175 -0.8918
vn -0.3066 -0.5355 -0.7869
vn -0.3516 -0.3669 -0.8612
vn -0.5324 -0.0263 -0.8461
vn -0.1834 0.2711 -0.9449
vn -0.3456 0.2449 -0.9059
vn -0.4650 0.0879 -0.8809
vn -0.0782 -0.1925 -0.9782
vn -0.1299 0.0011 -0.9915
vn -0.2887 -0.0519 -0.9560
vn 0.0037 -0.3324 -0.9431
vn -0.0554 -0.2553 -0.9653
vn -0.2614 -0.2017 -0.9439
vn -0.0268 -0.9990 0.0354
vn -0.2623 -0.3370 -0.9042
vn 0.2890 -0.3432 -0.8937
vn 0.4317 -0.4941 -0.7546
vn -0.3163 -0.6262 -0.7126
vn 0.4050 -0.2575 -0.8773
vn 0.3689 -0.0847 -0.9256
vn 0.4401 -0.0237 -0.8976
vn 0.4412 -0.0907 -0.8928
vn 0.3303 -0.4377 -0.8363
vn 0.2994 -0.1889 -0.9352
vn 0.3171 -0.3800 -0.8689
vn -0.6069 -0.7869 0.1117
vn 0.2580 -0.4142 -0.8728
vn 0.0737 -0.2449 -0.9667
vn 0.2097 -0.2172 -0.9533
vn 0.3810 0.0533 -0.9230
vn 0.1347 -0.4938 -0.8591
vn 0.2883 -0.1646 -0.9433
vn 0.1249 -0.4215 -0.8982
vn 0.2507 -0.0048 -0.9681
vn 0.3308 -0.1730 -0.9277
vn 0.2090 -0.3534 -0.9118
vn 0.2212 -0.2109 -0.9521
vn 0.2682 -0.4101 -0.8717
vn 0.2482 -0.2494 -0.9361
vn 0.3363 0.0406 -0.9409
vn 0.2143 -0.1105 -0.9705
vn 0.2168 -0.1103 -0.9700
vn 0.1477 -0.3261 -0.9337
vn 0.4184 0.1588 -0.8943
vn 0.0206 -0.6483 -0.7611
vn 0.1816 -0.1438 -0.9728
vn 0.0057 -0.3797 -0.9251
vn 0.0988 -0.2659 -0.9589
vn 0.0012 0.0569 -0.9984
vn 0.1040 -0.0443 -0.9936
vn 0.1436 -0.1067 -0.9839
vn -0.0503 -0.3149 -0.9478
vn 0.4591 -0.8755 0.1509
vn -0.0921 -0.2615 -0.9608
vn 0.3446 -0.8524 0.3933
vn 0.1946 -0.8552 0.4804
vn -0.0726 -0.9961 -0.0495
vn 0.0431 -0.9773 0.2073
vn -0.3935 -0.3592 -0.8462
vn -0.4705 -0.1535 -0.8689
vn -0.1774 0.0303 -0.9837
vn -0.3429 -0.9090 0.2370
vn -0.3638 -0.1757 -0.9148
vn -0.8494 -0.4745 -0.2311
vn -0.3201 -0.8017 0.5048
vn -0.0141 -0.9992 0.0378
vn 0.1703 -0.9377 0.3028
vn -0.5852 -0.8109 -0.0068
vn -0.1645 -0.9838 -0.0709
vn 0.0134 -0.9995 0.0298
vn -0.0153 -0.9996 -0.0253
vn -0.3401 -0.9258 0.1653
vn 0.0719 -0.9574 0.2798
vn -0.1258 -0.9533 0.2745
vn -0.5715 -0.8170 -0.0767
vn -0.0520 -0.9968 -0.0603
vn 0.0396 -0.9960 0.0803
vn -0.0285 -0.9978 0.0595
vn -0.6133 -0.7785 0.1332
vn 0.2294 -0.9619 0.1486
vn -0.3149 -0.9188 0.2378
vn -0.4737 -0.8694 0.1407
vn -0.0768 -0.9946 0.0700
vn -0.8677 -0.4628 -0.1814
vn -0.2826 -0.9256 0.2518
vn -0.4814 -0.8736 -0.0712
vn 0.3898 -0.9208 -0.0113
vn -0.6456 -0.7628 0.0374
vn 0.2141 -0.9603 0.1786
vn -0.3328 -0.9045 0.2668
vn -0.8921 -0.4518 0.0074
vn -0.3900 -0.8960 -0.2121
vn -0.4993 -0.8654 -0.0431
vn -0.4536 -0.8445 0.2848
vn -0.2810 -0.9550 0.0945
vn -0.2085 -0.8492 0.4852
vn 0.1146 -0.8434 0.5248
vn -0.0803 -0.7973 0.5982
vn 0.0230 -0.9980 0.0595
vn -0.5672 -0.8106 -0.1458
vn -0.6425 -0.6707 0.3706
vn -0.5965 -0.7747 0.2096
vn -0.4280 -0.9036 0.0172
vn -0.5550 -0.6602 0.5060
vn -0.3844 -0.8700 0.3089
vn -0.4548 -0.5937 0.6639
vn 0.2036 -0.9790 -0.0114
vn -0.0094 -0.9999 -0.0112
vn -0.3460 -0.9225 0.1712
vn -0.0281 -0.9992 0.0275
vn -0.1368 -0.7006 0.7003
vn -0.0186 -0.9972 -0.0728
vn 0.1823 -0.9832 0.0125
vn -0.1360 -0.9907 0.0048
vn -0.0105 -0.9440 0.3298
vn 0.2971 -0.9490 0.1056
vn 0.1557 -0.9818 0.1086
vn 0.1451 -0.7306 0.6673
vn 0.1283 -0.9638 0.2336
vn 0.1204 -0.9926 -0.0176
vn 0.5311 -0.7584 0.3778
vn 0.7782 -0.6101 0.1486
vn 0.2704 -0.8236 0.4986
vn 0.3820 -0.9065 0.1796
vn -0.4042 -0.7116 0.5746
vn 0.0595 -0.9982 -0.0048
vn -0.1861 -0.9214 0.3411
s 1
f 1//1 2//2 376//3
f 7//4 8//5 9//6
f 11//7 12//8 13//9
f 20//10 21//11 22//12
f 25//13 26//14 27//15
f 37//16 38//17 39//18
f 43//19 44//20 45//21
f 50//22 51//23 52//24
f 53//25 54//26 55//27
f 51//23 59//28 52//24
f 5//29 10//30 6//31
f 62//32 63//33 64//34
f 67//35 3//36 4//37
f 73//38 48//39 74//40
f 59//28 14//41 52//24
f 77//42 18//43 78//44
f 79//45 42//46 34//47
f 33//48 35//49 40//50
f 52//24 76//51 82//52
f 84//53 41//54 85//55
f 78//44 18//43 30//56
f 85//55 86//57 62//32
f 89//58 90//59 67//35
f 3//36 92//60 93//61
f 94//62 95//63 96//64
f 79//45 41//54 42//46
f 101//65 102//66 100//67
f 103//68 7//4 104//69
f 41//54 84//53 42//46
f 99//70 107//71 100//67
f 102//66 108//72 109//73
f 17//74 16//75 110//76
f 111//77 112//78 113//79
f 114//80 115//81 116//82
f 117//83 118//84 145//85
f 119//86 106//87 120//88
f 107//71 101//65 100//67
f 121//89 122//90 123//91
f 124//92 19//93 125//94
f 35//49 36//95 40//50
f 42//46 127//96 34//47
f 128//97 108//72 102//66
f 129//98 130//99 131//100
f 104//69 7//4 9//6
f 132//101 133//102 107//71
f 18//43 19//93 124//92
f 2//2 1//1 138//103
f 139//104 140//105 141//106
f 81//107 137//108 80//109
f 143//110 23//111 90//59
f 144//112 145//85 146//113
f 133//102 147//114 107//71
f 147//114 101//65 107//71
f 101//65 148//115 102//66
f 968//116 90//59 89//58
f 152//117 153//118 154//119
f 102//66 148//115 128//97
f 156//120 157//121 158//122
f 159//123 152//117 154//119
f 15//124 46//125 87//126
f 160//127 161//128 162//129
f 165//130 156//120 158//122
f 169//131 170//132 171//133
f 172//134 133//102 149//135
f 172//134 147//114 133//102
f 157//121 176//136 177//137
f 178//138 179//139 180//140
f 181//141 182//142 183//143
f 187//144 188//145 170//132
f 1//1 196//146 197//147
f 87//126 88//148 198//149
f 199//150 187//144 170//132
f 200//151 22//12 201//152
f 205//153 206//154 207//155
f 210//156 211//157 166//158
f 98//159 73//38 74//40
f 77//42 19//93 18//43
f 47//160 5//29 6//31
f 125//94 23//111 124//92
f 169//131 199//150 170//132
f 214//161 215//162 202//163
f 157//121 177//137 158//122
f 220//164 221//165 222//166
f 225//167 190//168 226//169
f 227//170 228//171 173//172
f 148//115 229//173 110//76
f 126//174 5//29 15//124
f 59//28 51//23 126//174
f 233//175 234//176 235//177
f 221//165 234//176 222//166
f 220//164 199//150 169//131
f 226//169 191//178 70//179
f 190//168 191//178 226//169
f 236//180 178//138 237//181
f 213//182 227//170 173//172
f 242//183 243//184 244//185
f 231//186 10//30 5//29
f 131//100 249//187 250//188
f 251//189 252//190 253//191
f 254//192 255//193 256//194
f 257//195 199//150 220//164
f 258//196 259//197 260//198
f 153//118 261//199 262//200
f 218//201 263//202 219//203
f 264//204 265//205 266//206
f 267//207 220//164 222//166
f 213//182 173//172 215//162
f 49//208 271//209 272//210
f 48//39 49//208 273//211
f 6//31 10//30 274//212
f 279//213 280//214 233//175
f 280//214 234//176 233//175
f 234//176 267//207 222//166
f 267//207 257//195 220//164
f 70//179 191//178 71//215
f 281//216 241//217 240//218
f 237//181 178//138 180//140
f 282//219 187//144 199//150
f 225//167 283//220 190//168
f 280//214 267//207 234//176
f 187//144 282//219 286//221
f 225//167 189//222 287//223
f 281//216 292//224 241//217
f 280//214 294//225 267//207
f 295//226 215//162 214//161
f 298//227 299//228 300//229
f 301//230 302//231 279//213
f 303//232 199//150 257//195
f 303//232 282//219 199//150
f 304//233 305//234 306//235
f 281//216 223//236 224//237
f 294//225 257//195 267//207
f 216//238 311//239 27//15
f 312//240 12//8 313//241
f 314//242 315//243 10//30
f 316//244 317//245 160//127
f 301//230 318//246 302//231
f 279//213 319//247 280//214
f 280//214 319//247 294//225
f 257//195 320//248 303//232
f 238//249 192//250 239//251
f 258//196 290//252 291//253
f 321//254 322//255 323//256
f 175//257 324//258 325//259
f 13//9 12//8 326//260
f 298//227 55//27 299//228
f 203//261 307//262 247//263
f 191//178 323//256 327//264
f 327//264 223//236 281//216
f 328//265 329//266 290//252
f 329//266 331//267 330//268
f 340//269 319//247 279//213
f 294//225 320//248 257//195
f 303//232 341//270 282//219
f 282//219 341//270 286//221
f 344//271 345//272 346//273
f 203//261 202//163 307//262
f 349//274 341//270 303//232
f 240//218 327//264 281//216
f 224//237 350//275 281//216
f 225//167 226//169 189//222
f 348//276 340//269 302//231
f 340//269 279//213 302//231
f 353//277 320//248 294//225
f 349//274 303//232 320//248
f 355//278 352//279 312//240
f 294//225 319//247 353//277
f 268//280 291//253 269//281
f 258//196 328//265 290//252
f 52//24 14//41 76//51
f 359//282 208//283 209//284
f 360//285 361//286 362//287
f 202//163 215//162 173//172
f 363//288 268//280 269//281
f 365//289 366//290 367//291
f 368//292 369//293 351//294
f 352//279 371//295 351//294
f 371//295 368//292 351//294
f 59//28 15//124 14//41
f 372//296 340//269 348//276
f 372//296 319//247 340//269
f 373//297 320//248 353//277
f 374//298 375//299 376//3
f 295//226 213//182 215//162
f 87//126 46//125 88//148
f 372//296 377//300 319//247
f 319//247 377//300 353//277
f 320//248 373//297 349//274
f 341//270 378//301 379//302
f 380//303 381//304 382//305
f 21//11 383//306 22//12
f 95//63 384//307 105//308
f 355//278 371//295 352//279
f 386//309 387//310 388//311
f 389//312 390//313 348//276
f 390//313 372//296 348//276
f 373//297 391//314 349//274
f 391//314 341//270 349//274
f 391//314 370//315 341//270
f 224//237 344//271 346//273
f 80//109 138//103 81//107
f 389//312 396//316 390//313
f 370//315 397//317 341//270
f 398//318 207//155 399//319
f 375//299 385//320 196//146
f 160//127 357//321 161//128
f 400//322 242//183 343//323
f 384//307 401//324 105//308
f 402//325 389//312 297//326
f 377//300 372//296 390//313
f 391//314 373//297 370//315
f 241//217 404//327 71//215
f 355//278 405//328 371//295
f 402//325 406//329 389//312
f 353//277 377//300 373//297
f 224//237 346//273 350//275
f 410//330 402//325 371//295
f 390//313 411//331 377//300
f 411//331 412//332 377//300
f 412//332 373//297 377//300
f 373//297 413//333 370//315
f 414//334 398//318 252//190
f 241//217 292//224 404//327
f 405//328 410//330 371//295
f 389//312 418//335 396//316
f 396//316 411//331 390//313
f 419//336 373//297 412//332
f 419//336 413//333 373//297
f 413//333 420//337 370//315
f 397//317 314//242 341//270
f 63//33 421//338 422//339
f 342//340 343//323 364//341
f 424//342 105//308 401//324
f 24//343 90//59 23//111
f 406//329 418//335 389//312
f 396//316 427//344 411//331
f 428//345 419//336 412//332
f 429//346 413//333 419//336
f 429//346 420//337 413//333
f 420//337 397//317 370//315
f 343//323 309//347 364//341
f 166//158 347//348 210//156
f 2//2 138//103 80//109
f 431//349 432//350 410//330
f 433//351 402//325 410//330
f 433//351 406//329 402//325
f 427//344 396//316 418//335
f 350//275 346//273 163//352
f 410//330 405//328 431//349
f 432//350 433//351 410//330
f 411//331 434//353 412//332
f 423//354 435//355 424//342
f 401//324 423//354 424//342
f 435//355 248//356 436//357
f 96//64 106//87 16//75
f 434//353 427//344 418//335
f 427//344 434//353 411//331
f 434//353 428//345 412//332
f 191//178 327//264 240//218
f 315//243 397//317 420//337
f 71//215 240//218 241//217
f 366//290 202//163 203//261
f 163//352 425//358 439//359
f 14//41 15//124 87//126
f 438//360 440//361 428//345
f 428//345 440//361 419//336
f 441//362 442//363 21//11
f 443//364 194//365 57//366
f 444//367 434//353 418//335
f 440//361 429//346 419//336
f 446//368 329//266 328//265
f 430//369 447//370 276//371
f 433//351 448//372 406//329
f 448//372 418//335 406//329
f 448//372 444//367 418//335
f 444//367 449//373 434//353
f 449//373 438//360 428//345
f 434//353 449//373 428//345
f 445//374 420//337 429//346
f 426//375 176//136 452//376
f 309//347 244//185 310//377
f 4//37 3//36 93//61
f 453//378 448//372 433//351
f 440//361 445//374 429//346
f 409//379 163//352 439//359
f 46//125 5//29 47//160
f 20//10 200//151 457//380
f 448//372 460//381 444//367
f 461//382 420//337 445//374
f 461//382 315//243 420//337
f 244//185 225//167 310//377
f 307//262 173//172 247//263
f 291//253 290//252 450//383
f 465//384 461//382 445//374
f 461//382 10//30 315//243
f 323//256 322//255 327//264
f 466//385 458//386 459//387
f 331//267 329//266 468//388
f 469//389 445//374 440//361
f 461//382 274//212 10//30
f 228//171 238//249 247//263
f 342//340 192//250 343//323
f 350//275 163//352 292//224
f 470//390 459//387 113//79
f 466//385 471//391 458//386
f 31//392 79//45 40//50
f 229//173 472//393 110//76
f 216//238 426//375 217//394
f 436//357 248//356 475//395
f 281//216 350//275 292//224
f 367//291 470//390 113//79
f 470//390 466//385 459//387
f 445//374 469//389 473//396
f 400//322 243//184 242//183
f 242//183 244//185 309//347
f 204//397 198//149 88//148
f 481//398 482//399 131//100
f 473//396 465//384 445//374
f 163//352 164//400 425//358
f 305//234 146//113 306//235
f 484//401 471//391 466//385
f 471//391 484//401 485//402
f 76//51 232//403 82//52
f 486//404 487//405 488//406
f 489//407 455//408 490//409
f 398//318 205//153 207//155
f 470//390 492//410 466//385
f 375//299 374//298 422//339
f 88//148 425//358 204//397
f 82//52 232//403 835//411
f 408//412 493//413 494//414
f 206//154 209//284 393//415
f 477//416 465//384 473//396
f 465//384 274//212 461//382
f 495//417 496//418 497//419
f 425//358 164//400 204//397
f 244//185 243//184 498//420
f 191//178 240//218 71//215
f 470//390 366//290 492//410
f 492//410 499//421 466//385
f 499//421 484//401 466//385
f 484//401 499//421 485//402
f 76//51 14//41 500//422
f 502//423 503//424 504//425
f 323//256 191//178 190//168
f 504//425 505//426 506//427
f 507//428 477//416 473//396
f 508//429 274//212 465//384
f 226//169 70//179 437//430
f 498//420 283//220 244//185
f 29//431 511//432 28//433
f 14//41 87//126 198//149
f 236//180 230//434 178//138
f 224//237 223//236 344//271
f 513//435 518//436 503//424
f 514//437 506//427 505//426
f 514//437 515//438 506//427
f 891//439 516//440 517//441
f 228//171 192//250 238//249
f 258//196 291//253 268//280
f 400//322 343//323 192//250
f 492//410 203//261 499//421
f 518//436 519//442 503//424
f 519//442 520//443 503//424
f 520//443 504//425 503//424
f 520//443 505//426 504//425
f 514//437 521//444 515//438
f 1//1 197//147 522//445
f 76//51 500//422 232//403
f 158//122 332//446 175//257
f 329//266 330//268 290//252
f 242//183 309//347 343//323
f 365//289 202//163 366//290
f 366//290 203//261 492//410
f 499//421 203//261 512//447
f 383//306 218//201 22//12
f 519//442 523//448 520//443
f 523//448 505//426 520//443
f 455//408 198//149 204//397
f 478//449 439//359 477//416
f 508//429 465//384 477//416
f 439//359 508//429 477//416
f 46//125 47//160 274//212
f 344//271 524//450 345//272
f 203//261 338//451 512//447
f 518//436 342//340 519//442
f 46//125 274//212 88//148
f 228//171 247//263 173//172
f 239//251 192//250 342//340
f 225//167 287//223 310//377
f 161//128 20//10 457//380
f 500//422 14//41 198//149
f 525//452 409//379 478//449
f 409//379 439//359 478//449
f 437//430 521//444 514//437
f 425//358 274//212 508//429
f 202//163 173//172 307//262
f 519//442 364//341 523//448
f 523//448 287//223 505//426
f 287//223 514//437 505//426
f 439//359 425//358 508//429
f 176//136 426//375 177//137
f 283//220 225//167 244//185
f 342//340 364//341 519//442
f 310//377 287//223 523//448
f 189//222 514//437 287//223
f 226//169 437//430 514//437
f 526//453 478//449 521//444
f 425//358 88//148 274//212
f 491//454 446//368 328//265
f 514//437 189//222 226//169
f 359//282 167//455 270//456
f 426//375 452//376 217//394
f 203//261 247//263 338//451
f 338//451 238//249 337//457
f 337//457 239//251 342//340
f 441//362 21//11 20//10
f 338//451 247//263 238//249
f 238//249 239//251 337//457
f 364//341 309//347 523//448
f 309//347 310//377 523//448
f 67//35 527//458 3//36
f 528//459 214//161 529//460
f 105//308 424//342 530//461
f 535//462 400//322 192//250
f 146//113 145//85 306//235
f 121//89 179//139 178//138
f 541//463 405//328 542//464
f 538//465 491//454 543//466
f 423//354 384//307 395//467
f 550//468 551//469 533//470
f 535//462 552//471 400//322
f 398//318 553//472 252//190
f 38//17 37//16 554//473
f 164//400 163//352 346//273
f 207//155 555//474 399//319
f 101//65 193//475 148//115
f 557//476 155//477 558//478
f 560//479 561//480 562//481
f 545//482 564//483 544//484
f 551//469 246//485 565//486
f 187//144 566//487 188//145
f 154//119 262//200 392//488
f 567//489 543//466 568//490
f 30//56 186//491 185//492
f 569//493 559//494 193//475
f 193//475 570//495 148//115
f 227//170 544//484 535//462
f 569//493 172//134 571//496
f 551//469 565//486 572//497
f 148//115 570//495 229//173
f 575//498 559//494 569//493
f 193//475 559//494 570//495
f 356//499 538//465 567//489
f 578//500 266//206 563//501
f 345//272 490//409 346//273
f 581//502 569//493 571//496
f 426//375 216//238 582//503
f 356//499 26//14 446//368
f 538//465 446//368 491//454
f 446//368 26//14 587//504
f 580//505 581//502 571//496
f 575//498 569//493 581//502
f 559//494 588//506 570//495
f 590//507 583//508 639//509
f 260//198 543//466 491//454
f 480//510 594//511 380//303
f 559//494 575//498 591//512
f 570//495 588//506 229//173
f 535//462 595//513 552//471
f 568//490 543//466 259//197
f 187//144 580//505 566//487
f 591//512 588//506 559//494
f 588//506 598//514 229//173
f 604//515 528//459 602//516
f 605//517 546//518 547//519
f 591//512 606//520 588//506
f 606//520 598//514 588//506
f 598//514 472//393 229//173
f 600//521 601//522 607//523
f 290//252 576//524 577//525
f 608//526 472//393 598//514
f 599//527 579//528 609//529
f 223//236 532//530 344//271
f 575//498 610//531 591//512
f 610//531 606//520 591//512
f 611//532 312//240 313//241
f 612//533 312//240 611//532
f 488//406 487//405 613//534
f 322//255 532//530 223//236
f 595//513 535//462 564//483
f 614//535 534//536 615//537
f 617//538 218//201 383//306
f 286//221 618//539 581//502
f 580//505 286//221 581//502
f 581//502 618//539 575//498
f 545//482 544//484 295//226
f 455//408 204//397 490//409
f 490//409 204//397 346//273
f 620//540 606//520 610//531
f 621//541 608//526 598//514
f 608//526 622//542 472//393
f 206//154 136//543 623//544
f 618//539 610//531 575//498
f 625//545 598//514 606//520
f 625//545 621//541 598//514
f 621//541 622//542 608//526
f 318//246 348//276 302//231
f 355//278 312//240 612//533
f 624//546 616//547 551//469
f 16//75 626//548 96//64
f 620//540 625//545 606//520
f 585//549 321//254 627//550
f 614//535 624//546 534//536
f 620//540 629//551 625//545
f 177//137 333//552 332//446
f 147//114 193//475 101//65
f 589//553 595//513 564//483
f 610//531 631//554 620//540
f 483//555 323//256 190//168
f 632//556 450//383 604//515
f 563//501 265//205 524//450
f 552//471 627//550 540//557
f 595//513 627//550 552//471
f 286//221 379//302 618//539
f 379//302 610//531 618//539
f 633//558 622//542 621//541
f 545//482 589//553 564//483
f 610//531 379//302 631//554
f 622//542 633//558 17//74
f 601//522 584//559 589//553
f 223//236 327//264 322//255
f 596//560 594//511 245//561
f 48//39 273//211 80//109
f 631//554 629//551 620//540
f 625//545 633//558 621//541
f 584//559 635//562 636//563
f 589//553 584//559 636//563
f 637//564 165//130 158//122
f 11//7 313//241 12//8
f 586//565 322//255 321//254
f 629//551 336//566 625//545
f 415//567 616//547 638//568
f 532//530 639//509 531//569
f 211//157 456//570 180//140
f 640//571 577//525 584//559
f 539//572 552//471 540//557
f 209//284 394//573 393//415
f 641//574 642//575 643//576
f 625//545 336//566 633//558
f 498//420 190//168 283//220
f 636//563 635//562 644//577
f 639//509 532//530 586//565
f 624//546 550//468 534//536
f 645//578 17//74 633//558
f 92//60 646//579 97//580
f 147//114 172//134 569//493
f 631//554 647//581 629//551
f 274//212 47//160 6//31
f 531//569 524//450 344//271
f 644//577 585//549 627//550
f 379//302 647//581 631//554
f 629//551 253//191 336//566
f 528//459 600//521 607//523
f 563//501 266//206 265//205
f 483//555 190//168 498//420
f 639//509 563//501 531//569
f 480//510 479//582 619//583
f 585//549 586//565 321//254
f 648//584 549//585 605//517
f 94//62 384//307 95//63
f 450//383 600//521 604//515
f 583//508 597//586 578//500
f 636//563 644//577 627//550
f 647//581 253//191 629//551
f 529//460 214//161 202//163
f 628//587 529//460 202//163
f 653//588 430//369 276//371
f 596//560 245//561 246//485
f 615//537 534//536 417//589
f 590//507 585//549 644//577
f 627//550 321//254 540//557
f 339//590 655//591 656//592
f 647//581 379//302 378//301
f 657//593 597//586 576//524
f 365//289 628//587 202//163
f 585//549 590//507 586//565
f 539//572 540//557 243//184
f 356//499 27//15 26//14
f 531//569 563//501 524//450
f 604//515 600//521 528//459
f 290//252 577//525 450//383
f 216//238 217//394 311//239
f 179//139 211//157 180//140
f 417//589 534//536 533//470
f 615//537 393//415 474//594
f 37//16 300//229 659//595
f 616//547 246//485 551//469
f 180//140 660//596 237//181
f 584//559 583//508 635//562
f 363//288 661//597 268//280
f 662//598 367//291 113//79
f 574//599 259//197 661//597
f 663//600 547//519 447//370
f 533//470 551//469 572//497
f 58//601 125//94 19//93
f 664//602 665//603 380//303
f 534//536 550//468 533//470
f 346//273 204//397 164//400
f 596//560 246//485 616//547
f 668//604 667//605 567//489
f 248//356 423//354 245//561
f 671//606 311//239 217//394
f 329//266 446//368 587//504
f 94//62 626//548 555//474
f 555//474 626//548 399//319
f 96//64 626//548 94//62
f 537//607 367//291 662//598
f 891//439 517//441 674//608
f 675//609 91//610 8//5
f 479//582 676//611 475//395
f 583//508 590//507 644//577
f 556//612 537//607 662//598
f 540//557 498//420 243//184
f 573//613 597//586 657//593
f 177//137 426//375 582//503
f 330//268 657//593 290//252
f 677//614 94//62 555//474
f 583//508 644//577 635//562
f 568//490 668//604 567//489
f 414//334 167//455 205//153
f 177//137 582//503 333//552
f 667//605 356//499 567//489
f 576//524 583//508 584//559
f 677//614 555//474 207//155
f 677//614 384//307 94//62
f 260//198 491//454 258//196
f 677//614 395//467 384//307
f 155//477 121//89 123//91
f 680//615 681//616 682//617
f 483//555 498//420 540//557
f 44//20 579//528 683//618
f 576//524 597//586 583//508
f 600//521 640//571 601//522
f 577//525 576//524 584//559
f 214//161 528//459 295//226
f 187//144 286//221 580//505
f 398//318 399//319 553//472
f 175//257 332//446 174//619
f 686//620 641//574 643//576
f 544//484 564//483 535//462
f 539//572 243//184 400//322
f 619//583 479//582 475//395
f 594//511 619//583 245//561
f 687//621 188//145 566//487
f 688//622 395//467 677//614
f 689//623 690//624 691//625
f 248//356 435//355 423//354
f 604//515 602//516 603//626
f 952//627 692//628 693//629
f 211//157 121//89 155//477
f 218//201 672//630 263//202
f 607//523 601//522 589//553
f 602//516 528//459 529//460
f 694//631 686//620 643//576
f 158//122 177//137 332//446
f 158//122 175//257 637//564
f 628//587 602//516 529//460
f 583//508 578//500 639//509
f 246//485 423//354 395//467
f 328//265 258//196 491//454
f 601//522 640//571 584//559
f 639//509 578//500 563//501
f 543//466 260//198 259//197
f 572//497 688//622 677//614
f 423//354 401//324 384//307
f 230//434 122//90 178//138
f 572//497 677//614 623//544
f 122//90 121//89 178//138
f 528//459 607//523 295//226
f 607//523 545//482 295//226
f 295//226 544//484 213//182
f 572//497 395//467 688//622
f 565//486 246//485 395//467
f 572//497 565//486 395//467
f 213//182 544//484 227//170
f 537//607 365//289 367//291
f 607//523 589//553 545//482
f 586//565 532//530 322//255
f 590//507 639//509 586//565
f 154//119 392//488 474//594
f 623//544 417//589 572//497
f 290//252 657//593 576//524
f 636//563 627//550 595//513
f 207//155 206//154 623//544
f 150//632 151//633 407//634
f 371//295 297//326 368//292
f 476//635 698//636 436//357
f 367//291 366//290 470//390
f 589//553 636//563 595//513
f 624//546 551//469 550//468
f 538//465 356//499 446//368
f 450//383 577//525 640//571
f 136//543 417//589 623//544
f 634//637 317//245 699//638
f 269//281 450//383 632//556
f 245//561 619//583 248//356
f 624//546 700//639 616//547
f 400//322 552//471 539//572
f 567//489 538//465 543//466
f 321//254 483//555 540//557
f 352//279 351//294 12//8
f 450//383 640//571 600//521
f 246//485 245//561 423//354
f 619//583 475//395 248//356
f 619//583 594//511 480//510
f 417//589 533//470 572//497
f 531//569 344//271 532//530
f 436//357 698//636 435//355
f 404//327 525//452 478//449
f 218//201 201//152 22//12
f 527//458 67//35 90//59
f 457//380 201//152 354//640
f 457//380 354//640 162//129
f 706//641 33//48 354//640
f 614//535 615//537 474//594
f 56//642 707//643 57//366
f 313//241 708//644 709//645
f 1042//646 212//647 711//648
f 61//649 60//650 334//651
f 713//652 61//649 334//651
f 194//365 195//653 714//654
f 92//60 97//580 715//655
f 716//656 548//657 549//585
f 381//304 415//567 719//658
f 137//108 715//655 74//40
f 715//655 97//580 74//40
f 374//298 68//659 422//339
f 209//284 205//153 167//455
f 719//658 415//567 416//660
f 494//414 721//661 181//141
f 705//662 24//343 23//111
f 200//151 201//152 457//380
f 721//661 481//398 722//663
f 596//560 415//567 380//303
f 723//664 663//600 724//665
f 383//306 21//11 308//666
f 474//594 700//639 614//535
f 730//667 731//668 732//669
f 497//419 694//631 643//576
f 4//37 93//61 741//670
f 162//129 354//640 304//233
f 716//656 549//585 648//584
f 493//413 369//293 733//671
f 317//245 316//244 501//672
f 706//641 35//49 33//48
f 298//227 736//673 737//674
f 510//675 738//676 386//309
f 386//309 509//677 510//675
f 123//91 739//678 558//478
f 732//669 727//679 230//434
f 715//655 137//108 741//670
f 93//61 715//655 741//670
f 712//680 701//681 710//682
f 743//683 744//684 745//685
f 746//686 747//687 748//688
f 263//202 150//632 219//203
f 732//669 230//434 730//667
f 394//573 154//119 474//594
f 638//568 616//547 700//639
f 727//679 122//90 230//434
f 720//689 195//653 194//365
f 714//654 704//690 374//298
f 750//691 479//582 665//603
f 43//19 777//692 751//693
f 405//328 355//278 612//533
f 273//211 2//2 80//109
f 67//35 4//37 89//58
f 749//694 728//695 755//696
f 304//233 354//640 34//47
f 58//601 705//662 125//94
f 90//59 968//116 143//110
f 756//697 757//698 675//609
f 124//92 23//111 143//110
f 385//320 695//699 197//147
f 730//667 753//700 758//701
f 602//516 759//702 603//626
f 546//518 749//694 755//696
f 760//703 603//626 761//704
f 548//657 754//705 549//585
f 762//706 182//142 763//707
f 546//518 755//696 547//519
f 286//221 341//270 379//302
f 705//662 23//111 125//94
f 464//708 720//689 443//364
f 548//657 730//667 754//705
f 486//404 766//709 767//710
f 474//594 638//568 700//639
f 1//1 376//3 196//146
f 386//309 727//679 732//669
f 603//626 632//556 604//515
f 771//711 772//712 773//713
f 758//701 729//714 728//695
f 45//21 44//20 683//618
f 735//715 777//692 734//716
f 764//717 778//718 765//719
f 140//105 780//720 486//404
f 603//626 760//703 632//556
f 407//634 35//49 706//641
f 249//187 131//100 740//721
f 547//519 755//696 447//370
f 730//667 230//434 236//180
f 414//334 205//153 398//318
f 488//406 140//105 486//404
f 182//142 130//99 129//98
f 129//98 763//707 182//142
f 179//139 121//89 211//157
f 184//722 4//37 741//670
f 723//664 782//723 663//600
f 548//657 742//724 731//668
f 211//157 155//477 166//158
f 219//203 706//641 201//152
f 509//677 386//309 732//669
f 272//210 714//654 374//298
f 703//725 68//659 374//298
f 623//544 677//614 207//155
f 291//253 450//383 269//281
f 381//304 380//303 415//567
f 718//726 656//592 630//727
f 663//600 447//370 430//369
f 408//412 494//414 649//728
f 300//229 61//649 713//652
f 754//705 758//701 728//695
f 742//724 732//669 731//668
f 723//664 724//665 765//719
f 786//729 495//417 787//730
f 509//677 732//669 742//724
f 422//339 385//320 375//299
f 219//203 150//632 407//634
f 219//203 407//634 706//641
f 376//3 375//299 196//146
f 730//667 236//180 753//700
f 456//570 597//586 573//613
f 605//517 549//585 749//694
f 354//640 201//152 706//641
f 218//201 219//203 201//152
f 605//517 749//694 546//518
f 464//708 443//364 707//643
f 782//723 547//519 663//600
f 357//321 20//10 161//128
f 123//91 558//478 155//477
f 516//440 790//731 791//732
f 775//733 578//500 597//586
f 775//733 266//206 578//500
f 454//734 166//158 155//477
f 765//719 789//735 723//664
f 749//694 549//585 728//695
f 753//700 793//736 758//701
f 272//210 376//3 2//2
f 261//199 697//737 416//660
f 754//705 730//667 758//701
f 273//211 272//210 2//2
f 668//604 332//446 654//738
f 766//709 794//739 795//740
f 399//319 633//558 336//566
f 333//552 582//503 654//738
f 549//585 754//705 728//695
f 548//657 731//668 730//667
f 273//211 49//208 272//210
f 210//156 266//206 775//733
f 633//558 626//548 645//578
f 797//741 58//601 796//742
f 797//741 705//662 58//601
f 456//570 775//733 597//586
f 210//156 347//348 266//206
f 798//743 44//20 794//739
f 382//305 664//602 380//303
f 321//254 323//256 483//555
f 415//567 638//568 416//660
f 192//250 228//171 535//462
f 380//303 594//511 596//560
f 381//304 697//737 382//305
f 553//472 399//319 336//566
f 574//599 668//604 568//490
f 667//605 216//238 356//499
f 210//156 775//733 456//570
f 332//446 333//552 654//738
f 196//146 385//320 197//147
f 766//709 795//740 767//710
f 633//558 399//319 626//548
f 668//604 654//738 667//605
f 356//499 216//238 27//15
f 800//744 547//519 782//723
f 174//619 332//446 668//604
f 351//294 493//413 326//260
f 794//739 44//20 801//745
f 654//738 582//503 667//605
f 211//157 210//156 456//570
f 667//605 582//503 216//238
f 42//46 84//53 127//96
f 803//746 317//245 501//672
f 16//75 17//74 645//578
f 7//4 756//697 8//5
f 34//47 127//96 305//234
f 371//295 402//325 297//326
f 802//747 35//49 151//633
f 802//747 9//6 35//49
f 744//684 414//334 804//748
f 452//376 671//606 217//394
f 472//393 622//542 110//76
f 587//504 26//14 25//13
f 452//376 669//749 671//606
f 259//197 268//280 661//597
f 110//76 358//750 666//751
f 33//48 79//45 34//47
f 669//749 670//752 671//606
f 670//752 805//753 671//606
f 671//606 805//753 25//13
f 25//13 805//753 587//504
f 311//239 671//606 25//13
f 805//753 468//388 587//504
f 84//53 85//55 62//32
f 806//754 805//753 670//752
f 805//753 806//754 468//388
f 806//754 807//755 468//388
f 807//755 331//267 468//388
f 573//613 657//593 331//267
f 573//613 331//267 807//755
f 456//570 573//613 807//755
f 63//33 68//659 75//756
f 92//60 3//36 701//681
f 808//757 806//754 670//752
f 660//596 808//757 670//752
f 808//757 807//755 806//754
f 807//755 808//757 456//570
f 90//59 24//343 685//758
f 710//682 701//681 3//36
f 74//40 80//109 137//108
f 527//458 710//682 3//36
f 609//529 809//759 599//527
f 808//757 180//140 456//570
f 435//355 28//433 424//342
f 110//76 622//542 17//74
f 501//672 316//244 145//85
f 151//633 673//760 802//747
f 32//761 85//55 41//54
f 737//674 55//27 298//227
f 722//663 481//398 130//99
f 95//63 119//86 120//88
f 421//338 62//32 696//762
f 421//338 63//33 62//32
f 251//189 378//301 314//242
f 9//6 36//95 35//49
f 16//75 810//763 110//76
f 63//33 422//339 68//659
f 59//28 126//174 15//124
f 8//5 91//610 32//761
f 511//432 29//431 812//764
f 813//765 64//34 814//766
f 36//95 8//5 31//392
f 815//767 804//748 231//186
f 110//76 810//763 358//750
f 40//50 79//45 33//48
f 31//392 41//54 79//45
f 57//366 98//159 97//580
f 745//685 126//174 811//768
f 816//769 13//9 408//412
f 695//699 421//338 696//762
f 103//68 818//770 756//697
f 62//32 64//34 84//53
f 815//767 126//174 745//685
f 35//49 407//634 151//633
f 684//771 490//409 345//272
f 253//191 647//581 251//189
f 98//159 403//772 73//38
f 358//750 69//773 108//72
f 119//86 814//766 106//87
f 810//763 72//774 358//750
f 819//775 104//69 802//747
f 804//748 251//189 231//186
f 73//38 403//772 48//39
f 814//766 810//763 106//87
f 815//767 231//186 126//174
f 120//88 96//64 95//63
f 64//34 72//774 810//763
f 72//774 63//33 75//756
f 32//761 86//57 85//55
f 120//88 106//87 96//64
f 804//748 252//190 251//189
f 292//224 163//352 409//379
f 231//186 251//189 314//242
f 271//209 714//654 272//210
f 666//751 108//72 128//97
f 813//765 814//766 820//776
f 708//644 816//769 821//777
f 162//129 161//128 457//380
f 64//34 63//33 72//774
f 744//684 804//748 815//767
f 147//114 569//493 193//475
f 773//713 822//778 823//779
f 666//751 358//750 108//72
f 15//124 5//29 46//125
f 804//748 414//334 252//190
f 354//640 33//48 34//47
f 166//158 824//780 347//348
f 665//603 480//510 380//303
f 454//734 824//780 166//158
f 826//781 675//609 757//698
f 104//69 9//6 802//747
f 814//766 64//34 810//763
f 695//699 385//320 421//338
f 824//780 264//204 347//348
f 422//339 421//338 385//320
f 72//774 75//756 358//750
f 8//5 36//95 9//6
f 206//154 205//153 209//284
f 251//189 647//581 378//301
f 684//771 524//450 265//205
f 828//782 684//771 265//205
f 28//433 435//355 698//636
f 358//750 75//756 69//773
f 84//53 64//34 813//765
f 830//783 828//782 264//204
f 828//782 265//205 264//204
f 649//728 181//141 770//784
f 476//635 676//611 698//636
f 454//734 831//785 824//780
f 84//53 813//765 127//96
f 264//204 824//780 830//783
f 454//734 557//476 831//785
f 8//5 32//761 31//392
f 231//186 314//242 10//30
f 315//243 314//242 397//317
f 744//684 815//767 745//685
f 553//472 336//566 253//191
f 126//174 51//23 811//768
f 649//728 494//414 181//141
f 103//68 819//775 832//786
f 112//78 339//590 662//598
f 106//87 810//763 16//75
f 833//787 828//782 830//783
f 833//787 684//771 828//782
f 744//684 168//788 414//334
f 820//776 814//766 119//86
f 733//671 481//398 721//661
f 831//785 834//789 824//780
f 824//780 834//789 830//783
f 833//787 489//407 684//771
f 684//771 489//407 490//409
f 666//751 128//97 110//76
f 557//476 835//411 831//785
f 834//789 833//787 830//783
f 437//430 70//179 526//453
f 228//171 227//170 535//462
f 5//29 126//174 231//186
f 71//215 404//327 526//453
f 831//785 835//411 834//789
f 707//643 443//364 57//366
f 7//4 103//68 756//697
f 768//790 762//706 763//707
f 31//392 32//761 41//54
f 476//635 436//357 475//395
f 494//414 493//413 733//671
f 835//411 232//403 834//789
f 500//422 489//407 833//787
f 676//611 28//433 698//636
f 834//789 232//403 833//787
f 526//453 521//444 437//430
f 97//580 98//159 74//40
f 486//404 767//710 487//405
f 489//407 500//422 455//408
f 314//242 378//301 341//270
f 819//775 103//68 104//69
f 500//422 198//149 455//408
f 266//206 347//348 264//204
f 1//1 522//445 138//103
f 232//403 500//422 833//787
f 252//190 553//472 253//191
f 36//95 31//392 40//50
f 836//791 488//406 613//534
f 250//188 562//481 561//480
f 11//7 13//9 708//644
f 13//9 816//769 708//644
f 507//428 521//444 478//449
f 458//386 431//349 840//792
f 432//350 458//386 453//378
f 171//133 220//164 169//131
f 300//229 841//793 842//794
f 650//795 843//796 678//797
f 518//436 337//457 342//340
f 451//798 449//373 444//367
f 369//293 297//326 817//799
f 289//800 288//801 788//802
f 86//57 32//761 91//610
f 438//360 844//803 440//361
f 292//224 525//452 404//327
f 316//244 306//235 145//85
f 844//803 506//427 515//438
f 518//436 513//435 485//402
f 645//578 626//548 16//75
f 840//792 431//349 405//328
f 369//293 368//292 297//326
f 502//423 844//803 438//360
f 444//367 463//804 451//798
f 515//438 837//805 844//803
f 416//660 638//568 392//488
f 86//57 675//609 849//806
f 100//67 102//66 850//807
f 152//117 650//795 678//797
f 853//808 651//809 851//810
f 453//378 485//402 460//381
f 444//367 460//381 463//804
f 338//451 337//457 518//436
f 837//805 507//428 469//389
f 740//721 482//399 855//811
f 740//721 855//811 839//812
f 313//241 11//7 708//644
f 502//423 506//427 844//803
f 28//433 530//461 424//342
f 542//464 405//328 612//533
f 503//424 502//423 451//798
f 507//428 473//396 469//389
f 306//235 160//127 162//129
f 837//805 440//361 844//803
f 394//573 474//594 393//415
f 816//769 649//728 821//777
f 513//435 848//813 463//804
f 482//399 817//799 855//811
f 86//57 849//806 856//814
f 857//815 108//72 69//773
f 234//176 221//165 235//177
f 289//800 357//321 634//637
f 557//476 858//816 835//411
f 675//609 86//57 91//610
f 859//817 99//70 860//818
f 502//423 504//425 506//427
f 471//391 485//402 453//378
f 171//133 170//132 847//819
f 408//412 13//9 326//260
f 840//792 405//328 655//591
f 649//728 770//784 821//777
f 499//421 512//447 485//402
f 296//820 297//326 389//312
f 326//260 493//413 408//412
f 513//435 463//804 485//402
f 656//592 655//591 541//463
f 235//177 861//821 881//822
f 518//436 485//402 512//447
f 276//371 275//823 862//824
f 235//177 221//165 861//821
f 859//817 860//818 863//825
f 513//435 503//424 848//813
f 111//77 459//387 840//792
f 171//133 866//826 861//821
f 107//71 99//70 859//817
f 296//820 817//799 297//326
f 617//538 285//827 672//630
f 542//464 611//532 630//727
f 362//287 361//286 54//26
f 867//828 868//829 361//286
f 463//804 848//813 451//798
f 850//807 109//73 871//830
f 617//538 672//630 218//201
f 561//480 131//100 250//188
f 875//831 870//832 522//445
f 360//285 867//828 361//286
f 700//639 624//546 614//535
f 99//70 850//807 860//818
f 867//828 762//706 768//790
f 525//452 292//224 409//379
f 107//71 859//817 776//833
f 141//106 836//791 876//834
f 850//807 871//830 864//835
f 596//560 616//547 415//567
f 851//810 651//809 852//836
f 503//424 451//798 848//813
f 451//798 438//360 449//373
f 866//826 171//133 847//819
f 874//837 838//838 821//777
f 100//67 850//807 99//70
f 24//343 877//839 685//758
f 878//840 825//841 685//758
f 393//415 136//543 206//154
f 860//818 850//807 864//835
f 704//690 703//725 374//298
f 458//386 471//391 453//378
f 360//285 879//842 867//828
f 879//842 762//706 867//828
f 220//164 171//133 221//165
f 109//73 108//72 857//815
f 697//737 719//658 416//660
f 877//839 878//840 685//758
f 733//671 369//293 817//799
f 139//104 141//106 876//834
f 705//662 881//822 877//839
f 453//378 460//381 448//372
f 882//843 762//706 879//842
f 655//591 112//78 111//77
f 877//839 866//826 878//840
f 878//840 712//680 825//841
f 502//423 438//360 451//798
f 541//463 542//464 656//592
f 111//77 840//792 655//591
f 83//844 829//845 872//846
f 111//77 113//79 459//387
f 650//795 152//117 159//123
f 881//822 705//662 797//741
f 881//822 866//826 877//839
f 689//623 579//528 44//20
f 515//438 507//428 837//805
f 857//815 68//659 703//725
f 458//386 432//350 431//349
f 750//691 676//611 479//582
f 131//100 561//480 129//98
f 871//830 109//73 857//815
f 69//773 68//659 857//815
f 882//843 183//143 762//706
f 55//27 293//847 299//228
f 75//756 68//659 69//773
f 887//848 875//831 888//849
f 221//165 171//133 861//821
f 797//741 796//742 881//822
f 142//850 44//20 43//19
f 541//463 655//591 405//328
f 579//528 689//623 609//529
f 460//381 485//402 463//804
f 662//598 113//79 112//78
f 119//86 530//461 820//776
f 459//387 458//386 840//792
f 129//98 561//480 763//707
f 768//790 868//829 867//828
f 464//708 860//818 720//689
f 871//830 703//725 195//653
f 857//815 703//725 871//830
f 515//438 521//444 507//428
f 432//350 453//378 433//351
f 440//361 837//805 469//389
f 892//851 132//101 776//833
f 850//807 102//66 109//73
f 866//826 847//819 878//840
f 878//840 847//819 884//852
f 894//853 860//818 464//708
f 864//835 195//653 720//689
f 20//10 22//12 200//151
f 119//86 95//63 530//461
f 345//272 524//450 684//771
f 683//618 579//528 599//527
f 141//106 488//406 836//791
f 142//850 801//745 44//20
f 881//822 861//821 866//826
f 28//433 511//432 530//461
f 860//818 864//835 720//689
f 864//835 871//830 195//653
f 672//630 895//854 150//632
f 898//855 899//856 900//857
f 132//101 149//135 133//102
f 669//749 452//376 903//858
f 83//844 904//859 725//860
f 481//398 733//671 482//399
f 285//827 906//861 284//862
f 103//68 832//786 907//863
f 642//575 908//864 909//865
f 275//823 276//371 447//370
f 284//862 906//861 907//863
f 818//770 103//68 907//863
f 910//866 911//867 285//827
f 308//666 910//866 285//827
f 285//827 911//867 906//861
f 906//861 912//868 907//863
f 443//364 720//689 194//365
f 756//697 818//770 757//698
f 911//867 912//868 906//861
f 907//863 914//869 818//770
f 818//770 914//869 757//698
f 912//868 914//869 907//863
f 195//653 704//690 714//654
f 912//868 826//781 914//869
f 877//839 24//343 705//662
f 288//801 910//866 442//363
f 748//688 901//870 902//871
f 441//362 788//802 442//363
f 826//781 757//698 914//869
f 560//479 763//707 561//480
f 915//872 299//228 293//847
f 788//802 288//801 442//363
f 890//873 921//874 822//778
f 921//874 823//779 822//778
f 908//864 923//875 890//873
f 751//693 773//713 924//876
f 925//877 826//781 912//868
f 911//867 925//877 912//868
f 896//878 926//879 902//871
f 923//875 921//874 890//873
f 928//880 801//745 921//874
f 142//850 924//876 823//779
f 826//781 929//881 675//609
f 801//745 823//779 921//874
f 476//635 475//395 676//611
f 56//642 57//366 646//579
f 927//882 83//844 725//860
f 901//870 896//878 902//871
f 142//850 823//779 801//745
f 930//883 925//877 911//867
f 748//688 902//871 462//884
f 642//575 931//885 923//875
f 908//864 642//575 923//875
f 923//875 487//405 921//874
f 142//850 751//693 924//876
f 925//877 929//881 826//781
f 130//99 481//398 131//100
f 70//179 71//215 526//453
f 188//145 687//621 170//132
f 921//874 487//405 928//880
f 910//866 930//883 911//867
f 477//416 507//428 478//449
f 932//886 335//887 496//418
f 878//840 884//852 712//680
f 884//852 701//681 712//680
f 931//885 487//405 923//875
f 487//405 767//710 928//880
f 928//880 795//740 801//745
f 925//877 930//883 929//881
f 889//888 495//417 497//419
f 642//575 641//574 931//885
f 928//880 767//710 795//740
f 34//47 305//234 304//233
f 933//889 934//890 1092//891
f 289//800 935//892 288//801
f 936//893 335//887 932//886
f 936//893 334//651 335//887
f 913//894 641//574 686//620
f 931//885 641//574 613//534
f 289//800 634//637 935//892
f 935//892 910//866 288//801
f 930//883 910//866 935//892
f 932//886 38//17 936//893
f 764//717 674//608 938//895
f 60//650 913//894 686//620
f 931//885 613//534 487//405
f 930//883 939//896 929//881
f 940//897 750//691 937//898
f 679//899 940//897 937//898
f 941//900 334//651 936//893
f 37//16 736//673 298//227
f 262//200 416//660 392//488
f 494//414 733//671 721//661
f 939//896 849//806 929//881
f 929//881 849//806 675//609
f 941//900 936//893 38//17
f 194//365 714//654 271//209
f 634//637 699//638 935//892
f 817//799 482//399 733//671
f 641//574 836//791 613//534
f 858//816 942//901 943//902
f 816//769 408//412 649//728
f 884//852 946//903 701//681
f 361//286 868//829 54//26
f 57//366 194//365 403//772
f 646//579 57//366 97//580
f 554//473 659//595 38//17
f 659//595 941//900 38//17
f 876//834 641//574 913//894
f 876//834 836//791 641//574
f 722//663 130//99 182//142
f 721//661 722//663 182//142
f 721//661 182//142 181//141
f 943//902 942//901 897//904
f 482//399 740//721 131//100
f 930//883 948//905 939//896
f 57//366 403//772 98//159
f 376//3 272//210 374//298
f 60//650 876//834 913//894
f 942//901 905//906 897//904
f 945//907 949//908 853//808
f 777//692 735//715 771//711
f 48//39 194//365 49//208
f 29//431 676//611 940//897
f 941//900 713//652 334//651
f 49//208 194//365 271//209
f 950//909 951//910 952//627
f 48//39 80//109 74//40
f 699//638 953//911 935//892
f 849//806 939//896 948//905
f 148//115 110//76 128//97
f 105//308 530//461 95//63
f 954//912 955//913 956//914
f 809//759 917//915 916//916
f 803//746 699//638 317//245
f 948//905 957//917 849//806
f 935//892 948//905 930//883
f 898//855 593//918 899//856
f 956//914 752//919 652//920
f 811//768 958//921 959//922
f 527//458 712//680 710//682
f 803//746 953//911 699//638
f 948//905 935//892 953//911
f 29//431 28//433 676//611
f 812//764 679//899 843//796
f 685//758 527//458 90//59
f 961//923 962//924 963//925
f 938//895 889//888 960//926
f 964//927 896//878 901//870
f 803//746 888//849 953//911
f 29//431 679//899 812//764
f 825//841 712//680 527//458
f 949//908 955//913 954//912
f 903//858 783//928 966//929
f 692//628 846//930 967//931
f 685//758 825//841 527//458
f 93//61 92//60 715//655
f 809//759 899//856 683//618
f 693//629 692//628 967//931
f 969//932 899//856 809//759
f 134//933 792//934 135//935
f 183//143 182//142 762//706
f 841//793 970//936 854//937
f 945//907 971//938 944//939
f 949//908 972//940 955//913
f 888//849 973//941 953//911
f 957//917 948//905 953//911
f 795//740 794//739 801//745
f 299//228 915//872 974//942
f 972//940 968//116 955//913
f 955//913 975//943 956//914
f 975//943 752//919 956//914
f 976//944 977//945 752//919
f 735//715 725//860 781//946
f 957//917 856//814 849//806
f 277//947 971//938 945//907
f 949//908 944//939 972//940
f 968//116 975//943 955//913
f 777//692 43//19 45//21
f 725//860 735//715 927//882
f 875//831 973//941 888//849
f 953//911 973//941 957//917
f 868//829 915//872 293//847
f 974//942 841//793 978//948
f 970//936 979//949 980//950
f 278//951 971//938 277//947
f 971//938 30//56 944//939
f 835//411 747//687 82//52
f 777//692 45//21 592//952
f 522//445 973//941 875//831
f 856//814 957//917 973//941
f 277//947 980//950 979//949
f 454//734 155//477 557//476
f 972//940 143//110 968//116
f 975//943 89//58 752//919
f 89//58 184//722 752//919
f 184//722 976//944 752//919
f 981//953 900//857 899//856
f 682//617 681//616 982//954
f 868//829 293//847 54//26
f 974//942 970//936 841//793
f 944//939 124//92 972//940
f 256//194 984//955 254//192
f 965//956 922//957 387//310
f 985//958 973//941 522//445
f 880//959 812//764 983//960
f 562//481 970//936 974//942
f 30//56 18//43 944//939
f 944//939 18//43 124//92
f 976//944 184//722 256//194
f 256//194 741//670 984//955
f 197//147 985//958 522//445
f 985//958 856//814 973//941
f 820//776 812//764 880//959
f 820//776 511//432 812//764
f 820//776 530//461 511//432
f 86//57 856//814 62//32
f 970//936 562//481 979//949
f 971//938 186//491 30//56
f 968//116 89//58 975//943
f 137//108 81//107 984//955
f 81//107 138//103 870//832
f 138//103 522//445 870//832
f 696//762 856//814 985//958
f 560//479 974//942 915//872
f 560//479 562//481 974//942
f 197//147 695//699 985//958
f 695//699 696//762 985//958
f 768//790 915//872 868//829
f 876//834 61//649 139//104
f 4//37 184//722 89//58
f 741//670 137//108 984//955
f 132//101 107//71 776//833
f 403//772 194//365 48//39
f 195//653 703//725 704//690
f 763//707 915//872 768//790
f 915//872 763//707 560//479
f 140//105 488//406 141//106
f 972//940 124//92 143//110
f 184//722 741//670 256//194
f 872//846 965//956 963//925
f 673//760 819//775 802//747
f 809//759 683//618 599//527
f 781//946 725//860 726//961
f 150//632 895//854 673//760
f 151//633 150//632 673//760
f 60//650 686//620 334//651
f 479//582 480//510 665//603
f 317//245 357//321 160//127
f 963//925 962//924 83//844
f 922//957 965//956 872//846
f 236//180 237//181 986//962
f 987//963 988//964 989//965
f 986//962 793//736 236//180
f 922//957 122//90 388//311
f 739//678 122//90 922//957
f 990//966 950//909 952//627
f 742//724 548//657 779//967
f 905//906 991//968 897//904
f 991//968 905//906 829//845
f 992//969 969//932 916//916
f 963//925 965//956 961//923
f 942//901 774//970 905//906
f 557//476 942//901 858//816
f 905//906 873//971 829//845
f 959//922 993//972 994//973
f 986//962 995//974 793//736
f 895//854 819//775 673//760
f 558//478 739//678 774//970
f 493//413 351//294 369//293
f 934//890 996//975 1092//891
f 964//927 858//816 943//902
f 829//845 873//971 872//846
f 841//793 300//229 978//948
f 873//971 922//957 872//846
f 386//309 388//311 727//679
f 735//715 781//946 771//711
f 885//976 893//977 886//978
f 966//929 995//974 986//962
f 50//22 747//687 746//686
f 995//974 783//928 793//736
f 726//961 725//860 904//859
f 982//954 681//616 997//979
f 52//24 82//52 50//22
f 943//902 896//878 964//927
f 905//906 774//970 873//971
f 237//181 966//929 986//962
f 157//121 784//980 176//136
f 893//977 885//976 898//855
f 746//686 748//688 900//857
f 305//234 127//96 813//765
f 998//981 305//234 813//765
f 83//844 962//924 904//859
f 964//927 901//870 747//687
f 982//954 997//979 999//982
f 899//856 592//952 683//618
f 982//954 999//982 1000//983
f 462//884 893//977 900//857
f 21//11 442//363 308//666
f 813//765 820//776 998//981
f 998//981 1001//984 305//234
f 904//859 962//924 726//961
f 792//934 134//933 947//985
f 820//776 880//959 998//981
f 880//959 983//960 998//981
f 983//960 1001//984 998//981
f 1001//984 146//113 305//234
f 497//419 1002//986 889//888
f 334//651 686//620 335//887
f 811//768 992//969 958//921
f 981//953 50//22 746//686
f 592//952 899//856 593//918
f 781//946 726//961 947//985
f 748//688 462//884 900//857
f 900//857 893//977 898//855
f 637//564 862//824 165//130
f 1001//984 270//456 146//113
f 927//882 734//716 885//976
f 992//969 981//953 969//932
f 895//854 672//630 285//827
f 154//119 394//573 159//123
f 237//181 660//596 966//929
f 637//564 276//371 862//824
f 916//916 969//932 809//759
f 926//879 893//977 462//884
f 902//871 926//879 462//884
f 270//456 1003//987 146//113
f 1004//988 1012//989 1005//990
f 167//455 359//282 209//284
f 903//858 452//376 783//928
f 947//985 772//712 771//711
f 134//933 772//712 947//985
f 417//589 393//415 615//537
f 236//180 793//736 753//700
f 669//749 903//858 670//752
f 262//200 261//199 416//660
f 845//991 1006//992 117//83
f 359//282 270//456 1001//984
f 958//921 992//969 916//916
f 993//972 958//921 916//916
f 1007//993 991//968 829//845
f 657//593 330//268 331//267
f 960//926 889//888 1002//986
f 747//687 901//870 748//688
f 845//991 1008//994 1006//992
f 1008//994 1009//995 1006//992
f 694//631 497//419 335//887
f 835//411 964//927 747//687
f 771//711 773//713 751//693
f 1010//996 792//934 726//961
f 811//768 959//922 745//685
f 1011//997 845//991 144//112
f 1003//987 1011//997 144//112
f 808//757 660//596 180//140
f 167//455 168//788 1003//987
f 1012//989 1009//995 1008//994
f 388//311 387//310 922//957
f 1011//997 1008//994 845//991
f 792//934 947//985 726//961
f 660//596 670//752 903//858
f 969//932 981//953 899//856
f 414//334 168//788 167//455
f 168//788 743//683 1011//997
f 1003//987 168//788 1011//997
f 51//23 50//22 981//953
f 783//928 176//136 784//980
f 51//23 981//953 992//969
f 50//22 82//52 747//687
f 783//928 452//376 176//136
f 388//311 122//90 727//679
f 746//686 900//857 981//953
f 744//684 743//683 168//788
f 743//683 1013//998 1011//997
f 1011//997 1013//998 1008//994
f 771//711 781//946 947//985
f 51//23 992//969 811//768
f 774//970 739//678 873//971
f 29//431 940//897 679//899
f 1014//999 170//132 687//621
f 359//282 1001//984 467//1000
f 835//411 858//816 964//927
f 338//451 518//436 512//447
f 1015//1001 1012//989 1008//994
f 872//846 963//925 83//844
f 942//901 558//478 774//970
f 1013//998 1015//1001 1008//994
f 1015//1001 1005//990 1012//989
f 916//916 917//915 993//972
f 468//388 329//266 587//504
f 743//683 994//973 1013//998
f 557//476 558//478 942//901
f 777//692 771//711 751//693
f 896//878 897//904 926//879
f 999//982 997//979 1016//1002
f 959//922 958//921 993//972
f 926//879 897//904 1007//993
f 335//887 686//620 694//631
f 873//971 739//678 922//957
f 1015//1001 917//915 1005//990
f 917//915 609//529 1005//990
f 943//902 897//904 896//878
f 660//596 903//858 966//929
f 993//972 1013//998 994//973
f 993//972 1015//1001 1013//998
f 299//228 974//942 978//948
f 783//928 995//974 966//929
f 743//683 745//685 994//973
f 940//897 676//611 750//691
f 1016//1002 997//979 1017//1003
f 959//922 994//973 745//685
f 750//691 665//603 664//602
f 526//453 404//327 478//449
f 961//923 965//956 738//676
f 993//972 917//915 1015//1001
f 927//882 829//845 83//844
f 956//914 652//920 651//809
f 752//919 977//945 652//920
f 65//1004 977//945 66//1005
f 652//920 977//945 65//1004
f 12//8 312//240 352//279
f 889//888 799//1006 495//417
f 869//1007 1018//1008 255//193
f 156//120 784//980 157//121
f 1018//1008 875//831 887//848
f 156//120 1020//1009 784//980
f 300//229 299//228 978//948
f 165//130 1021//1010 156//120
f 114//80 1022//1011 658//1012
f 945//907 853//808 1023//1013
f 617//538 383//306 308//666
f 1021//1010 1020//1009 156//120
f 983//960 1025//1014 467//1000
f 165//130 862//824 1021//1010
f 1020//1009 793//736 783//928
f 1019//1015 865//1016 1004//988
f 691//625 1026//1017 852//836
f 1012//989 1004//988 1009//995
f 1021//1010 729//714 1020//1009
f 729//714 758//701 1020//1009
f 799//1006 889//888 674//608
f 887//848 501//672 145//85
f 664//602 937//898 750//691
f 885//976 593//918 898//855
f 1020//1009 758//701 793//736
f 118//84 1018//1008 887//848
f 256//194 255//193 977//945
f 117//83 145//85 144//112
f 869//1007 870//832 1018//1008
f 1022//1011 114//80 116//82
f 117//83 144//112 845//991
f 1018//1008 870//832 875//831
f 275//823 1021//1010 862//824
f 827//1018 139//104 61//649
f 139//104 827//1018 140//105
f 691//625 852//836 1019//1015
f 1027//1019 1026//1017 691//625
f 144//112 146//113 1003//987
f 1026//1017 1027//1019 883//1020
f 486//404 1028//1021 766//709
f 980//950 658//1012 854//937
f 777//692 593//918 734//716
f 819//775 895//854 832//786
f 777//692 592//952 593//918
f 702//1022 1027//1019 690//624
f 1023//1013 853//808 1029//1023
f 116//82 115//81 1028//1021
f 276//371 637//564 653//588
f 609//529 1019//1015 1005//990
f 853//808 954//912 651//809
f 275//823 755//696 1021//1010
f 1021//1010 755//696 729//714
f 1005//990 1019//1015 1004//988
f 977//945 255//193 66//1005
f 650//795 159//123 208//283
f 809//759 609//529 917//915
f 501//672 888//849 803//746
f 944//939 949//908 945//907
f 394//573 208//283 159//123
f 859//817 863//825 776//833
f 277//947 658//1012 980//950
f 883//1020 1027//1019 702//1022
f 167//455 1003//987 270//456
f 997//979 681//616 1031//1024
f 548//657 716//656 779//967
f 690//624 689//623 798//743
f 255//193 118//84 66//1005
f 854//937 658//1012 1030//1025
f 304//233 306//235 162//129
f 1022//1011 1028//1021 780//720
f 854//937 842//794 841//793
f 1032//1026 782//723 723//664
f 738//676 965//956 387//310
f 1023//1013 1029//1023 115//81
f 1027//1019 691//625 690//624
f 742//724 779//967 509//677
f 651//809 65//1004 865//1016
f 1033//1027 648//584 605//517
f 924//876 773//713 823//779
f 779//967 510//675 509//677
f 726//961 962//924 1010//996
f 689//623 691//625 609//529
f 308//666 285//827 617//538
f 842//794 1030//1025 827//1018
f 1033//1027 716//656 648//584
f 945//907 1023//1013 1024//1028
f 467//1000 208//283 359//282
f 605//517 800//744 1033//1027
f 1033//1027 1034//1029 716//656
f 716//656 1035//1030 779//967
f 1035//1030 1036//1031 779//967
f 779//967 1036//1031 510//675
f 1036//1031 1037//1032 510//675
f 1037//1032 738//676 510//675
f 827//1018 1030//1025 140//105
f 718//726 630//727 681//616
f 865//1016 65//1004 1009//995
f 800//744 1038//1033 1033//1027
f 62//32 856//814 696//762
f 289//800 788//802 441//362
f 554//473 37//16 659//595
f 1034//1029 1035//1030 716//656
f 842//794 827//1018 61//649
f 1028//1021 798//743 766//709
f 1035//1030 1039//1034 1036//1031
f 738//676 387//310 386//309
f 300//229 842//794 61//649
f 658//1012 1022//1011 1030//1025
f 277//947 114//80 658//1012
f 1033//1027 1038//1033 1034//1029
f 1032//1026 1040//1035 782//723
f 782//723 1040//1035 800//744
f 800//744 1040//1035 1038//1033
f 1010//996 961//923 738//676
f 751//693 142//850 43//19
f 783//928 784//980 1020//1009
f 951//910 1041//1036 1042//646
f 1024//1028 115//81 114//80
f 1040//1035 1043//1037 1038//1033
f 1038//1033 1044//1038 1034//1029
f 1044//1038 1035//1030 1034//1029
f 1018//1008 118//84 255//193
f 37//16 298//227 300//229
f 976//944 256//194 977//945
f 1045//1039 1037//1032 1039//1034
f 1039//1034 1037//1032 1036//1031
f 1046//1040 1010//996 738//676
f 1032//1026 1047//1041 1040//1035
f 1040//1035 1047//1041 1043//1037
f 1035//1030 1048//1042 1039//1034
f 1038//1033 1043//1037 1044//1038
f 1035//1030 1044//1038 1048//1042
f 1039//1034 1048//1042 1045//1039
f 1037//1032 1046//1040 738//676
f 393//415 417//589 136//543
f 1032//1026 1049//1043 1047//1041
f 1048//1042 1050//1044 1045//1039
f 1030//1025 780//720 140//105
f 812//764 843//796 983//960
f 1045//1039 1051//1045 1037//1032
f 1037//1032 1051//1045 1046//1040
f 348//276 296//820 389//312
f 547//519 800//744 605//517
f 869//1007 984//955 870//832
f 961//923 1010//996 962//924
f 1043//1037 1052//1046 1044//1038
f 1044//1038 1053//1047 1048//1042
f 852//836 651//809 865//1016
f 766//709 798//743 794//739
f 638//568 474//594 392//488
f 1032//1026 789//735 1049//1043
f 1047//1041 1052//1046 1043//1037
f 659//595 300//229 713//652
f 886//978 1007//993 927//882
f 886//978 926//879 1007//993
f 1025//1014 983//960 843//796
f 1047//1041 1054//1048 1052//1046
f 1052//1046 1053//1047 1044//1038
f 1053//1047 1055//1049 1048//1042
f 1056//1050 1010//996 1046//1040
f 798//743 689//623 44//20
f 897//904 991//968 1007//993
f 1055//1049 1050//1044 1048//1042
f 1045//1039 1057//1051 1051//1045
f 39//18 736//673 37//16
f 1052//1046 1055//1049 1053//1047
f 893//977 926//879 886//978
f 927//882 1007//993 829//845
f 883//1020 852//836 1026//1017
f 1051//1045 1056//1050 1046//1040
f 116//82 1028//1021 1022//1011
f 1025//1014 843//796 650//795
f 447//370 755//696 275//823
f 1029//1023 702//1022 115//81
f 765//719 778//718 789//735
f 1059//1052 1045//1039 1050//1044
f 1045//1039 1059//1052 1057//1051
f 1051//1045 1057//1051 1056//1050
f 135//935 1010//996 1056//1050
f 885//976 886//978 927//882
f 1052//1046 1060//1053 1055//1049
f 135//935 1056//1050 1058//1054
f 1054//1048 1060//1053 1052//1046
f 1057//1051 1058//1054 1056//1050
f 254//192 984//955 869//1007
f 1028//1021 702//1022 798//743
f 118//84 887//848 145//85
f 1054//1048 1061//1055 1060//1053
f 1060//1053 1062//1056 1055//1049
f 1055//1049 1062//1056 1050//1044
f 1030//1025 1022//1011 780//720
f 1049//1043 1061//1055 1047//1041
f 1047//1041 1061//1055 1054//1048
f 1061//1055 1063//1057 1060//1053
f 1062//1056 1059//1052 1050//1044
f 887//848 888//849 501//672
f 854//937 1030//1025 842//794
f 734//716 593//918 885//976
f 1025//1014 650//795 467//1000
f 1004//988 865//1016 1009//995
f 1009//995 65//1004 1006//992
f 1062//1056 1066//1058 1059//1052
f 1059//1052 1066//1058 1057//1051
f 889//888 938//895 674//608
f 865//1016 1019//1015 852//836
f 778//718 938//895 789//735
f 789//735 938//895 1049//1043
f 1060//1053 1063//1057 1062//1056
f 1057//1051 1065//1059 1058//1054
f 1058//1054 1065//1059 135//935
f 702//1022 690//624 798//743
f 1010//996 135//935 792//934
f 1064//1060 1065//1059 1057//1051
f 150//632 263//202 672//630
f 735//715 734//716 927//882
f 1063//1057 1066//1058 1062//1056
f 1066//1058 1067//1061 1057//1051
f 883//1020 851//810 852//836
f 316//244 160//127 306//235
f 496//418 786//729 932//886
f 261//199 382//305 697//737
f 938//895 960//926 1049//1043
f 1068//1062 1061//1055 1049//1043
f 1002//986 1068//1062 1049//1043
f 1065//1059 134//933 135//935
f 612//533 611//532 542//464
f 651//809 652//920 65//1004
f 711//648 1069//1063 680//615
f 1049//1043 960//926 1002//986
f 1057//1051 1067//1061 1064//1060
f 910//866 308//666 442//363
f 678//797 843//796 679//899
f 1069//1063 681//616 680//615
f 853//808 949//908 954//912
f 1068//1062 1063//1057 1061//1055
f 1063//1057 1070//1064 1066//1058
f 851//810 883//1020 1029//1023
f 717//1065 661//597 363//288
f 1066//1058 1070//1064 1067//1061
f 691//625 1019//1015 609//529
f 284//862 895//854 285//827
f 1071//1066 1072//1067 1073//1068
f 937//898 382//305 261//199
f 1068//1062 1074//1069 1063//1057
f 1074//1069 1070//1064 1063//1057
f 945//907 1024//1028 277//947
f 853//808 851//810 1029//1023
f 1075//1070 937//898 261//199
f 937//898 664//602 382//305
f 1065//1059 772//712 134//933
f 254//192 869//1007 255//193
f 81//107 870//832 984//955
f 1024//1028 114//80 277//947
f 909//865 1074//1069 1068//1062
f 1070//1064 1077//1071 1067//1061
f 1023//1013 115//81 1024//1028
f 764//717 891//439 674//608
f 909//865 1068//1062 1002//986
f 1067//1061 1077//1071 1064//1060
f 1064//1060 1077//1071 1065//1059
f 879//842 360//285 1078//1072
f 755//696 728//695 729//714
f 1075//1070 261//199 153//118
f 970//936 980//950 854//937
f 115//81 702//1022 1028//1021
f 55//27 54//26 293//847
f 786//729 496//418 495//417
f 497//419 909//865 1002//986
f 1074//1069 1079//1073 1070//1064
f 1079//1073 1077//1071 1070//1064
f 1065//1059 1077//1071 772//712
f 1076//1074 770//784 181//141
f 181//141 183//143 1076//1074
f 351//294 326//260 12//8
f 497//419 643//576 909//865
f 908//864 1074//1069 909//865
f 890//873 1074//1069 908//864
f 890//873 1079//1073 1074//1069
f 118//84 117//83 1006//992
f 152//117 1075//1070 153//118
f 892//851 776//833 863//825
f 1080//1075 839//812 855//811
f 643//576 642//575 909//865
f 60//650 61//649 876//834
f 659//595 713//652 941//900
f 890//873 822//778 1079//1073
f 1077//1071 822//778 772//712
f 822//778 773//713 772//712
f 65//1004 66//1005 1006//992
f 154//119 153//118 262//200
f 678//797 1075//1070 152//117
f 678//797 679//899 937//898
f 1075//1070 678//797 937//898
f 956//914 651//809 954//912
f 1029//1023 883//1020 702//1022
f 208//283 467//1000 650//795
f 66//1005 118//84 1006//992
f 780//720 1028//1021 486//404
f 891//439 790//731 516//440
f 1017//1003 997//979 1031//1024
f 467//1000 1001//984 983//960
f 822//778 1077//1071 1079//1073
f 45//21 683//618 592//952
f 1081//1076 1082//1077 1083//1078
f 1082//1077 1084//1079 1083//1078
f 1082//1077 1085//1080 1084//1079
f 1086//1081 1087//1082 1072//1067
f 536//1083 556//612 1088//1084
f 1089//1085 1090//1086 1091//1087
f 174//619 717//1065 324//258
f 1093//1088 656//592 718//726
f 1042//646 692//628 952//627
f 1094//1089 1083//1078 1084//1079
f 1090//1086 1095//1090 1091//1087
f 847//819 170//132 1014//999
f 838//838 874//837 1096//1091
f 357//321 441//362 20//10
f 536//1083 1088//1084 1093//1088
f 357//321 289//800 441//362
f 791//732 790//731 1097//1092
f 325//259 918//1093 653//588
f 918//1093 1090//1086 1089//1085
f 1095//1090 1082//1077 1081//1076
f 1094//1089 1084//1079 1098//1094
f 989//965 1071//1066 1073//1068
f 1083//1078 1099//1095 1081//1076
f 1083//1078 1094//1089 1099//1095
f 1041//1036 1092//891 1042//646
f 250//188 1100//1096 562//481
f 653//588 918//1093 987//963
f 208//283 394//573 209//284
f 761//704 759//702 1082//1077
f 1082//1077 759//702 628//587
f 1091//1087 1095//1090 1081//1076
f 1071//1066 1101//1097 1072//1067
f 1102//1098 56//642 646//579
f 325//259 1103//1099 918//1093
f 1103//1099 1090//1086 918//1093
f 1103//1099 1095//1090 1090//1086
f 988//964 918//1093 919//1100
f 701//681 646//579 92//60
f 761//704 1082//1077 1095//1090
f 653//588 987//963 430//369
f 999//982 1016//1002 1104//1101
f 952//627 951//910 1042//646
f 574//599 661//597 717//1065
f 646//579 701//681 1102//1098
f 950//909 920//1102 951//910
f 701//681 946//903 1102//1098
f 946//903 1105//1103 1102//1098
f 628//587 536//1083 1082//1077
f 790//731 950//909 1097//1092
f 987//963 790//731 724//665
f 1102//1098 1105//1103 707//643
f 760//703 761//704 1095//1090
f 630//727 656//592 542//464
f 724//665 891//439 765//719
f 1105//1103 1106//1104 707//643
f 918//1093 988//964 987//963
f 27//15 311//239 25//13
f 990//966 693//629 791//732
f 879//842 1107//1105 882//843
f 1106//1104 894//853 707//643
f 987//963 1073//1068 790//731
f 556//612 662//598 339//590
f 990//966 952//627 693//629
f 863//825 860//818 894//853
f 1073//1068 987//963 989//965
f 77//42 796//742 19//93
f 796//742 58//601 19//93
f 946//903 1106//1104 1105//1103
f 863//825 894//853 1106//1104
f 637//564 325//259 653//588
f 770//784 874//837 821//777
f 739//678 123//91 122//90
f 1106//1104 1108//1106 863//825
f 769//1107 172//134 149//135
f 791//732 693//629 785//1108
f 516//440 791//732 785//1108
f 769//1107 571//496 172//134
f 464//708 707//643 894//853
f 707//643 56//642 1102//1098
f 1103//1099 760//703 1095//1090
f 1101//1097 1086//1081 1072//1067
f 759//702 602//516 628//587
f 838//838 709//645 708//644
f 1108//1106 892//851 863//825
f 212//647 1109//1109 711//648
f 1042//646 711//648 692//628
f 1014//999 1106//1104 946//903
f 1014//999 1108//1106 1106//1104
f 971//938 1110//1110 186//491
f 1109//1109 1069//1063 711//648
f 77//42 78//44 796//742
f 1092//891 212//647 1042//646
f 1014//999 946//903 884//852
f 556//612 339//590 1088//1084
f 603//626 759//702 761//704
f 78//44 1112//1111 796//742
f 655//591 339//590 112//78
f 687//621 1108//1106 1014//999
f 186//491 1110//1110 185//492
f 185//492 1111//1112 78//44
f 847//819 1014//999 884//852
f 1108//1106 769//1107 892//851
f 536//1083 1093//1088 1085//1080
f 933//889 1094//1089 1098//1094
f 1072//1067 1087//1082 951//910
f 1110//1110 1111//1112 185//492
f 174//619 324//258 175//257
f 430//369 724//665 663//600
f 907//863 832//786 284//862
f 769//1107 1108//1106 687//621
f 1073//1068 1072//1067 920//1102
f 149//135 132//101 892//851
f 574//599 717//1065 174//619
f 1078//1072 360//285 362//287
f 769//1107 149//135 892//851
f 53//25 362//287 54//26
f 278//951 979//949 1110//1110
f 979//949 1113//1113 1110//1110
f 1114//1114 796//742 1112//1111
f 1114//1114 881//822 796//742
f 8//5 756//697 675//609
f 55//27 737//674 53//25
f 1110//1110 1113//1113 1111//1112
f 1097//1092 950//909 990//966
f 566//487 769//1107 687//621
f 719//658 697//737 381//304
f 363//288 760//703 1103//1099
f 1111//1112 1112//1111 78//44
f 765//719 891//439 764//717
f 571//496 769//1107 566//487
f 1099//1095 1087//1082 1086//1081
f 979//949 1100//1096 1113//1113
f 1113//1113 1115//1115 1111//1112
f 1088//1084 339//590 656//592
f 1099//1095 1092//891 1087//1082
f 317//245 634//637 357//321
f 1116//1116 881//822 1114//1114
f 881//822 1116//1116 235//177
f 821//777 838//838 708//644
f 580//505 571//496 566//487
f 1078//1072 362//287 53//25
f 1112//1111 1115//1115 1114//1114
f 1081//1076 1099//1095 1117//1117
f 183//143 882//843 1076//1074
f 277//947 979//949 278//951
f 1111//1112 1115//1115 1112//1111
f 632//556 363//288 269//281
f 1116//1116 233//175 235//177
f 324//258 1103//1099 325//259
f 1118//1118 737//674 736//673
f 39//18 1118//1118 736//673
f 1118//1118 53//25 737//674
f 1078//1072 1107//1105 879//842
f 1100//1096 979//949 562//481
f 1113//1113 1119//1119 1115//1115
f 709//645 611//532 313//241
f 1107//1105 1078//1072 53//25
f 791//732 1097//1092 990//966
f 919//1100 918//1093 1089//1085
f 1094//1089 1092//891 1099//1095
f 1100//1096 1119//1119 1113//1113
f 1080//1075 1116//1116 1114//1114
f 951//910 1087//1082 1041//1036
f 668//604 574//599 174//619
f 1115//1115 1080//1075 1114//1114
f 1117//1117 1099//1095 1086//1081
f 1120//1120 53//25 1118//1118
f 1120//1120 1107//1105 53//25
f 839//812 1115//1115 1119//1119
f 839//812 1080//1075 1115//1115
f 1121//1121 301//230 1116//1116
f 1116//1116 301//230 233//175
f 632//556 760//703 363//288
f 1080//1075 1121//1121 1116//1116
f 938//895 778//718 764//717
f 38//17 1122//1122 39//18
f 1122//1122 1118//1118 39//18
f 1107//1105 1076//1074 882//843
f 770//784 1076//1074 874//837
f 259//197 258//196 268//280
f 786//729 1122//1122 932//886
f 932//886 1122//1122 38//17
f 790//731 1073//1068 920//1102
f 787//730 1122//1122 786//729
f 1123//1123 1120//1120 1118//1118
f 1107//1105 1124//1124 1076//1074
f 1122//1122 1125//1125 1118//1118
f 1120//1120 1124//1124 1107//1105
f 1124//1124 874//837 1076//1074
f 855//811 1121//1121 1080//1075
f 1121//1121 318//246 301//230
f 495//417 799//1006 787//730
f 787//730 1126//1126 1122//1122
f 1118//1118 1127//1127 1123//1123
f 1124//1124 1096//1091 874//837
f 568//490 259//197 574//599
f 1125//1125 1127//1127 1118//1118
f 1128//1128 1123//1123 1127//1127
f 1031//1024 1124//1124 1120//1120
f 1096//1091 709//645 838//838
f 1128//1128 1127//1127 1125//1125
f 817//799 1121//1121 855//811
f 1129//1129 1126//1126 787//730
f 1125//1125 1122//1122 1126//1126
f 1130//1130 1125//1125 1126//1126
f 1131//1131 1126//1126 1129//1129
f 1131//1131 1132//1132 1126//1126
f 1132//1132 1130//1130 1126//1126
f 496//418 335//887 497//419
f 30//56 185//492 78//44
f 536//1083 628//587 537//607
f 717//1065 363//288 1103//1099
f 1129//1129 787//730 799//1006
f 630//727 1096//1091 1124//1124
f 284//862 832//786 895//854
f 1110//1110 971//938 278//951
f 817//799 318//246 1121//1121
f 1133//1133 1131//1131 1129//1129
f 1133//1133 1134//1134 1131//1131
f 1134//1134 1132//1132 1131//1131
f 628//587 365//289 537//607
f 817//799 296//820 318//246
f 517//441 1129//1129 799//1006
f 630//727 709//645 1096//1091
f 724//665 790//731 891//439
f 1082//1077 536//1083 1085//1080
f 517//441 1133//1133 1129//1129
f 1125//1125 1135//1135 1128//1128
f 681//616 1124//1124 1031//1024
f 611//532 709//645 630//727
f 430//369 987//963 724//665
f 296//820 348//276 318//246
f 537//607 556//612 536//1083
f 674//608 517//441 799//1006
f 967//931 1134//1134 1133//1133
f 967//931 1136//1136 1134//1134
f 1000//983 1125//1125 1130//1130
f 175//257 325//259 637//564
f 1098//1094 934//890 933//889
f 1092//891 996//975 212//647
f 1032//1026 723//664 789//735
f 846//930 1136//1136 967//931
f 1137//1137 1125//1125 1000//983
f 1137//1137 1135//1135 1125//1125
f 279//213 233//175 301//230
f 324//258 717//1065 1103//1099
f 1133//1133 517//441 967//931
f 920//1102 1072//1067 951//910
f 1094//1089 933//889 1092//891
f 1087//1082 1092//891 1041//1036
f 790//731 920//1102 950//909
f 630//727 1124//1124 681//616
f 517//441 785//1108 967//931
f 693//629 967//931 785//1108
f 1000//983 999//982 1137//1137
f 1137//1137 999//982 1135//1135
f 517//441 516//440 785//1108
f 1088//1084 656//592 1093//1088
f 999//982 1104//1101 1135//1135
f 1100//1096 250//188 1119//1119
f 250//188 249//187 1119//1119
f 249//187 740//721 1119//1119
f 740//721 839//812 1119//1119
