# Blender 4.4.1
# www.blender.org
mtllib dragon.mtl
o dragon_vrip
v 0.038295 0.022525 -0.049551
v 0.031278 0.016130 -0.050733
v 0.037727 0.016102 -0.046887
v 0.030175 0.016987 -0.047225
v 0.030366 0.017756 -0.047455
v 0.030810 0.018416 -0.047435
v 0.033754 0.024207 -0.046157
v 0.030066 0.029911 -0.048193
v 0.030614 0.017674 -0.047172
v 0.021293 0.022963 -0.045608
v 0.021429 0.025290 -0.044834
v 0.036513 0.029162 -0.040383
v 0.030076 0.021876 -0.043947
v 0.039339 0.020191 -0.041462
v 0.020882 0.022983 -0.043583
v -0.019957 0.122373 -0.043821
v -0.021443 0.126037 -0.042952
v 0.033567 0.017343 -0.045300
v 0.042626 0.024707 -0.040834
v 0.021320 0.023179 -0.043232
v 0.022583 0.024963 -0.043540
v 0.039620 0.027284 -0.039832
v 0.032949 0.030926 -0.039106
v -0.021988 0.134443 -0.042510
v 0.021002 0.022966 -0.043331
v 0.021043 0.022959 -0.043185
v 0.022276 0.024548 -0.042895
v 0.022278 0.024483 -0.042977
v 0.022304 0.024555 -0.042870
v -0.026821 0.120794 -0.043153
v 0.025442 0.028829 -0.039644
v 0.029032 0.031032 -0.042477
v 0.027662 0.038242 -0.041286
v -0.023195 0.110005 -0.041319
v -0.024348 0.110664 -0.042729
v -0.024362 0.135061 -0.044682
v -0.032501 0.013777 -0.041091
v -0.029379 0.025385 -0.039275
v -0.023876 0.120994 -0.039624
v -0.033771 0.129307 -0.040467
v -0.027626 0.130191 -0.038342
v 0.037101 0.032972 -0.036103
v -0.025466 0.109821 -0.042833
v -0.034806 0.116911 -0.040593
v -0.027201 0.127841 -0.037484
v -0.026553 0.016304 -0.038600
v -0.024435 0.024750 -0.040768
v -0.027520 0.108692 -0.037856
v -0.041328 0.014319 -0.039784
v -0.037710 0.021621 -0.040218
v -0.022736 0.121925 -0.040187
v -0.033595 0.114257 -0.038848
v -0.030771 0.121230 -0.039607
v -0.022923 0.122275 -0.039837
v -0.022923 0.122275 -0.039837
v -0.081959 0.025507 -0.038993
v -0.040900 0.122209 -0.037309
v -0.025802 0.119275 -0.036624
v -0.023229 0.122275 -0.039487
v -0.022923 0.122275 -0.039837
v -0.022923 0.122625 -0.039800
v -0.030969 0.133933 -0.035940
v -0.053001 0.023893 -0.037609
v -0.075741 0.022738 -0.038582
v 0.035194 0.026529 -0.031152
v -0.027153 0.115623 -0.035388
v -0.035979 0.133939 -0.037633
v 0.044770 0.031779 -0.037278
v -0.080011 0.018848 -0.039293
v -0.037862 0.028067 -0.035492
v 0.045688 0.023020 -0.033434
v -0.025453 0.032615 -0.035741
v -0.029660 0.126317 -0.041489
v -0.034760 0.030405 -0.037680
v -0.027878 0.031895 -0.039099
v 0.016848 0.032975 -0.037805
v -0.082949 0.026677 -0.037034
v 0.028221 0.028280 -0.033090
v 0.017630 0.031836 -0.036088
v -0.027377 0.109317 -0.034687
v -0.040321 0.129065 -0.035603
v -0.039796 0.133371 -0.038609
v -0.039376 0.143466 -0.036267
v -0.042650 0.145132 -0.037976
v -0.088607 0.017664 -0.036011
v -0.065691 0.027674 -0.034078
v -0.035478 0.105074 -0.037783
v -0.028411 0.013058 -0.034349
v 0.030485 0.036695 -0.034144
v -0.032024 0.108660 -0.033297
v -0.046540 0.121710 -0.033315
v -0.046956 0.135883 -0.033167
v -0.023024 0.048973 -0.036229
v -0.021856 0.026694 -0.036295
v 0.018022 0.032398 -0.035653
v -0.046046 0.032634 -0.035890
v 0.023316 0.035327 -0.033584
v -0.043228 0.115250 -0.035796
v -0.050000 0.120513 -0.033008
v -0.036484 0.012917 -0.026676
v -0.050287 0.015550 -0.034042
v -0.073623 0.020434 -0.034197
v 0.052627 0.023348 -0.030865
v 0.017648 0.031534 -0.035990
v -0.059516 0.035579 -0.035666
v -0.034841 0.109199 -0.037223
v -0.065766 0.023423 -0.032501
v 0.043692 0.033275 -0.032105
v -0.068970 0.041841 -0.032616
v -0.025928 0.043272 -0.036142
v 0.040426 0.047771 -0.034941
v 0.024799 0.106874 -0.035457
v 0.012452 0.105340 -0.034046
v -0.048550 0.109753 -0.030048
v -0.082098 0.026027 -0.032296
v -0.054846 0.043735 -0.034763
v 0.009415 0.094125 -0.035481
v 0.037331 0.105539 -0.034290
v -0.039423 0.104475 -0.031939
v -0.027250 0.109368 -0.034790
v -0.027126 0.109353 -0.034836
v -0.027075 0.109340 -0.034846
v -0.045865 0.126281 -0.035532
v -0.050029 0.137169 -0.036767
v -0.018082 0.028000 -0.031133
v 0.051409 0.027076 -0.030355
v -0.028410 0.034230 -0.031102
v 0.022350 0.033344 -0.033161
v 0.041980 0.038553 -0.034955
v 0.027979 0.051801 -0.035076
v 0.038153 0.061940 -0.034822
v -0.003353 0.074400 -0.034524
v -0.003102 0.093885 -0.032361
v -0.031108 0.125030 -0.031628
v -0.065074 0.047579 -0.034575
v 0.010197 0.086249 -0.034573
v 0.032398 0.112595 -0.031841
v 0.038210 0.048980 -0.033411
v 0.047881 0.064380 -0.032788
v 0.046216 0.077860 -0.034305
v 0.040817 0.087997 -0.034282
v -0.009196 0.084847 -0.031325
v 0.047562 0.097713 -0.033622
v 0.032759 0.100188 -0.035224
v 0.017503 0.112463 -0.030941
v -0.053526 0.135726 -0.026943
v -0.049826 0.028294 -0.035152
v -0.028086 0.043402 -0.031107
v -0.016670 0.038528 -0.031302
v 0.054689 0.085993 -0.032383
v 0.032298 0.091842 -0.032365
v -0.085579 0.028071 -0.029820
v -0.075678 0.028603 -0.030393
v -0.037285 0.031606 -0.029190
v 0.037983 0.072777 -0.032580
v 0.055138 0.077569 -0.031566
v 0.054695 0.094985 -0.030822
v 0.019440 0.090291 -0.033264
v 0.003001 0.104386 -0.030588
v 0.043216 0.109663 -0.030545
v -0.028402 0.109390 -0.034269
v -0.031690 0.108912 -0.032886
v -0.048302 0.129662 -0.034805
v -0.003360 0.063658 -0.033845
v -0.031963 0.108661 -0.033171
v -0.042749 0.134171 -0.034712
v -0.037910 0.132696 -0.028596
v 0.049303 0.039451 -0.028452
v -0.020589 0.053274 -0.032093
v -0.031568 0.108881 -0.032810
v -0.029601 0.110627 -0.031189
v -0.065944 0.032017 -0.030010
v -0.013991 0.054494 -0.033042
v 0.003507 0.067677 -0.032431
v -0.016486 0.072756 -0.029368
v -0.033771 0.106727 -0.031406
v -0.055301 0.124816 -0.029246
v -0.057231 0.131890 -0.028503
v -0.041532 0.134158 -0.032033
v -0.005024 0.051257 -0.031488
v 0.028475 0.066729 -0.028266
v 0.010724 0.079790 -0.032227
v -0.008805 0.077384 -0.033110
v 0.031847 0.085229 -0.028086
v -0.040525 0.100012 -0.031128
v -0.002186 0.152737 -0.030322
v -0.073575 0.047355 -0.028749
v -0.054423 0.047898 -0.029617
v 0.034425 0.077878 -0.028955
v 0.050445 0.104344 -0.029789
v -0.008440 0.147381 -0.030757
v -0.003564 0.154905 -0.031944
v -0.025761 0.021088 -0.027798
v -0.063799 0.022855 -0.023570
v -0.017154 0.030353 -0.028882
v 0.019096 0.051639 -0.029868
v -0.017350 0.062077 -0.032015
v 0.051936 0.062799 -0.029117
v -0.046976 0.136317 -0.026977
v 0.016515 0.036473 -0.029879
v -0.033997 0.043655 -0.029340
v -0.049796 0.112434 -0.029745
v -0.028783 0.119069 -0.028511
v -0.055329 0.129676 -0.029526
v -0.073351 0.029365 -0.027753
v 0.014298 0.044743 -0.024027
v -0.065930 0.053464 -0.030669
v -0.019246 0.064175 -0.030037
v -0.019073 0.064525 -0.030037
v -0.019073 0.064525 -0.030037
v -0.019073 0.064525 -0.030037
v -0.018723 0.064875 -0.030134
v 0.058080 0.070499 -0.026471
v -0.032152 0.127405 -0.027838
v -0.055174 0.020115 -0.025182
v 0.017585 0.025589 -0.026414
v -0.023779 0.060783 -0.026946
v -0.019423 0.064721 -0.029687
v -0.084058 0.019936 -0.031697
v -0.028974 0.051967 -0.027573
v 0.018880 0.082993 -0.027180
v 0.061332 0.083766 -0.025570
v -0.012126 0.150186 -0.025773
v -0.085673 0.018933 -0.028166
v 0.053659 0.016730 -0.026937
v -0.017833 0.082358 -0.020274
v 0.062689 0.093624 -0.021629
v 0.008908 0.109355 -0.029544
v -0.052937 0.115692 -0.028946
v -0.091100 0.017404 -0.027820
v -0.087970 0.024596 -0.027928
v -0.000519 0.044983 -0.024638
v -0.064645 0.057565 -0.023214
v 0.002820 0.053976 -0.026125
v 0.010746 0.070738 -0.025775
v 0.026823 0.086261 -0.025850
v -0.038600 0.082624 -0.025785
v -0.033506 0.016380 -0.025618
v -0.080514 0.018298 -0.020196
v -0.074556 0.039558 -0.022284
v -0.045859 0.040811 -0.028212
v -0.010186 0.096318 -0.022434
v -0.003228 0.105084 -0.023218
v -0.046728 0.101315 -0.026939
v 0.058034 0.101406 -0.023514
v -0.048860 0.105427 -0.030255
v -0.024657 0.112640 -0.026109
v -0.084978 0.028501 -0.025686
v -0.073708 0.054738 -0.022211
v 0.050932 0.056740 -0.025300
v -0.054066 0.102715 -0.028057
v 0.026090 0.117634 -0.024319
v -0.066474 0.031259 -0.024003
v 0.054264 0.106555 -0.023709
v 0.009319 0.114254 -0.023714
v -0.050893 0.120026 -0.029139
v -0.062031 0.129525 -0.026765
v 0.024639 0.022677 -0.028840
v 0.039737 0.116117 -0.024054
v -0.028523 0.121225 -0.027444
v -0.028523 0.121575 -0.027237
v -0.028523 0.121575 -0.027237
v -0.028708 0.121925 -0.027237
v -0.028294 0.137969 -0.024530
v 0.053675 0.032499 -0.023956
v -0.051565 0.047127 -0.025348
v -0.031598 0.057042 -0.017942
v -0.042030 0.085856 -0.027291
v -0.054381 0.089012 -0.024374
v -0.029799 0.097625 -0.028114
v 0.047396 0.112824 -0.023092
v -0.028523 0.121575 -0.027237
v -0.028192 0.121575 -0.026887
v -0.044307 0.090572 -0.028037
v -0.057705 0.116350 -0.021178
v -0.036564 0.048269 -0.024553
v -0.057188 0.051638 -0.023129
v -0.020488 0.097891 -0.022627
v -0.044745 0.016161 -0.024867
v 0.063976 0.013956 -0.021093
v 0.030437 0.013627 -0.022373
v 0.055053 0.027190 -0.023516
v -0.041784 0.044428 -0.026380
v 0.018868 0.080250 -0.021114
v -0.061106 0.121405 -0.028228
v -0.037903 0.136352 -0.024026
v -0.016038 0.145761 -0.030282
v 0.036341 0.019804 -0.025338
v 0.020693 0.017642 -0.021900
v 0.025950 0.069264 -0.017801
v -0.050975 0.101260 -0.023737
v -0.068198 0.116291 -0.021165
v -0.027421 0.123451 -0.025492
v -0.018523 0.141940 -0.023322
v -0.015548 0.148965 -0.029178
v -0.082357 0.026175 -0.023909
v -0.019704 0.109294 -0.024269
v -0.018920 0.114600 -0.025324
v -0.019934 0.120121 -0.024729
v -0.084449 0.020021 -0.023957
v 0.012054 0.032479 -0.020144
v -0.047628 0.075032 -0.024731
v -0.023087 0.124650 -0.023394
v -0.065100 0.134941 -0.021500
v -0.076341 0.048071 -0.022452
v -0.032294 0.135097 -0.020090
v -0.024847 0.139586 -0.022345
v -0.020563 0.141371 -0.024702
v -0.020561 0.141367 -0.024704
v -0.035771 0.145222 -0.022601
v -0.077817 0.028158 -0.018144
v 0.030880 0.078781 -0.019240
v -0.033002 0.081467 -0.019892
v -0.020580 0.096220 -0.022885
v 0.003626 0.114880 -0.021265
v -0.062108 0.136673 -0.024304
v -0.088020 0.019886 -0.021649
v 0.044910 0.048100 -0.027404
v 0.017515 0.056553 -0.018158
v -0.023431 0.072001 -0.017983
v -0.060526 0.100965 -0.024934
v -0.053953 0.105325 -0.021208
v -0.069350 0.115607 -0.018080
v 0.023198 0.123544 -0.021699
v -0.070165 0.121005 -0.022335
v -0.042395 0.149716 -0.021714
v -0.005620 0.033349 -0.020897
v 0.024289 0.083633 -0.019214
v -0.058520 0.091953 -0.019419
v -0.051973 0.097339 -0.023387
v -0.059041 0.100435 -0.022584
v -0.059837 0.100715 -0.022372
v 0.024943 0.121412 -0.021461
v 0.030386 0.123631 -0.021049
v -0.022841 0.127620 -0.023512
v -0.071190 0.133809 -0.021516
v -0.026762 0.138771 -0.023349
v -0.022009 0.016068 -0.021354
v 0.013615 0.023830 -0.016668
v -0.052519 0.097075 -0.023037
v -0.052323 0.097425 -0.023037
v -0.052323 0.097425 -0.023037
v -0.058859 0.100596 -0.022664
v -0.058864 0.100594 -0.022692
v -0.058874 0.100592 -0.022675
v 0.017997 0.121088 -0.021632
v -0.074106 0.134335 -0.019761
v -0.028569 0.137674 -0.022615
v -0.030255 0.012752 -0.020884
v -0.060728 0.071663 -0.022914
v 0.013481 0.072677 -0.019421
v -0.052323 0.097425 -0.023037
v -0.052323 0.097775 -0.022853
v -0.058837 0.100573 -0.022519
v -0.058836 0.100568 -0.022519
v -0.058830 0.100561 -0.022505
v -0.001959 0.113117 -0.021519
v -0.023453 0.114567 -0.019195
v 0.057457 0.112159 -0.018903
v 0.039207 0.120686 -0.021701
v -0.057810 0.140666 -0.014760
v -0.028009 0.138132 -0.022037
v -0.033635 0.157714 -0.023166
v -0.087673 0.019729 -0.022323
v -0.087898 0.019591 -0.021939
v -0.083281 0.026467 -0.019509
v -0.070403 0.070789 -0.020546
v -0.058525 0.062193 -0.022294
v -0.020128 0.097398 -0.022381
v -0.008234 0.105473 -0.020209
v -0.058854 0.100545 -0.022262
v -0.058826 0.100527 -0.022325
v -0.058828 0.100548 -0.022226
v -0.070299 0.108697 -0.018890
v 0.010582 0.118978 -0.021143
v -0.079052 0.117915 -0.016547
v 0.016187 0.122913 -0.021400
v 0.032400 0.121135 -0.020817
v -0.070174 0.125790 -0.017128
v -0.046789 0.140224 -0.020557
v -0.034190 0.145346 -0.017928
v -0.036381 0.150475 -0.022220
v -0.053008 0.013603 -0.018754
v -0.087681 0.019726 -0.022341
v -0.087308 0.019771 -0.022161
v 0.010322 0.064968 -0.019760
v -0.047364 0.068452 -0.021455
v -0.061641 0.098993 -0.023000
v -0.059375 0.100431 -0.021353
v 0.059171 0.108492 -0.018621
v -0.066945 0.111972 -0.016858
v 0.052704 0.115153 -0.019792
v -0.025299 0.120760 -0.019348
v -0.028089 0.138048 -0.021956
v -0.028158 0.137980 -0.022062
v -0.027978 0.138128 -0.022021
v -0.027997 0.138132 -0.022034
v -0.027903 0.138302 -0.021894
v -0.032959 0.156012 -0.021080
v -0.087580 0.019598 -0.022418
v 0.049868 0.036479 -0.018464
v -0.044980 0.051789 -0.014190
v -0.059115 0.100469 -0.021758
v 0.047030 0.118552 -0.020218
v -0.088364 0.018631 -0.020047
v 0.018218 0.079376 -0.020386
v -0.022932 0.089857 -0.021306
v -0.022517 0.102171 -0.019313
v 0.064986 0.098951 -0.018445
v -0.010871 0.105263 -0.019823
v -0.058868 0.100538 -0.021805
v 0.008198 0.119461 -0.019596
v -0.028825 0.137639 -0.020554
v 0.004615 0.052182 -0.020663
v 0.004687 0.052246 -0.020565
v 0.016502 0.078418 -0.020163
v 0.016499 0.078420 -0.020233
v 0.018159 0.079614 -0.020474
v -0.028183 0.089630 -0.022721
v 0.046321 0.018649 -0.019797
v -0.037445 0.051664 -0.015730
v 0.004622 0.052116 -0.020585
v 0.004613 0.052017 -0.020469
v 0.004686 0.052159 -0.020415
v 0.059248 0.065562 -0.016710
v -0.026641 0.064872 -0.017690
v 0.063825 0.077268 -0.017865
v -0.038547 0.074334 -0.018509
v 0.016513 0.078416 -0.020196
v 0.018022 0.079557 -0.020398
v -0.026489 0.083924 -0.018740
v -0.055396 0.098628 -0.016001
v 0.062636 0.103797 -0.017815
v 0.037930 0.121527 -0.019004
v 0.004512 0.051909 -0.020457
v 0.004831 0.052562 -0.020570
v -0.046469 0.061997 -0.015871
v 0.017539 0.079461 -0.019483
v 0.018051 0.079770 -0.020003
v 0.017568 0.079347 -0.020149
v 0.070772 0.084551 -0.020241
v 0.074988 0.093437 -0.020701
v -0.061847 0.105176 -0.018058
v -0.059039 0.113154 -0.015412
v -0.028604 0.128255 -0.017378
v 0.016579 0.078467 -0.019688
v -0.018340 0.092699 -0.018540
v -0.014948 0.098233 -0.019194
v 0.001310 0.116187 -0.019998
v -0.018464 0.014753 -0.012304
v -0.013037 0.022365 -0.017425
v -0.081057 0.042179 -0.018782
v 0.005138 0.052368 -0.019643
v 0.005274 0.050604 -0.014209
v 0.017068 0.078955 -0.019776
v -0.027619 0.080876 -0.018150
v 0.067226 0.097361 -0.017379
v 0.048191 0.051032 -0.015531
v 0.016757 0.078645 -0.019709
v 0.076000 0.087273 -0.020191
v 0.068135 0.088272 -0.018351
v -0.086736 0.123027 -0.016304
v 0.052174 0.015046 -0.011816
v -0.074137 0.075810 -0.015493
v 0.016572 0.078451 -0.019699
v -0.022876 0.083754 -0.016679
v 0.002304 0.110318 -0.017520
v 0.013455 0.115915 -0.017970
v 0.020377 0.117354 -0.017819
v 0.031933 0.117658 -0.017388
v -0.077596 0.023471 -0.016383
v 0.066838 0.022722 -0.014504
v 0.059427 0.028454 -0.016982
v -0.084883 0.048072 -0.014803
v -0.080149 0.056045 -0.018327
v 0.008377 0.059980 -0.014664
v -0.032025 0.075377 -0.015637
v -0.020425 0.085591 -0.017215
v -0.070263 0.098936 -0.017946
v -0.062459 0.119570 -0.017172
v -0.036650 0.138091 -0.014383
v -0.039341 0.153381 -0.018168
v 0.047710 0.035736 -0.014384
v 0.078350 0.104656 -0.014864
v -0.076597 0.107357 -0.013658
v 0.007108 0.113274 -0.017004
v 0.039924 0.116212 -0.016697
v -0.082004 0.126986 -0.012389
v -0.074509 0.126542 -0.016224
v 0.013786 0.045861 -0.012880
v -0.025523 0.079432 -0.015518
v 0.065829 0.074205 -0.015643
v 0.070991 0.101161 -0.014773
v -0.070089 0.115415 -0.017407
v 0.020991 0.013975 -0.013041
v -0.071779 0.019297 -0.016854
v -0.082566 0.030523 -0.014073
v 0.046437 0.039573 -0.008751
v 0.005971 0.053126 -0.013981
v 0.083887 0.091065 -0.015509
v -0.003718 0.105433 -0.017131
v -0.062604 0.119429 -0.017173
v -0.057612 0.121518 -0.012542
v -0.062631 0.119460 -0.017181
v -0.072722 0.131433 -0.017037
v -0.056404 0.014091 -0.010137
v -0.036134 0.069548 -0.014171
v 0.071847 0.072484 -0.016107
v -0.056908 0.104729 -0.012469
v -0.056822 0.118096 -0.014881
v -0.063572 0.119772 -0.016240
v -0.062541 0.119577 -0.017085
v -0.062383 0.120268 -0.016469
v -0.070950 0.137824 -0.011032
v 0.031711 0.013373 -0.015155
v -0.081236 0.062399 -0.015706
v -0.034837 0.074385 -0.015052
v -0.030885 0.079265 -0.016253
v -0.026621 0.091754 -0.017030
v 0.088139 0.101043 -0.013943
v 0.013422 0.113312 -0.009834
v -0.068728 0.117523 -0.016634
v -0.067506 0.120277 -0.014144
v -0.063300 0.119685 -0.016474
v -0.063528 0.119808 -0.016348
v -0.062374 0.120211 -0.016299
v -0.029756 0.065628 -0.013691
v -0.028846 0.079949 -0.016713
v 0.027896 0.083480 -0.017479
v -0.011458 0.095894 -0.015703
v 0.083615 0.104981 -0.013251
v -0.079235 0.101973 -0.014226
v 0.051722 0.109334 -0.015486
v -0.023688 0.107317 -0.011711
v 0.044968 0.113617 -0.016108
v -0.063934 0.119681 -0.016124
v -0.062205 0.120387 -0.016008
v -0.038031 0.145244 -0.015225
v -0.039183 0.066452 -0.012412
v 0.011482 0.071729 -0.011515
v -0.070816 0.082792 -0.010777
v 0.078895 0.085354 -0.015630
v -0.018054 0.084144 -0.014018
v -0.025769 0.097915 -0.011651
v -0.059482 0.114971 -0.013347
v -0.025569 0.122757 -0.013510
v -0.064976 0.120136 -0.015838
v -0.064935 0.120146 -0.015839
v -0.063625 0.119764 -0.016191
v -0.064976 0.120136 -0.015837
v -0.062491 0.120361 -0.015857
v -0.029378 0.131964 -0.011188
v 0.046038 0.012423 -0.012628
v -0.000817 0.037466 -0.011981
v 0.031015 0.084180 -0.011486
v -0.015223 0.090775 -0.015911
v -0.014873 0.091125 -0.015687
v -0.014873 0.091125 -0.015687
v -0.014873 0.091125 -0.015687
v -0.014746 0.091475 -0.015687
v -0.055866 0.103313 -0.015077
v -0.055593 0.103854 -0.014969
v 0.071642 0.109312 -0.011163
v -0.055956 0.103905 -0.014239
v -0.074940 0.108540 -0.011844
v 0.023931 0.115090 -0.009846
v -0.064252 0.119890 -0.015304
v -0.064806 0.120174 -0.015848
v -0.064783 0.120181 -0.015853
v -0.064467 0.120225 -0.015914
v -0.062831 0.120216 -0.015714
v -0.061866 0.120262 -0.015676
v -0.063929 0.120180 -0.016040
v -0.033323 0.081231 -0.013126
v -0.014523 0.091125 -0.015350
v -0.057734 0.094863 -0.009467
v 0.076189 0.106650 -0.012254
v -0.062984 0.120273 -0.015600
v -0.062740 0.120303 -0.015748
v -0.067472 0.139586 -0.010262
v -0.042301 0.016771 -0.012596
v -0.067848 0.014009 -0.009081
v 0.006138 0.052929 -0.013691
v 0.020099 0.054720 -0.009846
v 0.025972 0.067107 -0.012933
v 0.076647 0.075203 -0.013956
v 0.076765 0.084584 -0.011817
v 0.066409 0.093617 -0.016314
v 0.089518 0.094417 -0.013659
v -0.055924 0.103492 -0.014794
v -0.065802 0.104383 -0.015585
v -0.012112 0.020071 -0.007840
v 0.064791 0.026179 -0.010941
v 0.012264 0.036950 -0.012754
v -0.036297 0.058262 -0.011872
v 0.026180 0.068137 -0.014351
v 0.033262 0.081060 -0.009811
v 0.063114 0.088354 -0.013987
v -0.055579 0.104361 -0.012782
v 0.035491 0.112727 -0.007721
v -0.080589 0.129155 -0.008605
v -0.006060 0.028476 -0.007910
v 0.012204 0.036708 -0.012659
v 0.057531 0.058994 -0.013252
v -0.079843 0.069748 -0.011813
v 0.022788 0.087501 -0.009911
v -0.053307 0.098464 -0.006443
v -0.056057 0.103789 -0.014306
v -0.056222 0.103892 -0.013993
v -0.056132 0.103864 -0.014124
v -0.091678 0.129342 -0.012669
v 0.069326 0.015302 -0.016395
v -0.086867 0.036480 -0.007397
v 0.006126 0.052894 -0.013939
v -0.044389 0.058200 -0.012609
v 0.006226 0.053444 -0.013473
v 0.085089 0.083945 -0.011441
v 0.058958 0.101956 -0.015200
v 0.069921 0.098621 -0.011438
v -0.077356 0.100182 -0.012129
v -0.074068 0.102279 -0.011797
v -0.052828 0.102561 -0.010475
v -0.056400 0.104012 -0.013230
v 0.045139 0.110331 -0.009113
v 0.065036 0.084377 -0.013305
v 0.015371 0.081274 -0.010142
v -0.061730 0.090920 -0.007418
v -0.056397 0.104198 -0.013857
v 0.004571 0.106825 -0.007732
v -0.076721 0.017948 -0.006964
v 0.056275 0.028651 -0.009414
v -0.023267 0.071503 -0.012284
v 0.064558 0.080933 -0.012905
v 0.064477 0.080932 -0.012883
v -0.084769 0.106593 -0.009035
v -0.057800 0.116063 -0.013262
v -0.057800 0.116050 -0.013249
v -0.059428 0.115782 -0.013110
v -0.053364 0.120902 -0.005636
v -0.073412 0.128197 -0.010783
v -0.044517 0.140751 -0.012256
v -0.033899 0.015945 -0.007728
v -0.046599 0.016558 -0.009461
v 0.012271 0.036966 -0.012681
v 0.051094 0.050045 -0.011518
v -0.026937 0.074159 -0.015115
v 0.064453 0.080641 -0.012720
v 0.064458 0.080732 -0.012717
v 0.064516 0.080946 -0.012805
v -0.013606 0.088855 -0.010420
v 0.086217 0.088084 -0.011356
v 0.095176 0.109246 -0.006872
v 0.081296 0.112481 -0.007486
v -0.072404 0.108231 -0.009484
v -0.095331 0.124808 -0.008852
v -0.059665 0.121162 -0.013422
v -0.073739 0.133499 -0.007035
v 0.070144 0.025337 -0.008412
v -0.084308 0.027871 -0.005531
v 0.012137 0.036840 -0.012700
v 0.012215 0.036836 -0.012714
v 0.012224 0.036837 -0.012623
v 0.055135 0.055524 -0.009877
v 0.059271 0.060382 -0.010351
v 0.075683 0.059319 -0.008837
v 0.064422 0.079640 -0.012157
v 0.064346 0.079651 -0.012193
v 0.063971 0.080173 -0.012453
v 0.064499 0.080966 -0.012800
v 0.054665 0.097984 -0.006085
v -0.084100 0.119830 -0.011092
v -0.087018 0.051322 -0.007880
v -0.027993 0.060525 -0.009558
v 0.064363 0.079453 -0.012059
v 0.064458 0.079531 -0.012109
v 0.064385 0.079532 -0.012098
v 0.064373 0.079618 -0.012138
v 0.064416 0.079545 -0.012163
v 0.064545 0.079842 -0.012074
v 0.096742 0.096613 -0.010618
v -0.019234 0.127417 -0.011329
v 0.027297 0.013871 -0.006885
v -0.040812 0.059331 -0.010044
v -0.084617 0.060411 -0.009524
v 0.003347 0.050008 -0.006933
v 0.064890 0.070905 -0.007832
v -0.074948 0.079002 -0.006050
v 0.064398 0.079522 -0.012081
v -0.031885 0.090491 -0.005307
v 0.094128 0.088615 -0.008996
v 0.091266 0.093550 -0.009832
v -0.004438 0.099707 -0.008425
v -0.017842 0.117934 -0.010231
v -0.009429 0.120962 -0.011438
v 0.013197 0.029639 -0.010635
v 0.059603 0.027962 -0.007021
v -0.065513 0.087934 -0.007998
v -0.080202 0.123355 -0.007357
v -0.093574 0.129262 -0.010077
v -0.012208 0.131174 -0.011396
v -0.009905 0.135177 -0.011345
v 0.028504 0.066146 -0.007560
v -0.041834 0.070069 -0.009014
v 0.056499 0.083610 -0.004374
v 0.089520 0.100316 -0.008266
v -0.065302 0.103319 -0.005003
v -0.008545 0.123928 -0.009995
v 0.040742 0.015952 -0.007779
v -0.044828 0.015444 -0.005020
v 0.080792 0.064478 -0.007299
v -0.014389 0.113261 -0.010691
v -0.016963 0.118322 -0.010005
v -0.039230 0.137565 -0.008424
v 0.067187 0.033220 -0.008142
v 0.050456 0.048762 -0.009014
v -0.021310 0.067554 -0.003824
v -0.016598 0.079752 -0.006544
v -0.020555 0.108326 -0.009341
v -0.011590 0.109531 -0.009077
v -0.059415 0.115396 -0.009984
v -0.099727 0.130880 -0.008014
v 0.019877 0.016803 -0.004737
v -0.088407 0.043369 -0.003971
v -0.030683 0.056841 -0.009708
v 0.060656 0.072841 -0.010459
v 0.063979 0.061722 -0.005039
v -0.084864 0.098989 -0.009411
v -0.023282 0.107941 -0.009503
v -0.022814 0.107241 -0.009410
v -0.022802 0.107234 -0.009479
v -0.088654 0.121858 -0.005493
v 0.071009 0.013334 -0.004732
v -0.034860 0.017151 -0.008753
v -0.081130 0.022094 -0.004352
v 0.017192 0.039831 -0.005803
v 0.052480 0.059982 -0.009834
v 0.061866 0.067205 -0.010064
v 0.067094 0.077654 -0.004736
v -0.037089 0.082012 -0.003768
v 0.072797 0.088619 -0.010252
v 0.083184 0.104857 -0.005993
v -0.022781 0.107243 -0.009423
v -0.062989 0.114888 -0.008836
v -0.020961 0.134600 -0.007169
v -0.034843 0.017151 -0.008606
v -0.008188 0.090772 -0.004526
v 0.096813 0.096500 -0.007605
v -0.063473 0.114976 -0.009238
v -0.063258 0.114906 -0.008943
v -0.017279 0.118660 -0.009722
v -0.087048 0.117887 -0.006155
v -0.094130 0.127152 -0.005876
v 0.025278 0.013029 -0.000287
v -0.086551 0.033866 -0.001907
v 0.075876 0.079724 -0.006412
v -0.022644 0.106708 -0.009263
v -0.063136 0.114644 -0.008784
v -0.062873 0.114531 -0.008838
v -0.019719 0.116385 -0.005995
v -0.010828 0.121497 -0.007801
v -0.096647 0.135205 -0.006699
v -0.010670 0.134093 -0.008189
v -0.065890 0.139476 -0.004307
v -0.054670 0.139301 -0.004018
v 0.034753 0.016313 -0.005588
v -0.034368 0.017190 -0.007559
v 0.015619 0.032672 -0.005223
v 0.047769 0.043417 -0.007018
v -0.036202 0.054322 -0.008556
v -0.083227 0.066447 -0.004259
v 0.054240 0.075102 -0.003194
v -0.081525 0.107819 -0.004979
v -0.062997 0.114791 -0.008365
v 0.049565 0.038714 -0.004339
v -0.078834 0.072558 -0.001227
v 0.082113 0.068379 -0.002429
v 0.078967 0.097331 -0.007359
v 0.050174 0.105517 -0.007554
v -0.078434 0.107630 -0.008258
v -0.078513 0.107698 -0.008227
v -0.062752 0.114820 -0.008388
v -0.077530 0.125661 -0.001769
v -0.044016 0.138083 -0.005555
v 0.034649 0.092623 -0.003669
v 0.071729 0.106926 -0.007377
v -0.078247 0.107755 -0.007825
v -0.082940 0.109724 -0.007356
v -0.062743 0.114851 -0.008113
v -0.067690 0.123112 -0.004793
v -0.090398 0.133009 -0.006048
v -0.034381 0.017095 -0.007695
v 0.045763 0.056275 -0.005884
v 0.082550 0.055241 -0.002517
v -0.044605 0.061968 -0.007418
v -0.024238 0.063606 -0.005285
v -0.030695 0.103852 -0.005440
v -0.049460 0.103523 -0.004753
v 0.075680 0.103498 -0.007550
v -0.089587 0.109520 -0.006335
v -0.087393 0.112624 -0.006956
v -0.083425 0.110144 -0.007204
v -0.083793 0.110392 -0.007127
v -0.083785 0.110390 -0.007148
v -0.082680 0.109673 -0.007515
v -0.034456 0.141838 -0.006642
v 0.075437 0.019100 -0.004824
v 0.044152 0.015647 -0.005736
v -0.034460 0.017108 -0.007557
v 0.018949 0.041319 -0.004152
v 0.068807 0.087889 -0.010226
v -0.069061 0.102317 -0.002548
v -0.078231 0.107677 -0.007735
v 0.094006 0.107893 -0.004000
v 0.009878 0.106066 -0.005288
v -0.084571 0.110951 -0.006729
v -0.084561 0.110889 -0.006688
v -0.024288 0.127240 -0.004600
v 0.060347 0.031030 -0.003054
v 0.044228 0.047364 -0.008390
v 0.043212 0.039812 -0.005430
v -0.068052 0.081551 0.002174
v -0.096757 0.097415 -0.007159
v -0.093936 0.099535 -0.006876
v -0.026566 0.105461 -0.002341
v -0.025515 0.107578 -0.003953
v -0.020823 0.109171 -0.005463
v -0.067331 0.113210 -0.007415
v -0.087842 0.136357 -0.006299
v -0.031266 0.135613 -0.004074
v -0.070157 0.138128 -0.002633
v 0.064212 0.014309 0.000818
v -0.034134 0.017172 -0.005307
v -0.034239 0.017046 -0.006550
v -0.075146 0.100785 0.002696
v -0.084503 0.110802 -0.006709
v -0.037961 0.140936 -0.006549
v -0.037982 0.140831 -0.006573
v -0.024716 0.013110 0.001785
v 0.031960 0.015788 -0.001050
v -0.034156 0.017046 -0.006318
v -0.034440 0.017046 -0.006576
v -0.044030 0.056529 -0.004638
v 0.027776 0.096589 -0.003310
v -0.078091 0.135330 -0.002376
v -0.081439 0.140536 -0.001204
v -0.037752 0.141313 -0.006288
v -0.028284 0.146106 -0.005424
v 0.043909 0.015956 -0.005578
v -0.046945 0.016494 -0.001996
v 0.044603 0.016037 -0.004416
v -0.034265 0.017087 -0.006380
v 0.037912 0.021212 -0.005194
v 0.049482 0.034925 -0.002318
v -0.098158 0.103111 -0.000641
v -0.091901 0.110657 -0.004756
v -0.084896 0.110456 -0.004594
v -0.091643 0.121799 -0.004073
v -0.028607 0.142235 -0.006624
v 0.017969 0.025394 -0.001871
v 0.042814 0.029296 -0.003488
v 0.039125 0.082227 -0.002289
v -0.084377 0.109308 -0.005058
v -0.084460 0.109298 -0.005050
v 0.026329 0.110385 -0.004576
v -0.020953 0.120948 -0.005701
v -0.067823 0.123091 -0.004221
v 0.036575 0.014672 -0.005236
v 0.043908 0.015953 -0.005605
v 0.006743 0.075667 -0.002673
v -0.101926 0.102376 -0.004688
v -0.100918 0.108075 -0.001107
v -0.084654 0.109563 -0.004478
v -0.089557 0.109762 -0.003522
v -0.065717 0.122258 -0.000047
v -0.012073 0.022817 -0.000240
v 0.054443 0.035431 -0.001290
v 0.015492 0.035611 -0.004074
v 0.038918 0.046081 -0.004056
v -0.092187 0.125099 -0.004071
v -0.097822 0.138794 -0.001002
v -0.088387 0.142237 -0.000736
v -0.031479 0.145055 -0.001689
v 0.045992 0.015527 -0.003945
v -0.043856 0.016570 0.000449
v 0.037213 0.020626 -0.004316
v 0.037028 0.020977 -0.003947
v 0.043722 0.032395 -0.003756
v 0.043849 0.032813 -0.003478
v 0.015747 0.035090 -0.004150
v 0.045483 0.035241 -0.003331
v 0.018149 0.041575 -0.002661
v 0.025675 0.051630 -0.005027
v -0.039444 0.101554 -0.001355
v -0.093423 0.110290 -0.004252
v -0.085038 0.109889 -0.004040
v -0.084565 0.109629 -0.004443
v -0.092098 0.111638 -0.004378
v -0.065064 0.113808 -0.000431
v -0.099675 0.135377 -0.001593
v 0.033833 0.014955 -0.002525
v 0.034326 0.014223 -0.003356
v -0.068135 0.014568 0.003152
v 0.045140 0.015662 -0.003431
v -0.036316 0.015872 0.000224
v 0.037874 0.022345 -0.003746
v 0.037753 0.022431 -0.003599
v 0.038273 0.023244 -0.004066
v 0.040961 0.027562 -0.003516
v 0.040162 0.026589 -0.003592
v 0.040956 0.027693 -0.003511
v 0.041362 0.028127 -0.002309
v 0.041125 0.027978 -0.003524
v 0.042535 0.030209 -0.003483
v 0.043754 0.032395 -0.003692
v 0.015650 0.034711 -0.004337
v 0.015722 0.035136 -0.004180
v 0.015393 0.035694 -0.003809
v 0.015838 0.035892 -0.003977
v -0.026176 0.060510 -0.003818
v -0.057650 0.105669 -0.003582
v -0.084993 0.109851 -0.004081
v -0.084720 0.109598 -0.004380
v -0.085033 0.109881 -0.004081
v -0.085072 0.109931 -0.004003
v -0.085362 0.110395 -0.003824
v -0.091990 0.111602 -0.004213
v -0.068262 0.122890 -0.004080
v -0.068654 0.122935 -0.003830
v -0.093927 0.126944 -0.001778
v 0.045356 0.016485 -0.003191
v 0.045355 0.016488 -0.003191
v 0.040362 0.026198 -0.001389
v 0.036449 0.020589 -0.003126
v 0.036359 0.020586 -0.003250
v 0.037093 0.021041 -0.003957
v 0.037567 0.022499 -0.003160
v 0.040179 0.026588 -0.003586
v 0.040296 0.026648 -0.003510
v 0.015857 0.035280 -0.004221
v 0.015613 0.035943 -0.003918
v 0.074202 0.051640 -0.004073
v -0.048303 0.065860 0.003124
v 0.040010 0.071960 -0.001465
v 0.018283 0.095827 -0.002734
v -0.055012 0.091975 -0.001544
v 0.002305 0.098915 -0.003217
v -0.085126 0.110010 -0.003856
v -0.068646 0.122936 -0.003831
v -0.087215 0.131832 0.001390
v -0.090664 0.138456 -0.000379
v -0.056171 0.013047 0.005748
v 0.044999 0.015807 -0.003108
v 0.045203 0.015661 -0.003246
v 0.045342 0.016464 -0.003156
v 0.045337 0.016478 -0.003159
v 0.034693 0.018020 -0.003220
v 0.036367 0.020579 -0.002934
v 0.036390 0.020860 -0.003330
v 0.038106 0.023028 -0.002145
v -0.003427 0.034923 -0.003509
v 0.042297 0.029275 -0.003373
v 0.043075 0.031256 -0.003107
v -0.003229 0.052130 0.002312
v 0.039911 0.061240 -0.002554
v 0.066342 0.062389 -0.000191
v -0.048770 0.106696 -0.000252
v -0.085366 0.110383 -0.003306
v -0.084318 0.110540 -0.001568
v -0.085321 0.110339 -0.003437
v -0.021253 0.117879 -0.003564
v -0.046022 0.135764 0.000299
v 0.045070 0.015606 -0.003313
v 0.045309 0.015675 -0.003141
v 0.045248 0.016366 -0.003060
v 0.036891 0.021817 -0.002765
v 0.037664 0.022514 -0.003031
v 0.037836 0.022592 -0.003058
v 0.036743 0.049418 -0.003061
v -0.029173 0.056029 -0.001850
v -0.079737 0.065214 0.005343
v -0.015827 0.072741 -0.001255
v -0.085432 0.107957 -0.002941
v -0.085348 0.110188 -0.003367
v -0.052852 0.117146 -0.002641
v -0.060147 0.121629 0.000098
v -0.017431 0.016890 -0.000065
v 0.044023 0.016488 -0.001220
v 0.045333 0.016418 -0.003105
v 0.045288 0.016396 -0.003044
v 0.036537 0.020823 -0.002736
v 0.049635 0.035730 -0.002138
v 0.038673 0.040024 0.001282
v 0.034619 0.045401 -0.001836
v 0.037417 0.049544 -0.002564
v 0.032722 0.051253 -0.002808
v 0.037195 0.049652 -0.002589
v -0.061812 0.086908 0.000423
v -0.001332 0.089449 -0.001522
v 0.039770 0.102986 -0.002541
v 0.022288 0.101951 -0.002787
v -0.034277 0.108446 -0.001189
v -0.096882 0.112927 -0.000965
v -0.057400 0.114499 -0.001222
v -0.029135 0.129024 -0.003270
v 0.032918 0.016096 -0.000241
v 0.034806 0.045815 -0.002154
v 0.034809 0.045812 -0.002161
v 0.079425 0.047840 -0.002023
v 0.037405 0.049551 -0.002563
v 0.037301 0.049929 -0.002534
v 0.001081 0.063095 0.000194
v 0.011465 0.087233 -0.002567
v 0.045742 0.092519 -0.001802
v -0.089019 0.108877 -0.002059
v -0.049238 0.120043 -0.000880
v -0.023850 0.135481 -0.003777
v -0.052440 0.138497 0.000731
v -0.043519 0.016257 0.000044
v 0.074870 0.025565 0.000414
v 0.041481 0.027888 -0.001109
v 0.034552 0.046058 -0.001662
v 0.065242 0.054402 -0.001698
v -0.047924 0.090564 0.001449
v -0.104925 0.103004 0.001459
v -0.105273 0.105989 0.000936
v -0.089090 0.108885 -0.002026
v -0.089177 0.108901 -0.002004
v -0.025853 0.115061 -0.002458
v 0.066532 0.033641 0.000542
v -0.029257 0.052778 0.004313
v -0.085490 0.057687 -0.001526
v 0.072404 0.075030 0.000503
v -0.033778 0.104676 0.000095
v -0.089163 0.108898 -0.002014
v -0.094691 0.133699 0.000656
v -0.039525 0.135891 -0.001538
v 0.068573 0.016363 0.000512
v 0.039318 0.024128 -0.000090
v 0.040628 0.026606 -0.001037
v 0.044502 0.032094 -0.001119
v 0.042553 0.030637 -0.001404
v 0.014313 0.031547 0.001251
v 0.014635 0.035959 -0.000601
v 0.071281 0.031855 -0.000798
v 0.014311 0.036312 -0.000692
v -0.036229 0.103647 -0.000150
v -0.089183 0.108901 -0.002003
v -0.045964 0.120748 0.002566
v -0.039792 0.127178 0.000469
v -0.058199 0.137787 0.001276
v 0.035807 0.015732 0.003513
v 0.034684 0.016821 0.000421
v 0.033065 0.018431 -0.000259
v 0.033553 0.020214 -0.000329
v 0.033061 0.019964 -0.000325
v 0.036164 0.019191 0.000011
v 0.033358 0.021984 -0.000164
v 0.034069 0.024869 -0.000441
v 0.033765 0.024752 -0.000489
v 0.045924 0.033068 -0.000103
v 0.014401 0.035946 -0.000706
v 0.014384 0.035969 -0.000708
v -0.010225 0.035305 0.004903
v -0.047424 0.074394 0.003886
v -0.056270 0.114330 -0.000353
v -0.037079 0.119827 -0.000906
v -0.073592 0.124845 0.002725
v 0.044772 0.017858 0.000756
v 0.037435 0.021505 -0.000557
v 0.037919 0.022194 -0.000554
v 0.039384 0.024604 -0.000676
v 0.039708 0.025273 -0.001024
v 0.040221 0.025914 -0.000907
v -0.083832 0.048785 0.006850
v -0.083813 0.111029 -0.000125
v -0.082954 0.110978 -0.000977
v -0.034997 0.121859 0.000527
v -0.072463 0.133909 -0.001454
v 0.034046 0.015866 0.000928
v 0.045325 0.016298 0.000337
v 0.036074 0.019542 -0.000157
v 0.035616 0.018430 -0.000071
v 0.036905 0.020424 -0.000040
v 0.036905 0.020466 -0.000214
v 0.034046 0.022002 0.000681
v 0.038484 0.023168 -0.000486
v 0.033793 0.023316 -0.000239
v 0.033844 0.023629 -0.000244
v 0.033827 0.023492 -0.000253
v 0.033953 0.023382 -0.000267
v 0.034034 0.025095 -0.000248
v 0.034084 0.025205 -0.000255
v 0.034083 0.025306 -0.000260
v -0.080108 0.028439 0.009559
v -0.081446 0.034513 0.010519
v 0.063981 0.049954 0.001054
v -0.082220 0.058586 0.006774
v -0.042219 0.086965 0.001048
v -0.083381 0.111425 -0.000287
v -0.077791 0.125011 0.000015
v -0.092701 0.130258 0.001433
v -0.036848 0.133911 -0.000301
v -0.067039 0.132533 -0.000295
v 0.045654 0.016481 0.001895
v 0.033229 0.018898 0.000049
v 0.036339 0.019385 0.000169
v -0.075068 0.020665 0.008219
v 0.033351 0.020842 -0.000267
v 0.033450 0.021107 -0.000260
v 0.033571 0.021493 -0.000049
v 0.033749 0.021787 0.000324
v 0.033876 0.023769 -0.000259
v 0.034008 0.024104 0.000076
v 0.034067 0.025258 -0.000252
v -0.075176 0.125564 0.004642
v -0.032488 0.126715 -0.001230
v -0.066940 0.136263 0.002960
v 0.033227 0.013592 0.003264
v 0.064677 0.012933 0.009739
v -0.043532 0.016750 0.001086
v 0.033016 0.017366 0.000274
v 0.035879 0.018586 0.000321
v 0.036287 0.019321 0.000175
v 0.036385 0.019356 0.000191
v 0.033414 0.019604 0.000321
v 0.036937 0.020420 0.000083
v 0.036961 0.020409 0.000133
v 0.034139 0.024239 0.000406
v 0.015927 0.025468 0.003250
v 0.045950 0.032990 0.000040
v 0.062135 0.038606 0.003548
v 0.046091 0.036586 -0.000111
v 0.057454 0.041649 0.002370
v 0.066807 0.046083 0.002301
v -0.036615 0.100833 0.002183
v -0.061001 0.106099 0.004980
v -0.091140 0.109281 -0.000181
v -0.039181 0.112930 0.000843
v -0.040084 0.118148 0.002013
v -0.077769 0.125018 0.000026
v -0.036166 0.140910 0.002135
v 0.033128 0.016248 0.000772
v 0.033122 0.016076 0.001086
v -0.041323 0.016376 0.001638
v 0.034776 0.016765 0.000644
v 0.035862 0.018567 0.000348
v 0.021573 0.022765 0.002860
v 0.033365 0.019071 0.000331
v 0.036424 0.019414 0.000350
v 0.036441 0.019427 0.000389
v 0.036518 0.019465 0.000492
v 0.034387 0.024399 0.000981
v 0.028330 0.043569 0.000380
v -0.000167 0.076094 0.000548
v -0.041133 0.015208 0.001955
v 0.033199 0.016947 0.001175
v -0.043244 0.016768 0.001373
v -0.041382 0.016337 0.001602
v -0.043317 0.016848 0.001395
v 0.009195 0.017547 0.001447
v 0.009176 0.017552 0.001398
v 0.033107 0.016979 0.001255
v 0.009227 0.017602 0.001456
v 0.036515 0.019464 0.000489
v 0.014628 0.020325 0.001528
v 0.014644 0.020257 0.001426
v 0.014591 0.020403 0.001466
v 0.014590 0.020541 0.001503
v 0.012977 0.023820 0.001616
v 0.012882 0.023752 0.001445
v 0.034190 0.024420 0.000893
v -0.012922 0.028282 0.004578
v 0.074106 0.042968 -0.001067
v 0.021251 0.042676 0.010152
v -0.043992 0.052706 0.007733
v -0.019827 0.058731 0.002817
v -0.009358 0.079060 -0.000333
v -0.095497 0.113599 0.002593
v -0.044155 0.126411 0.003852
v -0.067992 0.129428 0.002842
v -0.089411 0.139601 0.003725
v -0.083353 0.139718 0.006799
v 0.032657 0.016040 0.001307
v -0.043242 0.016754 0.001372
v 0.006420 0.016848 0.003084
v 0.033335 0.017126 0.001261
v 0.033340 0.017233 0.001316
v 0.033357 0.017312 0.001353
v 0.014619 0.020510 0.001522
v 0.014566 0.020414 0.001649
v 0.014555 0.020531 0.001531
v 0.014587 0.020544 0.001505
v 0.015688 0.023515 0.002812
v 0.012124 0.024286 0.002635
v 0.081607 0.040183 0.004991
v 0.030077 0.049738 0.014957
v -0.045367 0.103338 0.003152
v -0.063158 0.133306 0.004519
v -0.041385 0.016349 0.001610
v -0.041387 0.016357 0.001610
v 0.009988 0.018491 0.002173
v 0.033348 0.017276 0.001339
v 0.033354 0.017308 0.001352
v 0.010940 0.018946 0.002493
v 0.010171 0.018487 0.001929
v 0.012292 0.024908 0.001819
v -0.006713 0.066200 0.002457
v -0.087217 0.101852 0.007591
v -0.045495 0.112614 0.003515
v 0.010398 0.018309 0.002521
v 0.010714 0.019036 0.002030
v 0.013140 0.020191 0.002350
v 0.012234 0.024781 0.002249
v -0.082713 0.042722 0.010218
v 0.006238 0.018674 0.002820
v 0.008336 0.024318 0.004260
v 0.015235 0.020311 0.002988
v 0.062590 0.046793 0.002614
v -0.099449 0.113224 0.005008
v -0.057587 0.115514 0.005891
v -0.048991 0.130320 0.003515
v 0.036857 0.016002 0.005688
v 0.006113 0.018778 0.002925
v 0.006190 0.018971 0.003227
v 0.012187 0.027086 0.006222
v 0.063537 0.050084 0.002791
v -0.086110 0.051585 0.004041
v 0.068245 0.068844 0.003121
v -0.074970 0.130735 0.007310
v 0.045747 0.012753 0.014814
v 0.033055 0.039583 0.003445
v 0.032869 0.048106 0.009599
v -0.046065 0.107618 0.004526
v -0.057498 0.114289 -0.001208
v -0.091025 0.131627 0.005180
v 0.041520 0.034215 0.014819
v 0.036417 0.046939 0.010613
v -0.073002 0.074808 0.004742
v -0.101680 0.110154 0.010145
v -0.080048 0.111193 0.006628
v -0.099195 0.117605 0.006560
v -0.090954 0.113266 0.003000
v -0.074015 0.124770 0.003214
v 0.035522 0.015668 0.004505
v 0.025529 0.023131 0.007875
v 0.042759 0.018172 0.005078
v -0.099139 0.112354 0.010236
v -0.084004 0.129417 0.007880
v 0.035620 0.015646 0.004656
v 0.035440 0.015658 0.004544
v 0.035420 0.015731 0.004415
v 0.042887 0.016449 0.004683
v 0.018370 0.025993 0.008118
v 0.083699 0.044131 0.011998
v -0.011062 0.056821 0.004541
v -0.052444 0.061935 0.008996
v -0.056653 0.131433 0.003885
v -0.090134 0.140059 0.011056
v -0.039091 0.012976 0.006385
v 0.035611 0.015671 0.004586
v 0.043090 0.016286 0.004718
v 0.041731 0.015944 0.004916
v -0.061668 0.120668 0.009668
v -0.062922 0.120186 0.006580
v -0.064844 0.129359 0.005940
v -0.059058 0.135113 0.006352
v 0.008693 0.020926 0.007691
v 0.019356 0.020813 0.006277
v 0.053681 0.039745 0.001126
v 0.067679 0.058638 0.011235
v 0.081829 0.051603 0.014617
v 0.080755 0.066994 0.004200
v 0.036776 0.083606 0.004402
v -0.049225 0.105072 0.007089
v -0.067835 0.129839 0.009324
v -0.090352 0.130812 0.005659
v 0.038914 0.015204 0.005977
v 0.018635 0.033817 0.010856
v -0.012563 0.045834 0.008413
v 0.077043 0.064331 0.009628
v -0.067738 0.104107 0.007059
v -0.050680 0.102720 0.006549
v -0.090762 0.131599 0.008577
v -0.023459 0.017173 0.006503
v -0.018931 0.020326 0.005802
v 0.020317 0.020348 0.006280
v 0.020282 0.020352 0.006248
v 0.077992 0.028873 0.017535
v -0.019410 0.048315 0.007021
v -0.076995 0.055921 0.012087
v -0.063077 0.074775 0.008302
v 0.039551 0.082945 0.007991
v -0.089807 0.114034 0.009317
v -0.081803 0.134499 0.009197
v 0.027966 0.017342 0.008105
v 0.020400 0.020201 0.006792
v 0.019689 0.021102 0.006419
v 0.020445 0.020308 0.006548
v 0.019548 0.021170 0.006571
v 0.019572 0.021388 0.006517
v 0.009626 0.024910 0.008841
v -0.011795 0.048279 0.006027
v 0.019650 0.021129 0.006281
v 0.038155 0.075160 0.006170
v -0.053530 0.076116 0.006614
v -0.076324 0.108618 0.006847
v 0.023941 0.020826 0.007454
v 0.023821 0.020808 0.007374
v 0.019767 0.021463 0.006510
v 0.063738 0.047585 0.018475
v 0.035306 0.083543 0.006179
v -0.069803 0.110094 0.010002
v -0.063118 0.017755 0.011908
v 0.023979 0.020827 0.007523
v 0.010027 0.019231 0.010502
v 0.024188 0.020862 0.007623
v 0.007664 0.024509 0.010787
v 0.071740 0.059582 0.013558
v 0.033653 0.068483 0.008645
v -0.089669 0.113509 0.009622
v 0.037250 0.013459 0.011801
v -0.018332 0.017134 0.008294
v -0.017967 0.017191 0.008136
v -0.019266 0.017988 0.008370
v -0.017155 0.019006 0.008187
v -0.014831 0.021302 0.008137
v -0.014487 0.021524 0.008108
v -0.016548 0.019413 0.008203
v -0.014531 0.021585 0.008114
v -0.074510 0.063859 0.010265
v -0.063005 0.101805 0.010836
v -0.082725 0.108979 0.010460
v -0.030284 0.017600 0.010726
v -0.018012 0.016459 0.008457
v -0.020093 0.016840 0.008649
v -0.018782 0.016942 0.008538
v -0.016867 0.016952 0.008367
v -0.018615 0.016916 0.008139
v -0.016604 0.017311 0.008254
v -0.018726 0.017828 0.008485
v -0.017619 0.017127 0.008339
v -0.017069 0.016903 0.008802
v -0.019770 0.017911 0.008018
v -0.019446 0.018022 0.007994
v -0.018239 0.018144 0.008462
v -0.018484 0.018393 0.008112
v -0.014511 0.021463 0.008111
v -0.010003 0.020839 0.011458
v -0.078719 0.045516 0.012826
v -0.106870 0.117856 0.008971
v -0.082627 0.124054 0.010813
v -0.086240 0.136077 0.008980
v -0.017385 0.015573 0.009416
v -0.019199 0.016434 0.008283
v -0.015167 0.016649 0.008422
v -0.016850 0.017350 0.008355
v -0.020139 0.017148 0.008241
v -0.016992 0.016952 0.008834
v -0.016517 0.017325 0.008778
v -0.016443 0.016420 0.009128
v -0.015237 0.018107 0.009157
v -0.014450 0.020074 0.009420
v -0.014208 0.020356 0.008709
v 0.039095 0.065331 0.008199
v -0.091449 0.104647 0.016343
v -0.085140 0.109764 0.011289
v -0.056087 0.109046 0.008343
v 0.060336 0.013365 0.015851
v -0.015314 0.013078 0.010755
v -0.018903 0.015657 0.008699
v -0.018503 0.015228 0.009354
v -0.018023 0.015525 0.008938
v -0.018014 0.015524 0.008940
v -0.017578 0.015898 0.009283
v -0.015853 0.017229 0.009197
v -0.015465 0.019566 0.007918
v -0.015905 0.017246 0.009171
v -0.065505 0.023906 0.016296
v -0.014159 0.019381 0.009161
v 0.023240 0.019317 0.007969
v -0.008903 0.030207 0.010272
v -0.032025 0.043710 0.011104
v -0.076111 0.108915 0.012239
v -0.087726 0.110622 0.011461
v -0.075682 0.123276 0.011613
v -0.058811 0.124693 0.010320
v -0.028483 0.012823 0.015331
v -0.018735 0.015318 0.009357
v -0.017675 0.015776 0.009288
v -0.017399 0.015576 0.009453
v -0.016635 0.016223 0.009504
v -0.016481 0.016480 0.009433
v -0.017133 0.016507 0.009023
v -0.016799 0.016561 0.009399
v -0.016612 0.016737 0.009284
v -0.014232 0.018820 0.009186
v -0.014163 0.019035 0.009162
v 0.035507 0.038735 0.007069
v -0.060105 0.065862 0.010500
v -0.042913 0.016208 0.010872
v -0.016549 0.016216 0.009424
v 0.027540 0.025462 0.011163
v 0.052900 0.036928 0.018275
v -0.018457 0.045038 0.012224
v -0.079766 0.102229 0.013246
v -0.055951 0.103903 0.010026
v -0.079809 0.113382 0.011208
v -0.024235 0.033989 0.010566
v -0.021831 0.033514 0.009758
v -0.012109 0.034429 0.016490
v -0.021618 0.039944 0.009803
v 0.080221 0.060675 0.010213
v 0.079977 0.061025 0.010213
v 0.079977 0.061025 0.010213
v 0.079977 0.061025 0.010213
v 0.079977 0.061375 0.009983
v 0.042642 0.070607 0.013703
v -0.101670 0.107612 0.011449
v -0.081854 0.110820 0.013036
v -0.080173 0.113917 0.011350
v -0.087764 0.127615 0.011943
v -0.089604 0.132532 0.013810
v -0.082512 0.131219 0.016503
v -0.090738 0.137215 0.016040
v 0.003018 0.015609 0.012127
v 0.002913 0.016370 0.011822
v 0.006210 0.016172 0.010083
v 0.004365 0.016239 0.010408
v 0.029531 0.017193 0.011564
v 0.079977 0.060675 0.010456
v 0.006665 0.016528 0.010736
v 0.006794 0.016393 0.011293
v 0.008049 0.023932 0.010715
v 0.008007 0.026154 0.014827
v 0.040439 0.038438 0.011415
v 0.040812 0.039044 0.011333
v 0.040827 0.039004 0.011371
v 0.041026 0.039307 0.011360
v -0.092092 0.114376 0.013094
v -0.080926 0.119995 0.011871
v 0.006441 0.016889 0.013769
v 0.004107 0.018792 0.011767
v 0.004868 0.019477 0.011071
v 0.005227 0.020083 0.011600
v 0.040503 0.038539 0.011391
v 0.039295 0.038819 0.013504
v 0.040991 0.039240 0.011407
v -0.044005 0.050196 0.018182
v -0.053340 0.057205 0.012021
v -0.109252 0.118928 0.012868
v -0.085211 0.124400 0.012113
v 0.002665 0.017159 0.011654
v -0.037062 0.022049 0.014387
v 0.005008 0.019214 0.011585
v 0.005973 0.020291 0.012041
v 0.040921 0.029877 0.013770
v 0.037247 0.034459 0.014138
v 0.041104 0.038990 0.011519
v 0.041268 0.040859 0.013876
v 0.035261 0.063408 0.013730
v -0.084908 0.111671 0.013777
v -0.096274 0.114052 0.012694
v -0.079628 0.113877 0.011887
v 0.030092 0.033131 0.017051
v 0.037898 0.049802 0.012294
v 0.036762 0.050705 0.012265
v 0.037042 0.050482 0.012113
v 0.037371 0.052132 0.012102
v 0.039362 0.053196 0.012749
v 0.041514 0.060088 0.011667
v -0.060810 0.056099 0.014130
v -0.071160 0.127317 0.015330
v 0.039686 0.028392 0.014994
v -0.014394 0.036249 0.015661
v 0.038999 0.050000 0.013066
v 0.037934 0.049801 0.012522
v 0.037351 0.050714 0.013058
v 0.036708 0.050375 0.012255
v 0.036737 0.050709 0.012160
v 0.038344 0.051948 0.012460
v 0.038512 0.051973 0.012531
v 0.038310 0.051999 0.012457
v -0.067575 0.105241 0.012819
v 0.032702 0.016557 0.018388
v -0.047666 0.023407 0.015741
v 0.005109 0.023182 0.014079
v 0.042485 0.042518 0.014565
v 0.042214 0.042347 0.014146
v 0.038001 0.050109 0.012711
v 0.037156 0.052274 0.012561
v 0.038542 0.052053 0.012532
v 0.038558 0.052060 0.012566
v 0.039422 0.053044 0.012861
v 0.038545 0.052235 0.012471
v -0.087951 0.112787 0.015229
v -0.099960 0.117764 0.013068
v 0.029915 0.016911 0.013037
v 0.047795 0.033558 0.019939
v 0.041368 0.041680 0.013500
v 0.041603 0.042802 0.013500
v 0.041514 0.042349 0.013362
v 0.041780 0.043240 0.013757
v 0.039025 0.049660 0.013433
v 0.039260 0.050113 0.013008
v 0.039559 0.053529 0.013124
v 0.038715 0.052198 0.012565
v 0.039677 0.054046 0.013725
v 0.039751 0.053895 0.013421
v 0.077389 0.055366 0.016170
v -0.069245 0.102414 0.013116
v -0.080443 0.126177 0.014870
v 0.030088 0.017827 0.012668
v 0.038728 0.036556 0.013491
v 0.041363 0.041655 0.013534
v 0.039873 0.067063 0.019384
v 0.024689 0.024409 0.016440
v 0.041539 0.029754 0.015891
v 0.037660 0.035227 0.014347
v -0.032092 0.041488 0.016500
v 0.038894 0.037279 0.014379
v 0.041406 0.041806 0.013470
v 0.041368 0.042145 0.014957
v 0.042239 0.042434 0.014633
v 0.035107 0.054383 0.014535
v 0.033503 0.019474 0.014024
v 0.023056 0.023169 0.018956
v 0.038722 0.034222 0.012928
v 0.043110 0.043085 0.015161
v 0.041772 0.043237 0.013762
v 0.033556 0.055085 0.018768
v 0.046013 0.057003 0.014871
v 0.049122 0.058103 0.021000
v -0.095923 0.110104 0.018976
v -0.078646 0.131959 0.015476
v 0.021869 0.016080 0.021363
v 0.041290 0.040834 0.014500
v 0.041550 0.041387 0.014483
v 0.041932 0.041747 0.014600
v 0.042340 0.041851 0.014518
v 0.042887 0.043341 0.015182
v 0.043206 0.043758 0.015164
v 0.043198 0.043808 0.015064
v -0.050928 0.051869 0.019956
v -0.090436 0.108696 0.019813
v -0.015581 0.013668 0.023664
v -0.008539 0.026795 0.018401
v 0.037904 0.035278 0.014659
v 0.038485 0.036218 0.014910
v 0.039664 0.038108 0.014838
v 0.039736 0.038232 0.014831
v 0.040425 0.039148 0.014908
v 0.040576 0.039389 0.014897
v 0.040616 0.039433 0.014885
v 0.040783 0.039729 0.014831
v 0.040919 0.040010 0.014783
v 0.040961 0.040071 0.014759
v 0.040949 0.040031 0.014770
v 0.041120 0.040478 0.014668
v 0.040953 0.040054 0.014764
v 0.041153 0.040466 0.014646
v -0.067415 0.039226 0.016473
v 0.041166 0.040532 0.014653
v 0.041432 0.041180 0.014358
v 0.041980 0.042025 0.014642
v 0.042204 0.042270 0.014719
v 0.043174 0.043791 0.015138
v 0.043698 0.050008 0.017431
v 0.033169 0.019833 0.015622
v 0.032985 0.020491 0.016056
v 0.034456 0.030032 0.015376
v 0.034468 0.030035 0.015393
v 0.034837 0.030643 0.015324
v 0.035255 0.031470 0.015292
v 0.036208 0.032897 0.015270
v 0.036602 0.033476 0.015230
v 0.036669 0.033584 0.015221
v 0.036798 0.033770 0.015181
v 0.036941 0.033980 0.015129
v 0.036988 0.034037 0.015118
v 0.037133 0.034245 0.015056
v 0.037141 0.034269 0.015028
v 0.037386 0.034516 0.014907
v 0.037341 0.034550 0.014912
v 0.040192 0.038826 0.014886
v 0.040361 0.039069 0.014901
v 0.040470 0.039223 0.014909
v 0.040861 0.039872 0.014806
v 0.034886 0.024062 0.015727
v -0.069312 0.033798 0.016567
v 0.036125 0.027489 0.015767
v 0.036377 0.027679 0.015855
v 0.034457 0.030039 0.015351
v 0.035357 0.030410 0.015729
v 0.035423 0.030437 0.015751
v 0.037219 0.028394 0.016316
v 0.035478 0.031829 0.015293
v 0.036453 0.033284 0.015274
v 0.036365 0.033153 0.015273
v 0.036956 0.034009 0.015127
v 0.040822 0.035021 0.016040
v 0.040946 0.034909 0.015940
v 0.043185 0.041666 0.013559
v 0.030609 0.045859 0.020090
v 0.043238 0.043806 0.015491
v 0.044639 0.046493 0.016239
v 0.009025 0.022913 0.018184
v 0.036202 0.027465 0.015749
v 0.036357 0.027683 0.015872
v 0.036153 0.027480 0.015791
v 0.036419 0.027792 0.015984
v 0.035120 0.030272 0.015640
v 0.035758 0.030642 0.015889
v 0.034917 0.030255 0.015624
v 0.040763 0.034776 0.016063
v 0.078157 0.040491 0.021567
v 0.043093 0.043066 0.016172
v 0.043162 0.043572 0.015894
v 0.044683 0.047444 0.016704
v 0.033518 0.064202 0.018601
v -0.010489 0.018030 0.021888
v -0.043759 0.026591 0.017778
v 0.027890 0.028060 0.016774
v 0.040374 0.034946 0.016501
v 0.040570 0.034675 0.016191
v 0.040913 0.034935 0.016059
v 0.040264 0.039084 0.016286
v 0.039957 0.038617 0.016370
v 0.040258 0.039070 0.016288
v 0.040445 0.039352 0.016243
v 0.040399 0.039284 0.016254
v 0.040656 0.039662 0.016206
v 0.040681 0.039704 0.016204
v 0.040847 0.039951 0.016186
v 0.040917 0.040059 0.016182
v 0.041107 0.040343 0.016171
v 0.041090 0.040321 0.016171
v 0.041328 0.040679 0.016165
v 0.041352 0.040716 0.016165
v 0.041556 0.041032 0.016161
v 0.041535 0.041000 0.016163
v 0.041768 0.041372 0.016156
v 0.041763 0.041367 0.016160
v 0.042014 0.041788 0.016150
v 0.041970 0.041716 0.016147
v 0.042039 0.041843 0.016149
v 0.042090 0.041932 0.016146
v 0.042200 0.042141 0.016133
v 0.042139 0.042037 0.016141
v 0.042208 0.042150 0.016134
v 0.041523 0.042812 0.016242
v 0.042354 0.042545 0.016096
v 0.042513 0.042714 0.016090
v 0.042763 0.042669 0.016084
v 0.041885 0.042901 0.016435
v 0.042378 0.042792 0.016157
v 0.042461 0.042754 0.016061
v 0.042680 0.042790 0.016137
v 0.042718 0.042866 0.016063
v 0.043011 0.043133 0.016100
v 0.043661 0.044891 0.017336
v 0.043642 0.043731 0.016079
v 0.043528 0.044057 0.016192
v 0.045065 0.051020 0.016863
v -0.080134 0.101313 0.017024
v -0.059879 0.017856 0.015025
v 0.007969 0.018745 0.019683
v 0.035358 0.025645 0.017140
v 0.035582 0.026521 0.016790
v 0.040103 0.034672 0.016731
v 0.037506 0.034785 0.016589
v 0.037535 0.034853 0.016585
v 0.037657 0.035073 0.016558
v 0.037631 0.035027 0.016567
v 0.037859 0.035426 0.016534
v 0.037893 0.035480 0.016533
v 0.038050 0.035735 0.016522
v 0.038120 0.035845 0.016521
v 0.038319 0.036155 0.016516
v 0.038284 0.036100 0.016517
v 0.038556 0.036513 0.016513
v 0.038552 0.036507 0.016513
v 0.038726 0.036768 0.016511
v 0.038971 0.037137 0.016507
v 0.038980 0.037150 0.016506
v 0.039252 0.037558 0.016495
v 0.039244 0.037545 0.016494
v 0.039432 0.037829 0.016476
v 0.039643 0.038146 0.016445
v 0.039666 0.038180 0.016439
v 0.039885 0.038510 0.016390
v 0.039884 0.038507 0.016391
v 0.040397 0.039281 0.016255
v 0.040655 0.039668 0.016205
v 0.040846 0.039953 0.016186
v -0.061139 0.038960 0.017915
v 0.041084 0.040311 0.016172
v 0.041332 0.040685 0.016165
v 0.041561 0.041041 0.016161
v 0.041765 0.041368 0.016158
v 0.041996 0.041763 0.016153
v 0.042441 0.042538 0.016251
v 0.042799 0.042729 0.016168
v -0.064532 0.049479 0.016113
v 0.046070 0.053194 0.016700
v 0.070024 0.020236 0.019952
v -0.052242 0.013535 0.020804
v -0.035400 0.019575 0.018249
v 0.035788 0.026963 0.016807
v 0.037229 0.034207 0.016706
v 0.037233 0.034194 0.016686
v 0.037474 0.034747 0.016610
v 0.037622 0.035017 0.016571
v 0.037861 0.035431 0.016534
v 0.038115 0.035838 0.016520
v 0.038286 0.036102 0.016517
v 0.038566 0.036529 0.016513
v 0.038733 0.036779 0.016511
v 0.038982 0.037151 0.016506
v 0.039228 0.037520 0.016496
v 0.039433 0.037830 0.016477
v 0.039658 0.038167 0.016442
v 0.045244 0.053993 0.016586
v 0.046201 0.053219 0.016764
v 0.033121 0.024376 0.017453
v 0.035119 0.026032 0.016907
v 0.043633 0.041355 0.017503
v 0.044395 0.050903 0.017358
v 0.044598 0.050717 0.017313
v -0.082160 0.099553 0.019654
v 0.052565 0.013506 0.018580
v 0.044263 0.019782 0.020412
v 0.034578 0.024052 0.017455
v 0.033927 0.023770 0.018052
v 0.034608 0.024086 0.017469
v -0.067681 0.026534 0.020688
v -0.068031 0.036686 0.019938
v 0.032282 0.042571 0.020697
v 0.043276 0.040504 0.018298
v 0.042764 0.039705 0.018078
v 0.042768 0.039773 0.018252
v 0.046686 0.053785 0.018480
v 0.046751 0.053710 0.018367
v 0.046751 0.053709 0.018364
v 0.046753 0.053718 0.018412
v 0.046803 0.053728 0.018413
v 0.042229 0.036637 0.020140
v 0.041624 0.038234 0.018537
v 0.041446 0.038253 0.018482
v 0.042479 0.039308 0.018178
v 0.043265 0.039854 0.019877
v 0.042627 0.039637 0.018213
v 0.043298 0.040428 0.018288
v 0.043636 0.040694 0.018438
v 0.043556 0.040627 0.018405
v 0.043642 0.040700 0.018441
v 0.043649 0.040711 0.018445
v 0.044007 0.041326 0.018385
v 0.043747 0.040725 0.018512
v 0.043683 0.041357 0.018237
v 0.043777 0.041531 0.018198
v 0.043989 0.041331 0.018369
v 0.043981 0.041351 0.018345
v -0.096998 0.104377 0.020321
v 0.042643 0.039490 0.018280
v 0.042805 0.039909 0.018252
v 0.043462 0.040613 0.018503
v 0.043726 0.040677 0.018445
v 0.043967 0.041021 0.018329
v 0.044540 0.046643 0.016493
v 0.046733 0.053732 0.018418
v -0.048894 0.020954 0.015585
v -0.020506 0.029031 0.018087
v 0.043713 0.039307 0.019798
v 0.043815 0.039431 0.019841
v 0.044128 0.040080 0.019969
v 0.044185 0.040156 0.019886
v 0.033911 0.057754 0.021972
v -0.043088 0.027079 0.027771
v -0.012348 0.027879 0.019605
v 0.035796 0.025837 0.020645
v 0.042202 0.036891 0.020210
v 0.043585 0.039205 0.020032
v -0.054783 0.040445 0.020486
v 0.043742 0.039308 0.019822
v -0.017162 0.032174 0.020868
v 0.030793 0.037461 0.023647
v 0.042497 0.036516 0.020204
v 0.043609 0.039479 0.020249
v 0.043630 0.039491 0.020262
v -0.042306 0.026663 0.024582
v -0.018463 0.024649 0.020063
v 0.008820 0.025592 0.023366
v 0.043631 0.039396 0.020290
v 0.043670 0.039681 0.020349
v -0.064523 0.014340 0.022915
v 0.006304 0.016450 0.024769
v -0.031744 0.031369 0.021493
v -0.043762 0.038797 0.021580
v -0.034084 0.039671 0.020624
v 0.060659 0.022796 0.025307
v 0.031930 0.023589 0.022544
v 0.055637 0.036540 0.022279
v -0.063061 0.033428 0.022422
v 0.037854 0.056311 0.024236
v 0.047114 0.059250 0.025284
v -0.084607 0.103470 0.020500
v -0.091912 0.103299 0.023242
v 0.028136 0.024276 0.022100
v 0.027885 0.016877 0.022215
v 0.072424 0.032202 0.025053
v -0.033840 0.030125 0.026259
v 0.045751 0.041803 0.025296
v 0.047657 0.047157 0.026094
v 0.023158 0.022308 0.021520
v 0.053921 0.026461 0.024988
v -0.068544 0.026367 0.028158
v 0.001637 0.014948 0.023573
v -0.045482 0.038489 0.029865
v 0.069708 0.046176 0.021995
v -0.022616 0.014060 0.025634
v -0.026499 0.014825 0.023513
v 0.010411 0.018782 0.027370
v -0.026423 0.015175 0.023863
v -0.026423 0.015175 0.023863
v -0.026773 0.015468 0.023863
v -0.034036 0.021347 0.024210
v -0.054460 0.036593 0.026693
v 0.039752 0.065060 0.024665
v -0.026423 0.015175 0.023863
v -0.026073 0.015175 0.024126
v -0.024821 0.022055 0.025518
v 0.035463 0.031785 0.026506
v 0.037174 0.014795 0.028627
v 0.039395 0.033025 0.024563
v 0.062109 0.034881 0.025243
v 0.035844 0.046943 0.028456
v -0.065504 0.014500 0.030397
v 0.039377 0.033375 0.024913
v 0.039377 0.033375 0.024913
v 0.043577 0.062457 0.024913
v 0.068919 0.031282 0.025386
v 0.039042 0.033375 0.025263
v 0.039377 0.033375 0.024913
v 0.039377 0.033725 0.025217
v 0.037557 0.056826 0.026864
v 0.043227 0.062425 0.025263
v 0.043227 0.062425 0.025263
v -0.061523 0.032753 0.032436
v 0.043276 0.062075 0.025613
v 0.042877 0.062425 0.025576
v 0.040547 0.057840 0.030583
v 0.043227 0.062425 0.025263
v -0.015935 0.017327 0.026033
v -0.045888 0.018664 0.026919
v -0.049907 0.036716 0.032028
v -0.050261 0.013696 0.030550
v 0.043990 0.047420 0.030387
v 0.035865 0.042646 0.029992
v -0.042987 0.032879 0.029085
v -0.040670 0.021551 0.030084
v -0.043467 0.015437 0.033717
v -0.041785 0.017098 0.029667
v -0.043189 0.023762 0.032834
v -0.059845 0.016892 0.035566
v -0.064604 0.024499 0.036693
v -0.047431 0.020725 0.033793
v -0.049478 0.030605 0.032688
v -0.042086 0.020363 0.035086
v -0.063665 0.034474 0.038541
v -0.057235 0.035253 0.036403
v -0.052010 0.020267 0.037246
v -0.057394 0.029008 0.037660
v -0.061452 0.031659 0.042245
v 0.030291 0.017306 -0.047453
v 0.030627 0.017275 -0.047324
v -0.027310 0.109376 -0.034690
v -0.032102 0.108738 -0.033529
v -0.031976 0.108732 -0.033271
v -0.031574 0.108869 -0.032809
v -0.031625 0.108818 -0.032524
v -0.059140 0.100412 -0.022867
v -0.026818 0.138711 -0.023367
v -0.026858 0.138678 -0.023382
v -0.058841 0.100569 -0.022521
v -0.058827 0.100568 -0.022477
v -0.058829 0.100549 -0.022283
v -0.058826 0.100551 -0.022279
v -0.027899 0.138198 -0.022159
v -0.028144 0.138107 -0.021959
v -0.028243 0.138095 -0.021994
v -0.027989 0.138123 -0.022033
v -0.027897 0.138197 -0.021916
v -0.027897 0.138197 -0.021916
v 0.004741 0.052178 -0.020649
v 0.004731 0.052038 -0.020514
v 0.004622 0.052106 -0.020574
v 0.018014 0.079443 -0.020390
v 0.017868 0.079508 -0.020262
v 0.005129 0.052371 -0.019656
v 0.005147 0.052360 -0.019613
v -0.027193 0.084483 -0.019548
v 0.016553 0.078438 -0.019717
v -0.027194 0.084374 -0.019447
v -0.062559 0.119571 -0.017115
v -0.062450 0.119508 -0.017164
v -0.068788 0.117359 -0.016746
v -0.063561 0.119775 -0.016262
v -0.063680 0.119834 -0.016114
v -0.063128 0.120294 -0.015851
v 0.005937 0.052898 -0.013740
v -0.056192 0.103978 -0.013913
v -0.056234 0.103900 -0.014018
v -0.056024 0.104028 -0.013707
v 0.064527 0.080829 -0.012750
v -0.057800 0.116050 -0.013249
v 0.012223 0.036880 -0.012910
v 0.012229 0.036914 -0.012723
v 0.012239 0.036903 -0.012714
v 0.012210 0.036740 -0.012724
v 0.012260 0.036904 -0.012698
v 0.064522 0.080652 -0.012527
v -0.057802 0.116062 -0.013239
v 0.012184 0.036719 -0.012695
v 0.064388 0.079595 -0.012129
v 0.064274 0.079327 -0.012053
v -0.034576 0.017101 -0.007812
v -0.034431 0.017171 -0.007557
v -0.078199 0.107654 -0.007859
v -0.038041 0.140695 -0.006656
v -0.034251 0.017034 -0.006555
v -0.034239 0.017058 -0.006394
v -0.034174 0.016952 -0.006328
v 0.043911 0.015894 -0.005547
v 0.015643 0.034735 -0.004374
v 0.015572 0.034682 -0.004275
v 0.015734 0.034944 -0.004259
v -0.025448 0.061575 -0.004416
v -0.025357 0.061736 -0.004484
v -0.084586 0.109583 -0.004443
v 0.036997 0.021009 -0.003931
v 0.015562 0.034622 -0.004179
v -0.084775 0.109665 -0.004352
v 0.045122 0.015661 -0.003589
v 0.045063 0.015596 -0.003555
v 0.045304 0.015620 -0.003639
v 0.036527 0.020816 -0.003355
v 0.036716 0.020989 -0.003359
v 0.036781 0.020978 -0.003562
v 0.037603 0.022323 -0.003407
v 0.045318 0.016443 -0.003131
v 0.036703 0.020984 -0.003325
v 0.036714 0.020987 -0.003346
v 0.037569 0.022364 -0.003218
v 0.037646 0.022410 -0.003287
v 0.037752 0.022492 -0.003382
v -0.085329 0.110298 -0.003513
v -0.085372 0.110410 -0.003369
v -0.085389 0.110363 -0.003406
v 0.045172 0.015711 -0.003234
v 0.045069 0.015824 -0.003162
v 0.036382 0.020602 -0.003040
v 0.036728 0.021089 -0.003051
v 0.037805 0.022587 -0.003167
v 0.036636 0.021130 -0.003022
v -0.085246 0.110380 -0.003382
v -0.085513 0.110366 -0.003389
v 0.044834 0.016123 -0.002982
v 0.036477 0.020593 -0.002779
v 0.036683 0.020824 -0.002821
v 0.036999 0.021470 -0.002812
v 0.034810 0.045807 -0.002156
v 0.034820 0.045940 -0.002197
v -0.089183 0.108901 -0.002003
v -0.083483 0.111363 -0.000598
v -0.083474 0.111372 -0.000596
v 0.033498 0.021227 -0.000182
v 0.033589 0.021509 -0.000058
v 0.033588 0.021493 -0.000083
v 0.033743 0.023055 -0.000206
v 0.033864 0.023669 -0.000176
v 0.033939 0.023911 -0.000094
v 0.033930 0.023889 -0.000096
v 0.033939 0.023911 -0.000094
v -0.083747 0.111294 -0.000360
v 0.033499 0.021257 -0.000175
v 0.033991 0.024100 0.000049
v 0.033995 0.024081 0.000071
v 0.036932 0.020422 0.000079
v 0.033049 0.016259 0.000809
v 0.036957 0.020415 0.000141
v 0.036947 0.020410 0.000137
v 0.033076 0.016241 0.000924
v 0.033033 0.016186 0.001085
v 0.032912 0.015882 0.001086
v 0.033306 0.017104 0.001275
v 0.033327 0.017237 0.001321
v -0.043244 0.016762 0.001373
v 0.010007 0.018663 0.001892
v -0.043252 0.016765 0.001377
v 0.010327 0.019025 0.002010
v 0.006279 0.018675 0.002863
v -0.074047 0.124767 0.003221
v 0.035260 0.015512 0.004491
v 0.035507 0.015664 0.004552
v 0.035472 0.015717 0.004632
v 0.035599 0.015677 0.004622
v 0.020282 0.020352 0.006248
v 0.019697 0.021356 0.006280
v -0.019073 0.016642 0.008113
v -0.018744 0.016782 0.008230
v -0.018815 0.016872 0.008240
v -0.018642 0.016925 0.008113
v -0.018030 0.017061 0.008193
v -0.017579 0.017275 0.008113
v -0.017123 0.017478 0.008168
v -0.016987 0.017427 0.008189
v -0.019420 0.017912 0.008175
v -0.018879 0.017975 0.008113
v -0.018719 0.018268 0.008148
v -0.017433 0.018675 0.008113
v -0.014705 0.021150 0.008066
v -0.020122 0.016878 0.008515
v -0.018846 0.016925 0.008463
v -0.017085 0.016754 0.008512
v -0.016978 0.016704 0.008532
v -0.016680 0.016925 0.008463
v -0.018710 0.017094 0.008332
v -0.018112 0.017275 0.008463
v -0.016458 0.017075 0.008513
v -0.016286 0.017045 0.008523
v -0.019313 0.017625 0.008463
v -0.018734 0.017771 0.008405
v -0.017659 0.017465 0.008324
v -0.017138 0.017625 0.008463
v -0.017138 0.017625 0.008463
v -0.018449 0.017975 0.008463
v -0.017766 0.017737 0.008175
v -0.017341 0.018536 0.008358
v -0.014380 0.020418 0.008598
v -0.018677 0.015175 0.008813
v -0.017500 0.015770 0.008869
v -0.017344 0.015699 0.008895
v -0.020074 0.016575 0.008813
v -0.017044 0.016925 0.008813
v -0.017044 0.016925 0.008813
v -0.016939 0.017100 0.008696
v -0.016545 0.017275 0.008813
v -0.016545 0.017275 0.008813
v -0.015818 0.017434 0.008991
v -0.013866 0.020066 0.009006
v -0.014173 0.020372 0.008813
v -0.018722 0.015488 0.009107
v -0.017526 0.015875 0.009163
v -0.017526 0.015875 0.009163
v -0.017526 0.015875 0.009163
v -0.016938 0.016402 0.009279
v -0.017343 0.015702 0.009440
v -0.017255 0.015692 0.009671
v -0.016644 0.016225 0.009513
v -0.016677 0.016245 0.009475
v -0.089408 0.112836 0.010194
v -0.089341 0.112671 0.010270
v 0.040730 0.038867 0.011493
v 0.040725 0.038892 0.011626
v 0.040921 0.039151 0.011589
v 0.040505 0.038555 0.011639
v 0.038061 0.049928 0.012620
v 0.038294 0.051923 0.012444
v 0.038335 0.051998 0.012448
v 0.038154 0.051916 0.012411
v 0.038546 0.052073 0.012527
v 0.029791 0.016921 0.012912
v 0.041245 0.041457 0.013596
v 0.041368 0.041750 0.013454
v 0.041458 0.042004 0.013462
v 0.040752 0.039683 0.014840
v 0.040929 0.039991 0.014772
v 0.040850 0.039850 0.014811
v 0.040902 0.039951 0.014789
v 0.040990 0.040131 0.014746
v 0.041085 0.040332 0.014699
v 0.036885 0.033904 0.015152
v 0.036781 0.033749 0.015186
v 0.037048 0.034135 0.015093
v 0.040256 0.038921 0.014893
v 0.040559 0.039357 0.014897
v 0.040746 0.039662 0.014851
v 0.036263 0.027678 0.015792
v 0.036367 0.027657 0.015906
v 0.040472 0.039223 0.014906
v 0.036495 0.027610 0.015886
v 0.040654 0.034627 0.015986
v 0.040772 0.034989 0.015835
v 0.040916 0.035092 0.015786
v 0.040885 0.034963 0.015986
v 0.040810 0.035015 0.016025
v 0.040204 0.038989 0.016303
v 0.040204 0.038989 0.016303
v 0.040412 0.039305 0.016251
v 0.040594 0.039579 0.016217
v 0.040683 0.039710 0.016204
v 0.040869 0.039988 0.016185
v 0.040901 0.040037 0.016183
v 0.040917 0.040059 0.016182
v 0.040901 0.040035 0.016183
v 0.040970 0.040139 0.016177
v 0.041107 0.040347 0.016171
v 0.041329 0.040684 0.016165
v 0.041393 0.040780 0.016163
v 0.041529 0.040992 0.016161
v 0.041557 0.041034 0.016162
v 0.041557 0.041034 0.016162
v 0.041759 0.041358 0.016158
v 0.041908 0.041611 0.016155
v 0.042050 0.041864 0.016148
v 0.042004 0.041783 0.016149
v 0.042184 0.042130 0.016131
v 0.042295 0.042463 0.016105
v 0.042647 0.042857 0.016079
v 0.042899 0.043170 0.016195
v 0.043700 0.044110 0.016033
v 0.027467 0.027411 0.016518
v 0.027568 0.027550 0.016580
v 0.037448 0.034682 0.016608
v 0.037492 0.034761 0.016600
v 0.037454 0.034687 0.016610
v 0.037642 0.035050 0.016565
v 0.037818 0.035357 0.016542
v 0.037923 0.035539 0.016535
v 0.038067 0.035763 0.016523
v 0.038120 0.035845 0.016521
v 0.038301 0.036125 0.016516
v 0.038422 0.036311 0.016514
v 0.038526 0.036467 0.016513
v 0.038593 0.036568 0.016512
v 0.038758 0.036817 0.016510
v 0.038770 0.036834 0.016510
v 0.038710 0.036744 0.016511
v 0.038772 0.036837 0.016510
v 0.038771 0.036835 0.016510
v 0.038977 0.037147 0.016507
v 0.039165 0.037427 0.016498
v 0.039267 0.037578 0.016493
v 0.039368 0.037732 0.016483
v 0.039457 0.037865 0.016473
v 0.039484 0.037906 0.016469
v 0.039557 0.038015 0.016460
v 0.039679 0.038197 0.016438
v 0.039874 0.038492 0.016393
v 0.039963 0.038626 0.016369
v 0.040071 0.038790 0.016339
v 0.041092 0.040322 0.016172
v 0.042650 0.042820 0.016173
v 0.038553 0.036508 0.016513
v 0.042370 0.039686 0.018224
v 0.042579 0.039135 0.018071
v 0.042543 0.039337 0.018206
v 0.043517 0.040649 0.018444
v 0.043741 0.040865 0.018427
v 0.043705 0.040674 0.018523
v 0.043684 0.040768 0.018442
v 0.043826 0.040941 0.018455
v 0.046733 0.053732 0.018418
v 0.044185 0.040156 0.019886
v 0.043569 0.039467 0.020333
v 0.043714 0.039555 0.020294
v 0.044010 0.039803 0.020232
v 0.043671 0.039569 0.020452
vn 0.4740 -0.3728 -0.7977
vn -0.3656 0.5411 -0.7574
vn -0.1229 -0.9723 0.1991
vn -0.9356 0.1338 -0.3268
vn -0.7324 0.5065 -0.4551
vn -0.1244 -0.9134 0.3877
vn -0.4914 0.3362 0.8034
vn 0.6928 -0.3961 -0.6026
vn -0.7566 0.4821 -0.4417
vn 0.1088 -0.4644 -0.8789
vn 0.9727 -0.1569 -0.1708
vn -0.6536 0.4642 -0.5978
vn -0.4815 0.3017 -0.8229
vn -0.2287 -0.4551 -0.8606
vn -0.6169 -0.6198 0.4850
vn -0.5313 0.8080 -0.2544
vn 0.1648 0.9731 -0.1609
vn -0.1355 0.1763 -0.9750
vn -0.9905 0.0919 -0.1023
vn 0.0037 0.8979 -0.4402
vn 0.7543 0.2748 -0.5963
vn -0.2190 -0.6296 0.7454
vn 0.3690 0.9035 -0.2179
vn 0.3518 -0.9326 0.0806
vn 0.5924 -0.7342 -0.3317
vn -0.3327 0.5809 0.7429
vn 0.8101 -0.5834 -0.0579
vn 0.8189 -0.5723 0.0425
vn -0.2468 0.8642 0.4385
vn -0.0076 -0.7975 0.6033
vn 0.7976 -0.5443 -0.2600
vn -0.7659 0.4133 0.4926
vn 0.6640 -0.5800 0.4719
vn -0.5786 0.8089 -0.1041
vn -0.5196 0.5577 -0.6473
vn 0.2484 -0.8258 -0.5064
vn 0.4584 0.5543 -0.6947
vn -0.2109 -0.6121 0.7621
vn -0.7548 -0.0958 0.6489
vn 0.2113 -0.9699 -0.1213
vn -0.1769 -0.3073 -0.9350
vn -0.0285 0.9400 -0.3400
vn 0.0823 0.9786 0.1884
vn -0.1456 0.0134 -0.9892
vn 0.0478 0.1418 -0.9887
vn 0.1771 -0.9731 -0.1476
vn -0.4942 0.6046 -0.6247
vn -0.3122 -0.1064 -0.9440
vn 0.2004 0.5523 -0.8092
vn 0.2868 -0.8254 -0.4863
vn 0.4801 -0.3290 -0.8131
vn 0.4978 0.7502 -0.4351
vn -0.6234 0.0106 -0.7819
vn 0.5662 0.2379 -0.7892
vn -0.2185 0.3995 -0.8903
vn -0.2566 0.2164 -0.9420
vn 0.6365 -0.1969 -0.7457
vn 0.5716 -0.6940 -0.4377
vn -0.2571 -0.1069 -0.9604
vn -0.0887 -0.9629 -0.2549
vn 0.6873 -0.5654 0.4561
vn 0.6149 -0.7866 -0.0560
vn 0.8021 -0.1505 0.5779
vn -0.0000 -0.0000 1.0000
vn 0.7932 -0.1639 0.5865
vn 0.7375 0.1425 0.6602
vn -0.1648 0.0231 -0.9861
vn 0.0982 0.0734 -0.9924
vn -0.0005 -0.5496 -0.8354
vn 0.4243 -0.7620 -0.4893
vn 0.7527 -0.0173 0.6581
vn 0.7510 -0.0694 0.6566
vn 0.8012 -0.0629 0.5951
vn -0.7953 0.1199 -0.5943
vn -0.1718 0.5798 -0.7965
vn -0.5700 -0.6722 0.4725
vn 0.1054 0.8423 -0.5287
vn 0.6546 -0.7340 -0.1810
vn 0.8572 -0.0324 -0.5139
vn -0.5197 0.2517 -0.8164
vn -0.6229 -0.6215 0.4752
vn 0.0698 0.4312 -0.8995
vn 0.6705 0.4592 -0.5827
vn -0.2773 0.0898 -0.9566
vn -0.1715 0.3690 -0.9135
vn -0.5890 0.1985 -0.7834
vn 0.5901 0.0089 0.8073
vn 0.6678 0.4603 -0.5850
vn 0.2881 0.2019 -0.9361
vn -0.2172 0.0764 -0.9731
vn 0.1228 0.7328 -0.6692
vn 0.6726 0.7064 -0.2202
vn -0.2383 -0.2908 -0.9266
vn -0.0335 0.9941 0.1029
vn 0.4784 -0.8754 -0.0698
vn -0.4528 -0.2100 -0.8665
vn -0.5003 -0.1507 -0.8527
vn -0.3953 0.7745 -0.4939
vn 0.4921 -0.7823 -0.3819
vn 0.5994 -0.5522 -0.5795
vn 0.8752 -0.3139 -0.3681
vn -0.9158 -0.2539 -0.3111
vn 0.7586 -0.4928 -0.4262
vn -0.4665 -0.8200 -0.3316
vn -0.0509 -0.9794 0.1953
vn -0.0529 -0.9958 -0.0740
vn -0.0117 0.5910 -0.8066
vn 0.6504 -0.2851 0.7041
vn 0.1745 -0.5170 -0.8380
vn -0.3690 0.1272 -0.9207
vn -0.1547 -0.8204 0.5505
vn 0.2236 0.3683 -0.9024
vn 0.4893 0.8721 -0.0045
vn -0.3151 -0.2190 -0.9234
vn -0.2950 -0.6153 -0.7310
vn -0.2621 0.5558 -0.7889
vn -0.5634 -0.1437 -0.8136
vn 0.7490 0.1259 0.6505
vn -0.3681 -0.0435 -0.9288
vn 0.7019 0.3346 0.6288
vn 0.2821 -0.5721 -0.7701
vn 0.1476 -0.9493 -0.2776
vn 0.7087 0.1335 -0.6928
vn 0.0140 0.7459 -0.6659
vn 0.0807 -0.9780 -0.1924
vn 0.8704 -0.1652 0.4639
vn 0.5119 -0.5717 -0.6412
vn -0.3547 -0.2264 -0.9072
vn -0.0673 0.5228 -0.8498
vn -0.0308 -0.1414 -0.9895
vn -0.2500 -0.9679 0.0250
vn -0.4688 -0.1414 -0.8719
vn 0.2776 -0.5725 -0.7715
vn -0.0779 0.9633 -0.2569
vn -0.0723 -0.8343 0.5466
vn 0.0403 -0.0358 -0.9985
vn -0.1609 -0.0055 -0.9870
vn -0.4297 -0.7447 -0.5107
vn -0.8457 0.1683 0.5064
vn -0.0448 -0.1294 -0.9906
vn 0.2883 0.7940 -0.5353
vn -0.1602 0.9497 0.2690
vn 0.0036 0.0922 -0.9957
vn -0.3529 -0.0787 -0.9324
vn 0.0279 0.1228 -0.9920
vn 0.9540 -0.1440 0.2629
vn -0.5324 -0.3045 -0.7898
vn -0.3795 -0.0753 -0.9221
vn 0.7685 0.3375 0.5437
vn -0.5271 0.6601 -0.5351
vn -0.3546 -0.0276 -0.9346
vn 0.3968 -0.7197 -0.5697
vn 0.5107 -0.3069 -0.8031
vn -0.3416 -0.3216 -0.8831
vn -0.6401 -0.7392 0.2095
vn -0.4020 -0.3684 0.8382
vn -0.2588 0.9224 -0.2866
vn -0.4049 0.9071 0.1148
vn 0.0153 -0.0166 -0.9997
vn -0.1318 0.1608 -0.9781
vn -0.4494 0.1880 -0.8733
vn -0.4351 -0.4146 -0.7993
vn -0.7136 0.5033 0.4874
vn 0.7308 0.6816 -0.0377
vn -0.0687 -0.0101 -0.9976
vn 0.0908 -0.3097 -0.9465
vn 0.1014 0.0863 -0.9911
vn 0.9664 -0.1183 -0.2281
vn 0.3014 0.6755 0.6729
vn 0.4694 -0.8701 0.1504
vn 0.7256 0.2907 0.6236
vn -0.9246 0.3180 0.2096
vn 0.8107 -0.2488 -0.5299
vn 0.7832 0.3282 -0.5281
vn 0.0140 -0.4716 -0.8817
vn 0.0886 -0.1054 -0.9905
vn -0.2423 0.1101 -0.9639
vn 0.1802 -0.0950 -0.9790
vn -0.0748 0.9752 -0.2082
vn 0.8448 -0.3710 -0.3855
vn 0.8273 -0.5581 -0.0643
vn 0.0943 0.9573 -0.2733
vn -0.5608 0.6707 0.4855
vn -0.4178 0.3136 -0.8527
vn -0.0641 -0.0720 -0.9953
vn 0.1509 -0.0359 -0.9879
vn 0.1310 -0.1067 -0.9856
vn 0.1466 0.0803 -0.9859
vn 0.1065 -0.0065 -0.9943
vn -0.2409 0.1871 -0.9523
vn 0.1191 0.0711 -0.9903
vn 0.1273 0.4035 -0.9061
vn 0.6824 -0.0053 0.7309
vn -0.0727 -0.9942 -0.0794
vn 0.8011 0.0437 -0.5969
vn -0.5204 0.4125 0.7477
vn 0.1104 0.9607 -0.2547
vn 0.5213 -0.0835 -0.8493
vn -0.3112 0.1879 -0.9316
vn 0.2236 -0.0817 -0.9713
vn 0.2357 -0.0615 -0.9699
vn -0.1279 0.2243 -0.9661
vn 0.1321 -0.0244 -0.9909
vn -0.1587 0.4869 -0.8589
vn -0.7358 0.6567 -0.1654
vn 0.0576 0.7679 0.6380
vn -0.1641 -0.9854 -0.0447
vn 0.6038 0.5383 -0.5879
vn -0.8508 -0.0575 -0.5223
vn 0.7624 0.1691 -0.6247
vn -0.7949 0.5892 -0.1447
vn 0.1387 -0.1626 -0.9769
vn -0.1562 -0.0810 -0.9844
vn -0.3325 -0.2892 -0.8977
vn 0.3207 0.3439 -0.8826
vn 0.3543 -0.9239 0.1446
vn -0.5175 -0.7424 -0.4254
vn 0.3141 -0.4300 0.8464
vn 0.8019 0.1018 0.5887
vn 0.2270 -0.9398 0.2555
vn -0.5410 0.0917 -0.8360
vn -0.3509 0.9330 -0.0797
vn -0.3664 -0.5408 -0.7571
vn 0.6359 0.7666 -0.0891
vn 0.4477 0.7616 -0.4686
vn 0.6523 0.1111 -0.7498
vn -0.8311 0.4179 -0.3669
vn 0.2286 -0.1044 -0.9679
vn -0.0210 -0.0631 -0.9978
vn -0.2098 0.0393 -0.9770
vn -0.1722 0.1970 -0.9652
vn 0.2905 -0.0715 -0.9542
vn -0.3528 0.3515 -0.8672
vn -0.8017 0.1007 0.5891
vn -0.6555 -0.7157 -0.2413
vn -0.5220 -0.1978 -0.8297
vn -0.6838 0.7165 -0.1381
vn -0.0297 0.9472 -0.3194
vn -0.0779 0.5282 -0.8455
vn 0.5405 0.5693 -0.6194
vn 0.3176 -0.2180 -0.9228
vn 0.2902 -0.0770 -0.9538
vn 0.2648 -0.3100 -0.9131
vn 0.4119 0.1556 -0.8978
vn 0.1052 -0.3275 -0.9390
vn 0.2270 0.4571 -0.8600
vn 0.5019 -0.7589 -0.4150
vn -0.0541 0.5839 -0.8101
vn -0.0418 0.9910 0.1274
vn -0.6556 -0.2310 -0.7189
vn -0.0760 0.6792 -0.7300
vn -0.5678 0.8201 0.0712
vn -0.9184 0.0323 -0.3944
vn -0.4664 0.0800 -0.8810
vn -0.5056 0.0652 -0.8603
vn 0.1964 0.5619 -0.8036
vn 0.0973 -0.1984 -0.9753
vn 0.5630 -0.3227 -0.7609
vn -0.3394 -0.1828 -0.9227
vn -0.3209 0.1086 -0.9409
vn 0.6065 -0.7638 -0.2207
vn 0.2454 -0.9482 0.2017
vn 0.3132 -0.8329 0.4562
vn 0.9103 -0.1109 0.3988
vn -0.4901 -0.3207 -0.8105
vn 0.0305 0.9995 -0.0087
vn -0.4946 -0.3619 -0.7901
vn -0.1260 -0.0865 -0.9882
vn -0.1538 0.0654 -0.9859
vn -0.3809 0.2514 -0.8898
vn -0.3638 -0.0546 -0.9299
vn 0.3274 -0.7661 -0.5531
vn -0.3404 0.8329 -0.4364
vn -0.5641 0.1034 -0.8192
vn 0.1242 -0.1280 -0.9840
vn 0.3927 0.6989 -0.5977
vn 0.3333 0.9123 -0.2381
vn -0.5649 0.3579 -0.7435
vn 0.4715 -0.2668 -0.8405
vn -0.5713 0.0146 -0.8206
vn 0.3489 0.3507 -0.8691
vn -0.0700 0.0527 -0.9962
vn -0.2621 -0.1096 -0.9588
vn -0.6251 0.7721 -0.1141
vn 0.6616 0.3185 0.6789
vn -0.0331 -0.1347 -0.9903
vn 0.3861 -0.3826 -0.8394
vn -0.3932 -0.4804 -0.7839
vn 0.4448 0.2953 -0.8455
vn -0.3343 0.5572 -0.7601
vn 0.6837 -0.7284 -0.0452
vn -0.2348 0.4596 -0.8565
vn -0.3635 -0.0556 -0.9299
vn 0.7043 0.1522 0.6934
vn -0.0097 0.9630 -0.2692
vn 0.2993 -0.2871 -0.9099
vn 0.6085 -0.3568 -0.7089
vn -0.8386 -0.2361 -0.4909
vn 0.2177 0.9595 0.1785
vn 0.7010 -0.5753 0.4215
vn -0.3478 -0.4152 -0.8406
vn -0.4224 0.6064 -0.6737
vn 0.9575 -0.1325 -0.2561
vn -0.4724 0.0426 -0.8804
vn 0.5883 0.6043 -0.5373
vn -0.4733 0.3786 -0.7954
vn -0.6161 -0.2001 -0.7618
vn 0.5397 -0.6319 0.5562
vn -0.4496 -0.8922 0.0423
vn -0.2860 0.0096 -0.9582
vn 0.6195 -0.2727 -0.7361
vn -0.5177 0.2253 -0.8253
vn 0.3689 -0.6117 -0.6998
vn 0.3295 -0.4434 -0.8336
vn -0.0787 0.7116 -0.6981
vn 0.6657 -0.1756 -0.7253
vn -0.4888 0.2890 -0.8232
vn -0.5393 0.2659 -0.7990
vn -0.5133 0.2909 -0.8074
vn -0.5787 0.2401 -0.7794
vn 0.1775 -0.2183 -0.9596
vn -0.3269 0.5627 -0.7593
vn -0.6684 -0.0373 -0.7428
vn 0.8627 0.0750 -0.5001
vn -0.3498 0.3342 -0.8752
vn -0.8810 -0.1548 -0.4471
vn 0.0586 -0.6268 -0.7770
vn -0.6621 0.0487 -0.7478
vn -0.8411 0.1435 -0.5216
vn -0.5210 0.4181 -0.7442
vn -0.6305 0.2385 -0.7386
vn -0.6306 0.1483 -0.7618
vn -0.5901 0.2910 -0.7531
vn -0.6097 0.2528 -0.7513
vn -0.4511 0.2123 -0.8669
vn 0.7052 -0.4104 -0.5782
vn -0.5140 0.1739 -0.8400
vn 0.5854 -0.5452 -0.6001
vn -0.1458 -0.9768 -0.1566
vn 0.6727 0.6961 -0.2510
vn -0.0753 -0.9967 -0.0307
vn 0.3786 -0.9147 -0.1415
vn -0.4447 -0.4167 -0.7929
vn -0.5844 -0.2978 -0.7549
vn -0.2550 0.3461 -0.9029
vn -0.6778 0.2749 -0.6819
vn 0.6059 -0.2207 -0.7643
vn -0.7684 0.3799 -0.5150
vn 0.7580 0.1111 -0.6427
vn 0.2099 -0.2503 -0.9452
vn 0.6464 -0.6709 -0.3634
vn 0.9276 0.3731 0.0216
vn 0.1024 -0.6900 -0.7165
vn -0.3729 0.3528 -0.8582
vn -0.3485 -0.8975 0.2703
vn 0.2590 -0.9538 -0.1524
vn -0.2249 -0.9111 0.3454
vn -0.5296 0.2182 -0.8197
vn -0.2243 0.0490 -0.9733
vn 0.7614 0.4440 -0.4724
vn 0.6261 -0.2572 -0.7361
vn 0.6605 -0.4755 -0.5811
vn -0.6629 0.2393 -0.7094
vn 0.7107 -0.0303 -0.7028
vn -0.0375 -0.2973 -0.9541
vn -0.4228 0.9005 0.1021
vn 0.1679 0.6567 0.7352
vn 0.5409 -0.6339 0.5528
vn -0.3577 -0.8940 -0.2699
vn 0.7061 -0.6148 0.3515
vn 0.6084 -0.3441 -0.7152
vn -0.4865 0.3439 -0.8031
vn 0.1375 -0.8064 -0.5752
vn 0.2052 -0.2666 -0.9417
vn -0.1978 0.0496 -0.9790
vn -0.3069 -0.9192 0.2466
vn 0.0691 -0.6456 -0.7605
vn -0.0652 0.9726 -0.2230
vn -0.0981 0.0143 -0.9951
vn -0.7790 -0.3735 -0.5037
vn 0.5455 -0.4078 -0.7322
vn 0.4150 0.7650 -0.4924
vn -0.6484 0.4771 -0.5933
vn -0.5007 -0.6857 -0.5283
vn -0.2215 0.6276 -0.7463
vn -0.5809 0.5337 -0.6146
vn 0.5906 -0.4674 -0.6578
vn 0.6727 0.3758 -0.6374
vn -0.0013 -0.6281 -0.7781
vn -0.0423 0.8133 -0.5803
vn -0.3811 0.0975 -0.9194
vn 0.3714 0.9285 0.0033
vn -0.0684 0.7914 0.6074
vn -0.8079 0.5866 0.0563
vn -0.0897 0.9919 -0.0902
vn -0.3107 0.9461 0.0918
vn 0.5844 -0.0519 -0.8098
vn -0.8032 -0.3172 -0.5043
vn 0.4678 0.0867 -0.8796
vn 0.5910 0.2993 -0.7491
vn 0.6924 0.3669 -0.6213
vn 0.6337 0.6904 -0.3491
vn 0.6372 0.7107 -0.2981
vn -0.5132 0.4637 -0.7222
vn 0.7584 -0.1427 -0.6359
vn 0.7326 0.1633 -0.6608
vn -0.5653 -0.0432 -0.8237
vn -0.3581 0.7271 -0.5857
vn 0.5642 -0.4199 0.7109
vn 0.6169 0.3084 -0.7241
vn 0.6848 0.3610 -0.6331
vn -0.5216 0.7013 -0.4859
vn 0.6110 -0.7369 0.2892
vn 0.4841 -0.5310 -0.6955
vn 0.7109 -0.3232 -0.6246
vn 0.5266 -0.0515 -0.8486
vn -0.4202 0.0734 -0.9045
vn -0.4301 -0.1985 -0.8807
vn 0.7011 0.2638 -0.6625
vn 0.4382 0.4136 -0.7980
vn 0.6072 0.3201 -0.7272
vn 0.7110 0.2075 -0.6718
vn -0.3793 -0.0553 -0.9236
vn 0.1963 0.7656 -0.6126
vn 0.1239 -0.5232 -0.8432
vn -0.5587 0.2549 0.7892
vn -0.2158 0.6427 -0.7351
vn 0.5010 -0.4121 -0.7611
vn 0.5076 -0.0885 -0.8570
vn 0.6643 0.4642 -0.5859
vn 0.5273 0.6367 -0.5626
vn 0.6739 0.1633 -0.7206
vn -0.3035 0.9497 0.0768
vn 0.0236 0.4304 -0.9023
vn 0.7934 -0.5552 -0.2494
vn -0.0765 -0.1918 -0.9784
vn -0.1510 -0.9645 -0.2168
vn 0.7259 0.2227 -0.6508
vn 0.0693 -0.3454 0.9359
vn 0.3517 -0.4366 -0.8280
vn 0.2772 -0.9467 0.1641
vn -0.4657 -0.8488 -0.2504
vn 0.0831 0.6625 0.7444
vn 0.8243 0.1691 -0.5403
vn 0.5818 -0.4688 -0.6646
vn 0.5537 0.8015 -0.2259
vn -0.7523 0.4758 -0.4557
vn 0.7555 -0.4342 -0.4906
vn -0.7966 0.3922 -0.4600
vn -0.4379 -0.4672 -0.7681
vn -0.6963 0.4013 -0.5952
vn -0.3442 0.0184 -0.9387
vn -0.4496 -0.1087 -0.8866
vn 0.1057 0.8649 -0.4907
vn 0.0057 -0.9961 0.0878
vn -0.4605 0.5843 -0.6682
vn -0.4004 -0.0918 -0.9117
vn 0.4289 -0.0649 0.9010
vn 0.2271 -0.6913 -0.6859
vn -0.4674 -0.5677 -0.6777
vn -0.6594 0.4709 -0.5860
vn 0.0745 -0.9277 -0.3657
vn -0.4424 0.1693 -0.8807
vn 0.3877 -0.9110 -0.1409
vn 0.2567 -0.9663 -0.0211
vn 0.3431 -0.5801 -0.7388
vn -0.6070 0.2002 0.7691
vn -0.8432 0.3478 -0.4100
vn 0.1374 -0.2947 -0.9457
vn -0.7760 0.3432 -0.5292
vn 0.4681 -0.4272 -0.7736
vn 0.7417 0.2982 -0.6008
vn 0.3895 0.7490 -0.5360
vn -0.1929 0.8789 -0.4362
vn 0.1595 0.1346 -0.9780
vn 0.1070 0.0839 -0.9907
vn -0.3928 0.5168 -0.7607
vn -0.2887 -0.6458 -0.7068
vn -0.3111 -0.6764 -0.6676
vn -0.5770 -0.0265 0.8163
vn -0.8428 -0.2367 -0.4834
vn 0.6132 0.7687 -0.1816
vn -0.7870 0.5237 -0.3260
vn 0.5280 0.6341 -0.5650
vn 0.2057 -0.2199 -0.9536
vn 0.2858 0.4485 -0.8469
vn 0.6870 0.5219 -0.5056
vn -0.1200 0.6561 -0.7450
vn 0.0727 -0.6638 -0.7443
vn 0.4028 -0.9143 0.0415
vn -0.3901 0.8981 0.2031
vn 0.3360 0.3205 0.8856
vn -0.3478 0.3526 -0.8687
vn -0.6418 -0.6763 0.3616
vn -0.7237 -0.6739 -0.1488
vn -0.9145 0.0397 -0.4027
vn -0.3124 0.8540 -0.4159
vn -0.0870 -0.1895 -0.9780
vn 0.5520 -0.5447 -0.6313
vn 0.0443 -0.9931 -0.1089
vn 0.2503 -0.1549 -0.9557
vn 0.2755 0.7515 -0.5995
vn 0.0052 -0.9767 -0.2147
vn -0.2998 0.0639 -0.9518
vn 0.5198 -0.1301 0.8443
vn 0.3326 -0.9372 -0.1051
vn -0.2199 0.9674 -0.1258
vn -0.8566 -0.3179 -0.4063
vn -0.3042 0.9487 -0.0867
vn -0.9056 -0.1973 -0.3754
vn -0.7491 0.4885 -0.4475
vn -0.8368 0.4253 -0.3448
vn -0.3479 0.0485 -0.9363
vn 0.2594 -0.3219 -0.9106
vn -0.1591 0.1593 -0.9743
vn -0.5909 0.2049 -0.7803
vn 0.1633 -0.4322 0.8869
vn -0.6147 0.5440 -0.5712
vn 0.8040 -0.0006 0.5947
vn 0.4508 -0.0728 -0.8897
vn 0.6002 0.5731 -0.5580
vn 0.5227 0.6654 -0.5329
vn -0.2539 -0.7209 -0.6448
vn 0.8926 0.4435 0.0815
vn -0.9092 -0.2828 -0.3054
vn 0.4013 -0.8937 -0.2007
vn -0.4036 0.6210 -0.6719
vn -0.0243 -0.8014 -0.5976
vn 0.5722 -0.5260 -0.6292
vn -0.8827 0.3787 -0.2781
vn -0.7858 0.5304 -0.3181
vn -0.9532 0.2568 0.1594
vn -0.8728 0.2280 -0.4316
vn 0.4838 -0.7369 -0.4722
vn -0.1852 0.7588 -0.6245
vn -0.1059 0.3592 -0.9272
vn 0.7220 0.5433 -0.4284
vn 0.0066 0.4230 -0.9061
vn 0.1242 -0.8805 -0.4575
vn -0.0778 0.8308 -0.5510
vn -0.3459 0.0459 -0.9371
vn -0.5382 0.1894 -0.8213
vn -0.5320 0.6807 -0.5036
vn -0.1138 -0.0912 -0.9893
vn 0.5804 -0.7424 -0.3345
vn -0.6075 0.2645 -0.7490
vn -0.6190 0.3474 -0.7044
vn -0.6889 0.1114 -0.7163
vn 0.4321 -0.7818 -0.4496
vn 0.0766 0.2003 -0.9767
vn -0.5249 -0.0845 -0.8470
vn 0.5448 -0.8370 -0.0504
vn 0.3883 -0.9215 0.0073
vn 0.4558 -0.0904 0.8855
vn 0.2400 -0.6931 -0.6797
vn -0.7528 -0.5221 -0.4009
vn 0.2979 -0.4159 -0.8592
vn 0.9500 -0.0059 -0.3123
vn -0.6550 0.2684 -0.7064
vn -0.6965 0.3908 -0.6018
vn -0.6805 0.3423 -0.6479
vn 0.5969 -0.7671 -0.2351
vn 0.3643 0.4778 -0.7993
vn -0.2899 0.5161 -0.8060
vn -0.3985 0.5183 -0.7567
vn -0.2922 0.5984 -0.7460
vn -0.1574 -0.7181 -0.6779
vn 0.0686 0.4630 -0.8837
vn 0.3769 0.2206 -0.8996
vn 0.6479 -0.7614 -0.0240
vn 0.8717 -0.4853 -0.0677
vn 0.4334 -0.8998 0.0497
vn -0.0705 -0.1030 -0.9922
vn 0.1198 0.9093 0.3986
vn 0.0820 0.0890 -0.9927
vn -0.0016 0.1971 -0.9804
vn 0.5494 -0.5492 -0.6297
vn -0.4434 -0.0556 -0.8946
vn -0.1396 0.9892 0.0457
vn -0.4739 0.3021 -0.8272
vn -0.4579 0.1093 -0.8822
vn 0.8010 0.0833 0.5929
vn 0.2857 0.4647 -0.8381
vn -0.0383 0.7403 -0.6712
vn -0.1676 0.5618 -0.8101
vn -0.0433 0.9284 -0.3689
vn 0.4165 -0.2686 -0.8686
vn -0.1999 0.9789 0.0417
vn -0.0913 0.0615 -0.9939
vn -0.7628 0.6146 -0.2009
vn -0.4033 -0.2082 -0.8910
vn 0.7995 0.5865 0.1293
vn -0.1498 0.1325 -0.9798
vn 0.8583 -0.3992 -0.3224
vn 0.7878 -0.5955 -0.1574
vn 0.8784 -0.1854 -0.4405
vn 0.2730 -0.9612 0.0409
vn -0.4570 0.1121 -0.8824
vn -0.4839 0.2536 -0.8376
vn -0.0219 0.2102 -0.9774
vn -0.5373 0.7463 -0.3929
vn 0.6948 0.2895 0.6583
vn -0.7515 0.4851 -0.4471
vn 0.5636 -0.8241 0.0562
vn -0.5443 -0.4951 0.6772
vn 0.7182 -0.6776 -0.1583
vn 0.1647 0.8405 -0.5163
vn 0.3524 -0.9122 -0.2089
vn 0.7613 -0.3593 -0.5397
vn 0.3360 -0.9368 -0.0971
vn -0.5088 -0.1236 -0.8520
vn -0.4692 0.8075 -0.3575
vn -0.2262 -0.1159 -0.9671
vn 0.8342 0.5253 -0.1677
vn 0.2102 -0.4519 0.8669
vn -0.4911 0.2092 -0.8456
vn -0.5564 0.3009 0.7745
vn 0.4735 -0.8772 0.0793
vn 0.3534 0.9302 0.0989
vn -0.5238 0.7668 -0.3710
vn 0.2969 0.4433 -0.8458
vn 0.3266 0.4404 -0.8363
vn -0.4011 -0.5020 -0.7662
vn -0.5453 -0.0016 -0.8382
vn 0.3872 -0.6479 0.6560
vn -0.2906 0.9198 -0.2637
vn 0.7843 -0.6048 0.1380
vn 0.2778 -0.8931 -0.3538
vn 0.9379 0.1323 -0.3208
vn -0.6768 -0.5759 -0.4586
vn 0.1434 -0.9864 -0.0799
vn 0.8259 -0.4571 -0.3300
vn 0.8934 -0.3540 -0.2766
vn 0.4219 -0.5965 -0.6828
vn -0.2382 0.0054 -0.9712
vn 0.5248 -0.8511 0.0179
vn 0.1172 -0.9378 -0.3267
vn 0.6210 0.1871 -0.7612
vn -0.1603 0.2652 -0.9508
vn 0.6485 0.2476 -0.7198
vn 0.7031 0.2262 0.6741
vn -0.3437 0.6048 -0.7184
vn 0.5952 -0.8013 0.0605
vn 0.7272 -0.6646 0.1716
vn -0.0717 -0.9150 -0.3970
vn 0.6487 0.7548 -0.0972
vn 0.1881 0.8618 -0.4711
vn 0.8317 -0.3858 -0.3994
vn 0.8477 -0.3541 -0.3949
vn -0.8351 0.3589 -0.4169
vn 0.5061 -0.3681 -0.7800
vn 0.3486 0.4331 0.8312
vn -0.1934 -0.5807 -0.7908
vn 0.1468 0.6158 0.7741
vn -0.3059 -0.9145 -0.2647
vn 0.2450 -0.5049 -0.8277
vn -0.8051 0.5215 -0.2827
vn 0.3101 -0.5849 0.7495
vn 0.6107 0.4218 -0.6701
vn 0.8171 0.0267 0.5759
vn 0.3797 0.3486 -0.8569
vn -0.1373 0.5534 -0.8216
vn 0.3157 -0.6387 -0.7017
vn 0.7214 0.3198 -0.6143
vn -0.6642 0.0679 -0.7444
vn -0.0949 0.8409 -0.5327
vn 0.8475 -0.4839 -0.2181
vn 0.8075 -0.5176 -0.2828
vn 0.8460 -0.3717 -0.3823
vn 0.8604 -0.4199 -0.2887
vn 0.8188 -0.5037 -0.2753
vn -0.8141 0.3351 -0.4744
vn 0.8186 -0.5728 0.0425
vn -0.5447 0.7513 -0.3726
vn 0.5510 0.2400 -0.7992
vn -0.4381 -0.4910 -0.7530
vn -0.4938 0.0543 -0.8679
vn -0.3504 -0.4886 -0.7990
vn 0.0260 0.9577 -0.2864
vn -0.5468 -0.6967 -0.4644
vn 0.2419 0.3586 0.9016
vn -0.0268 0.7703 0.6371
vn 0.7384 0.2343 -0.6324
vn -0.0465 -0.9257 -0.3755
vn 0.6330 -0.5870 -0.5048
vn -0.5168 -0.1577 -0.8414
vn 0.8364 -0.3764 -0.3985
vn 0.7684 -0.5841 -0.2615
vn -0.7826 0.5392 0.3112
vn 0.8514 -0.3751 -0.3666
vn -0.7043 0.6362 -0.3151
vn 0.4679 0.1285 -0.8744
vn 0.3772 -0.5754 -0.7257
vn 0.8800 -0.3731 -0.2940
vn -0.8635 0.4012 -0.3055
vn -0.6615 0.7499 0.0102
vn 0.6481 -0.7455 0.1557
vn 0.9509 0.2842 0.1226
vn 0.2328 -0.4384 -0.8681
vn 0.0483 -0.0745 -0.9960
vn 0.7267 -0.0328 0.6862
vn 0.4396 -0.6630 0.6059
vn -0.6800 0.7166 -0.1550
vn 0.5272 0.7972 -0.2941
vn 0.3864 0.7475 -0.5404
vn 0.8236 -0.4353 -0.3634
vn 0.8488 -0.3498 -0.3964
vn -0.4714 0.2171 -0.8548
vn 0.6393 -0.7529 0.1566
vn -0.8393 -0.3917 -0.3771
vn -0.4716 0.1233 -0.8732
vn -0.4937 0.2027 -0.8456
vn 0.7430 -0.1497 0.6524
vn -0.4660 -0.4288 -0.7739
vn 0.6137 0.3297 -0.7174
vn 0.8850 0.0624 0.4613
vn -0.4795 0.5154 0.7103
vn -0.5002 0.7646 -0.4064
vn -0.6948 0.4700 0.5445
vn 0.7768 0.1844 0.6021
vn -0.6716 -0.2923 -0.6808
vn -0.2301 0.8343 -0.5010
vn -0.3293 -0.6146 -0.7168
vn -0.3749 -0.9166 -0.1388
vn -0.8237 0.5186 0.2292
vn 0.8053 0.1616 -0.5704
vn -0.2662 0.9565 -0.1193
vn 0.9035 -0.3880 -0.1823
vn -0.5645 0.3380 -0.7531
vn -0.1002 0.9912 -0.0868
vn -0.4121 0.2542 -0.8749
vn 0.1683 -0.3060 -0.9370
vn 0.3677 -0.1842 -0.9115
vn -0.3418 0.1138 -0.9329
vn 0.7303 -0.1023 0.6754
vn 0.6106 0.1443 -0.7787
vn 0.6023 0.3949 0.6938
vn 0.3468 0.3795 0.8577
vn -0.0770 -0.8784 -0.4717
vn -0.1897 -0.9736 -0.1270
vn -0.7082 0.7011 -0.0831
vn -0.4443 0.1349 -0.8856
vn -0.7166 0.0810 -0.6927
vn 0.4059 -0.5341 0.7416
vn -0.1527 0.6568 0.7384
vn -0.3255 0.5155 0.7926
vn 0.3921 0.2768 0.8773
vn -0.2724 0.5970 0.7546
vn -0.0451 0.6948 0.7178
vn 0.0795 0.7488 0.6580
vn 0.5636 -0.6743 0.4772
vn 0.5842 0.5287 0.6157
vn -0.5615 0.8225 -0.0913
vn -0.2825 -0.7198 -0.6340
vn 0.8467 -0.4907 -0.2058
vn -0.4560 0.2717 -0.8475
vn 0.6537 -0.3670 0.6618
vn -0.5810 0.3880 -0.7155
vn -0.5498 0.0343 -0.8346
vn 0.3888 -0.6470 0.6559
vn 0.6283 0.3922 -0.6719
vn -0.2106 0.8749 0.4361
vn -0.7132 0.5566 0.4261
vn -0.1512 0.6391 0.7541
vn 0.5621 0.2334 0.7935
vn 0.2685 0.5477 0.7924
vn 0.2406 -0.6046 0.7593
vn -0.2512 0.4577 0.8529
vn -0.2681 0.6945 0.6676
vn 0.6340 0.5552 0.5383
vn -0.0097 -0.5897 0.8075
vn 0.6229 0.5767 -0.5287
vn 0.6406 0.6209 0.4518
vn 0.7477 -0.6259 -0.2219
vn -0.5213 0.1936 -0.8312
vn -0.5818 0.3198 -0.7478
vn -0.5547 0.1176 -0.8237
vn 0.4173 -0.4746 -0.7750
vn -0.4629 0.3846 -0.7986
vn -0.2226 0.3469 0.9111
vn 0.0786 0.7488 0.6582
vn -0.1319 0.7723 -0.6214
vn -0.0134 0.7362 -0.6766
vn 0.4955 -0.5542 0.6688
vn 0.6782 -0.2791 -0.6798
vn 0.3269 -0.7199 -0.6123
vn -0.3927 0.1930 0.8992
vn -0.3216 0.3196 0.8913
vn -0.9524 0.2960 -0.0734
vn 0.7912 -0.6077 -0.0686
vn 0.5905 -0.0465 -0.8057
vn 0.7193 -0.1366 0.6811
vn -0.0436 0.5939 -0.8033
vn -0.6372 0.3827 -0.6690
vn -0.8480 -0.4209 -0.3220
vn -0.3451 0.4138 0.8425
vn 0.2577 0.3651 0.8946
vn 0.6359 -0.6883 -0.3492
vn -0.2684 -0.4689 0.8415
vn -0.6920 -0.1916 -0.6960
vn -0.6669 0.0680 -0.7420
vn 0.9561 -0.2777 0.0932
vn 0.5551 -0.4988 -0.6657
vn -0.5536 0.1176 -0.8245
vn 0.5442 -0.3618 -0.7569
vn 0.2114 -0.4795 -0.8517
vn -0.4653 0.8733 -0.1443
vn 0.2960 -0.6812 0.6696
vn 0.3998 -0.4221 0.8136
vn -0.0463 0.9332 -0.3564
vn 0.5600 0.2027 0.8033
vn 0.5637 0.1736 0.8075
vn -0.7332 -0.6367 -0.2389
vn -0.5388 0.2091 -0.8161
vn -0.1668 -0.3328 -0.9281
vn 0.8035 -0.1887 0.5646
vn -0.7093 0.5939 -0.3797
vn 0.9236 -0.3165 0.2162
vn 0.3994 0.2545 0.8808
vn 0.0844 -0.9790 -0.1857
vn -0.1413 0.1343 0.9808
vn -0.3526 0.5549 -0.7535
vn -0.0333 -0.9985 0.0434
vn -0.3719 -0.8621 -0.3443
vn 0.8545 -0.4552 -0.2502
vn 0.9451 -0.2610 -0.1967
vn 0.9440 -0.3275 0.0398
vn -0.8542 0.4747 0.2121
vn 0.7605 -0.1262 0.6370
vn 0.1021 0.3951 0.9130
vn 0.4915 -0.6526 0.5767
vn -0.0096 -0.9974 -0.0713
vn 0.2708 0.5426 0.7951
vn 0.2026 0.5601 0.8033
vn 0.2034 0.5750 0.7925
vn 0.1315 -0.8787 0.4588
vn -0.0166 -0.9442 0.3290
vn -0.0428 -0.8029 0.5945
vn -0.3565 0.7384 -0.5724
vn -0.2171 -0.0824 -0.9727
vn -0.1704 0.9215 -0.3490
vn -0.8766 0.4317 0.2125
vn 0.9495 -0.2759 0.1497
vn 0.2685 -0.9234 -0.2743
vn 0.2055 -0.5382 -0.8174
vn 0.5067 -0.0121 0.8620
vn -0.6836 -0.5934 0.4250
vn 0.6069 -0.5178 -0.6030
vn -0.6048 0.0998 0.7901
vn 0.5063 0.0117 -0.8623
vn -0.5208 0.3708 0.7690
vn -0.4845 0.5005 0.7174
vn 0.3771 0.4198 0.8255
vn -0.2826 -0.8930 -0.3503
vn -0.9129 0.4078 0.0148
vn -0.2006 0.9333 0.2978
vn 0.4545 -0.5897 0.6676
vn 0.7078 0.2019 0.6770
vn 0.5741 0.7621 0.2993
vn 0.4556 -0.7380 0.4977
vn -0.1686 -0.8450 0.5075
vn 0.3310 -0.5815 0.7431
vn 0.8998 0.4239 -0.1034
vn 0.5564 0.3755 -0.7412
vn -0.6659 0.4408 -0.6019
vn -0.7663 0.1489 -0.6250
vn 0.9067 -0.3796 0.1837
vn 0.6523 -0.3015 -0.6954
vn -0.5932 0.0981 -0.7991
vn -0.4961 0.3719 0.7846
vn -0.4389 0.3930 -0.8080
vn -0.1360 0.4890 -0.8616
vn -0.4549 -0.8902 0.0238
vn -0.8645 -0.3886 -0.3188
vn -0.7616 0.3967 -0.5125
vn -0.3723 0.4553 -0.8087
vn 0.2271 -0.7031 0.6739
vn 0.1063 -0.9775 0.1820
vn -0.0619 -0.9978 -0.0243
vn -0.7013 -0.2795 -0.6558
vn 0.9645 0.2609 0.0403
vn -0.6845 0.3227 0.6537
vn -0.5647 0.2051 0.7994
vn 0.5132 0.8402 0.1751
vn 0.2481 0.3876 -0.8878
vn 0.5242 0.1452 0.8391
vn 0.3922 0.4165 0.8202
vn 0.9920 0.0739 0.1027
vn -0.1592 0.9542 0.2534
vn 0.5120 -0.1485 0.8460
vn -0.4733 -0.8484 -0.2372
vn 0.3761 -0.8112 0.4478
vn -0.0984 0.9757 -0.1955
vn -0.8490 0.4652 0.2504
vn 0.3465 -0.8994 -0.2665
vn 0.3807 -0.7055 -0.5977
vn 0.8640 -0.4416 -0.2419
vn -0.7372 0.1461 -0.6598
vn -0.8121 0.5321 0.2395
vn -0.1727 -0.9423 -0.2868
vn 0.5687 -0.4831 -0.6657
vn -0.4256 0.4118 0.8058
vn -0.5015 0.3982 0.7681
vn 0.4356 -0.2554 -0.8632
vn -0.8918 0.4484 -0.0607
vn -0.8940 -0.0890 -0.4392
vn -0.0320 -0.9715 0.2347
vn -0.9033 -0.3639 0.2274
vn 0.3126 -0.8845 0.3463
vn 0.5423 -0.6894 0.4803
vn 0.2794 -0.9332 0.2258
vn 0.0456 -0.9980 0.0440
vn -0.2455 0.3752 -0.8938
vn 0.3039 0.6673 -0.6799
vn -0.4683 0.8292 0.3051
vn 0.6249 0.7776 0.0690
vn -0.2904 0.8611 -0.4173
vn -0.0609 -0.9978 -0.0244
vn -0.9851 0.1607 -0.0614
vn 0.6247 -0.5224 -0.5804
vn -0.8146 0.4591 0.3544
vn 0.6042 -0.5175 -0.6059
vn 0.1754 -0.6112 -0.7718
vn 0.3663 -0.6319 0.6830
vn -0.7562 0.4567 0.4686
vn -0.6238 0.4389 0.6467
vn -0.6732 0.2445 0.6979
vn -0.5251 0.3934 0.7546
vn -0.5863 0.4278 0.6879
vn 0.4328 0.0515 -0.9000
vn 0.4281 0.8533 -0.2977
vn -0.3306 0.8993 0.2864
vn 0.3457 -0.5643 0.7497
vn -0.0555 0.4160 0.9077
vn 0.1057 -0.9837 0.1456
vn 0.1029 -0.9843 -0.1432
vn -0.4013 0.7641 -0.5051
vn -0.3347 0.8438 -0.4195
vn 0.2494 -0.6781 0.6914
vn 0.8647 0.0437 -0.5004
vn 0.5087 -0.5014 -0.6998
vn 0.4945 -0.2747 -0.8246
vn 0.8135 -0.4998 0.2973
vn 0.6062 -0.0930 0.7899
vn 0.3458 0.1860 0.9197
vn 0.2195 0.4079 -0.8862
vn 0.4489 -0.6386 0.6250
vn -0.7736 0.4754 -0.4189
vn -0.0638 -0.4703 -0.8802
vn 0.8937 0.4252 -0.1431
vn 0.3103 0.1700 0.9353
vn 0.7141 -0.6621 -0.2273
vn -0.5594 -0.7366 -0.3801
vn 0.6444 0.6996 -0.3087
vn 0.7920 -0.5721 -0.2133
vn -0.6530 0.4637 -0.5988
vn 0.9015 -0.3933 0.1808
vn -0.8421 -0.4357 0.3180
vn -0.3893 0.6958 0.6036
vn -0.2060 -0.9149 0.3471
vn 0.5353 -0.1287 -0.8348
vn 0.2283 0.2707 0.9352
vn -0.7025 0.6921 -0.1660
vn -0.5123 0.7644 0.3915
vn 0.4745 0.8012 0.3647
vn 0.1275 0.9017 0.4131
vn -0.0257 -0.9700 -0.2419
vn -0.1731 0.8810 -0.4404
vn -0.1068 -0.9933 0.0437
vn -0.3018 -0.8523 -0.4272
vn -0.9862 -0.1481 0.0743
vn 0.6041 0.7625 0.2318
vn -0.5042 0.1993 0.8403
vn -0.1444 0.3382 0.9299
vn 0.3481 0.1882 0.9184
vn -0.8927 0.2924 0.3429
vn 0.3775 0.0390 -0.9252
vn -0.4243 -0.8403 -0.3374
vn -0.7009 0.6211 0.3506
vn 0.7495 -0.4544 0.4814
vn 0.4128 -0.8878 0.2033
vn -0.4968 0.7123 -0.4958
vn 0.6800 -0.5365 0.4997
vn -0.5062 0.6780 -0.5330
vn -0.1920 0.9252 0.3272
vn 0.9766 0.1382 0.1645
vn 0.3545 0.7992 0.4854
vn -0.1569 0.9295 0.3339
vn -0.0359 0.9570 0.2878
vn 0.1069 0.9011 0.4203
vn 0.9573 0.2842 -0.0530
vn 0.1710 0.3594 0.9174
vn -0.0910 -0.9958 0.0012
vn 0.7831 -0.5904 -0.1951
vn -0.9833 0.1668 -0.0730
vn -0.8074 0.4713 0.3548
vn -0.6870 0.7083 0.1623
vn 0.3802 -0.6933 0.6122
vn -0.7495 0.6619 -0.0130
vn 0.1657 0.5862 -0.7930
vn -0.9898 -0.1149 0.0847
vn -0.8700 -0.0836 -0.4859
vn -0.1628 0.5189 -0.8392
vn 0.8585 -0.3960 -0.3258
vn 0.5234 -0.2900 -0.8012
vn -0.8877 0.4455 0.1165
vn 0.2995 -0.3193 0.8991
vn -0.4784 0.3100 0.8216
vn -0.5038 -0.8636 0.0186
vn -0.6387 -0.7487 0.1775
vn -0.1975 0.9255 0.3232
vn 0.2439 -0.6264 0.7403
vn 0.2128 -0.5756 0.7895
vn 0.4070 -0.8892 -0.2088
vn 0.2214 -0.9454 0.2394
vn -0.9738 0.2059 -0.0969
vn -0.6645 0.4412 -0.6032
vn 0.7469 -0.1153 0.6549
vn -0.4886 0.3247 -0.8098
vn -0.8674 -0.4813 -0.1260
vn -0.5621 0.5918 -0.5778
vn 0.2767 -0.9352 0.2209
vn 0.9367 -0.2055 0.2834
vn -0.5136 -0.7523 -0.4126
vn -0.9319 0.3538 0.0802
vn -0.4479 -0.8282 -0.3369
vn 0.1709 0.9842 0.0456
vn -0.1006 -0.3395 -0.9352
vn -0.8328 -0.1897 -0.5200
vn 0.0865 0.2311 -0.9691
vn 0.5568 -0.6981 -0.4502
vn -0.9974 0.0556 -0.0459
vn 0.9129 -0.0779 0.4007
vn -0.8671 0.1439 0.4768
vn 0.1903 0.6346 -0.7490
vn 0.6354 0.6400 0.4320
vn -0.4153 -0.9073 -0.0657
vn -0.2586 -0.9610 0.0981
vn 0.0794 -0.9500 0.3019
vn -0.6631 -0.0914 -0.7429
vn 0.9040 0.4069 -0.1309
vn -0.9017 -0.4323 -0.0024
vn -0.0494 -0.9982 0.0338
vn -0.1984 -0.9636 0.1789
vn -0.7852 -0.5632 -0.2574
vn -0.8212 -0.4756 -0.3152
vn 0.3517 0.9353 0.0400
vn 0.4465 0.8086 0.3832
vn -0.8875 0.0072 0.4607
vn -0.9036 0.4203 0.0830
vn -0.9845 0.1688 0.0480
vn 0.6658 -0.4528 -0.5930
vn 0.8087 -0.5875 -0.0300
vn -0.4452 0.2887 0.8476
vn -0.7605 0.4106 -0.5030
vn -0.6058 0.6833 0.4077
vn 0.9656 -0.2411 0.0974
vn 0.1532 0.3086 0.9388
vn -0.4214 -0.1130 -0.8998
vn 0.3272 0.1074 0.9388
vn 0.4878 0.0530 0.8713
vn 0.9126 -0.0799 0.4009
vn -0.8513 0.2053 0.4828
vn 0.0850 0.2081 0.9744
vn 0.4846 -0.8355 0.2591
vn -0.7557 0.3016 0.5813
vn -0.7295 0.5389 0.4213
vn -0.7640 0.6075 0.2176
vn 0.6737 0.5065 0.5382
vn -0.7690 -0.4720 0.4310
vn 0.0370 0.9539 -0.2977
vn -0.8121 0.5803 0.0615
vn -0.9876 0.1264 0.0933
vn -0.9395 0.3425 0.0045
vn 0.6165 -0.2910 -0.7316
vn 0.1168 0.4336 0.8935
vn -0.3015 0.5175 0.8008
vn -0.7955 0.5501 -0.2542
vn -0.8408 -0.4916 0.2268
vn 0.0361 0.4660 0.8840
vn -0.3182 0.4718 0.8223
vn 0.5707 0.3887 0.7233
vn -0.9826 0.0461 0.1797
vn -0.5005 0.3676 0.7838
vn 0.4572 -0.3075 -0.8345
vn -0.5647 0.7272 0.3903
vn 0.2749 0.8729 0.4032
vn -0.7996 0.1557 -0.5800
vn 0.0058 0.9979 -0.0650
vn 0.3699 0.7639 -0.5287
vn 0.6588 -0.1162 -0.7433
vn -0.9036 0.2063 -0.3755
vn 0.0334 0.8965 -0.4418
vn 0.7475 -0.6499 -0.1377
vn -0.8869 0.1557 -0.4349
vn -0.2312 0.4217 0.8768
vn 0.5743 -0.3735 -0.7285
vn 0.9288 -0.3028 0.2138
vn -0.8639 0.3537 -0.3587
vn -0.2123 -0.5191 -0.8279
vn 0.7942 -0.5839 -0.1686
vn 0.9960 0.0076 -0.0885
vn -0.3501 0.3899 0.8517
vn -0.0986 0.4362 0.8944
vn 0.3724 0.5937 0.7133
vn 0.1043 0.4460 0.8889
vn 0.7178 -0.2801 -0.6374
vn -0.9740 0.0566 0.2196
vn -0.0640 -0.9706 -0.2318
vn 0.2426 -0.7185 -0.6518
vn -0.7994 0.4972 0.3373
vn -0.1712 0.7093 -0.6838
vn 0.5823 0.4940 -0.6457
vn 0.1501 0.2442 -0.9580
vn 0.1157 0.2876 -0.9508
vn 0.7298 0.3882 -0.5627
vn 0.8117 -0.5553 -0.1809
vn 0.9005 -0.3823 0.2072
vn -0.5339 0.4130 0.7378
vn 0.9028 -0.3318 -0.2737
vn 0.6438 -0.2174 0.7337
vn 0.6432 -0.2204 0.7333
vn -0.6518 0.7460 -0.1366
vn -0.6077 0.7885 -0.0947
vn 0.4569 0.8895 0.0029
vn 0.1988 -0.9741 -0.1074
vn 0.0952 -0.9821 -0.1626
vn -0.4729 0.7787 0.4123
vn 0.1677 -0.0939 -0.9814
vn 0.0566 -0.7549 0.6534
vn 0.0555 -0.4991 -0.8648
vn 0.2327 0.3687 -0.9000
vn -0.0119 0.0045 -0.9999
vn -0.0112 0.0194 -0.9997
vn -0.1007 -0.9737 -0.2041
vn -0.8999 -0.3294 -0.2858
vn 0.9184 -0.3752 0.1260
vn -0.5718 0.3879 0.7229
vn 0.5314 -0.2889 -0.7963
vn 0.9178 0.0772 -0.3895
vn 0.8242 -0.0019 0.5662
vn 0.5849 -0.7111 0.3900
vn -0.3153 -0.9096 0.2704
vn 0.8490 0.4436 -0.2872
vn -0.0902 -0.7959 -0.5987
vn 0.5221 -0.8410 0.1418
vn -0.1416 -0.8676 0.4767
vn 0.7737 0.3546 -0.5250
vn -0.8127 -0.5761 0.0873
vn 0.1916 -0.0545 -0.9800
vn 0.9010 -0.3809 0.2074
vn 0.9287 -0.3051 0.2108
vn -0.8580 0.3328 0.3912
vn -0.7983 0.4383 0.4131
vn 0.8461 -0.4145 0.3352
vn -0.7306 0.6687 -0.1379
vn 0.4107 -0.8308 -0.3756
vn -0.9267 0.3130 0.2080
vn 0.2850 0.4738 -0.8333
vn 0.0744 -0.3486 -0.9343
vn 0.1088 -0.3864 -0.9159
vn -0.9412 0.1227 0.3148
vn 0.3563 -0.9154 0.1872
vn 0.3683 0.8985 0.2389
vn 0.0128 -0.9980 0.0616
vn -0.4442 0.3479 0.8256
vn 0.4439 0.1964 -0.8743
vn 0.2132 0.8616 0.4606
vn -0.8292 0.3960 0.3943
vn -0.9291 0.1478 0.3391
vn -0.0458 -0.0079 0.9989
vn 0.0661 -0.3036 0.9505
vn 0.8475 -0.4108 0.3362
vn 0.8095 0.2927 0.5089
vn -0.4987 0.5948 -0.6304
vn -0.4715 0.4800 -0.7398
vn -0.4049 -0.9143 0.0017
vn 0.2678 -0.9311 -0.2478
vn -0.3439 -0.1206 -0.9312
vn -0.9946 0.0119 -0.1036
vn 0.8659 -0.4987 0.0387
vn -0.9435 -0.0479 -0.3278
vn -0.1318 0.6364 0.7600
vn -0.7620 0.4719 0.4435
vn 0.0759 0.0002 0.9971
vn 0.0943 -0.6526 -0.7518
vn -0.0142 0.1137 0.9934
vn -0.2353 -0.6787 -0.6957
vn 0.5416 0.7113 0.4480
vn 0.5337 0.7903 0.3009
vn -0.0318 0.9903 0.1351
vn 0.0448 -0.9588 0.2804
vn 0.8931 -0.4498 -0.0027
vn -0.9530 0.0179 -0.3023
vn 0.8140 -0.5744 -0.0867
vn 0.0738 0.0344 0.9967
vn -0.1853 0.0291 0.9822
vn -0.5454 -0.0585 0.8361
vn 0.8210 -0.4373 0.3669
vn 0.4828 -0.8746 -0.0441
vn -0.9590 0.2618 -0.1083
vn 0.3476 -0.6520 0.6739
vn 0.9660 0.2513 0.0615
vn -0.5482 0.8012 0.2400
vn -0.0913 0.9949 0.0426
vn -0.3966 -0.9112 0.1113
vn -0.8994 -0.3443 0.2693
vn -0.7382 -0.4989 -0.4539
vn 0.7093 0.6116 -0.3505
vn -0.7275 0.3084 0.6129
vn 0.0869 0.0570 0.9946
vn 0.1058 0.0535 0.9929
vn 0.4191 0.5906 0.6896
vn -0.3570 -0.5735 -0.7373
vn 0.6068 0.5388 0.5843
vn -0.7732 0.3954 0.4959
vn 0.6951 0.4739 0.5405
vn -0.7237 0.4577 0.5165
vn 0.4619 0.8867 0.0225
vn 0.8328 -0.4861 -0.2648
vn -0.4645 0.3551 -0.8112
vn 0.7628 0.2465 0.5977
vn 0.7209 0.4837 0.4963
vn 0.8203 -0.4286 0.3788
vn -0.5562 -0.5288 0.6411
vn -0.1469 -0.9854 0.0860
vn 0.2729 -0.9405 0.2023
vn 0.1207 -0.9839 -0.1321
vn 0.0555 -0.9984 -0.0087
vn -0.8071 0.4441 0.3891
vn 0.6996 -0.1504 0.6986
vn 0.3104 -0.9443 -0.1096
vn -0.5843 0.6994 0.4117
vn -0.9969 0.0544 0.0571
vn 0.5220 0.6813 0.5131
vn 0.8749 0.3995 -0.2737
vn -0.1771 0.9723 -0.1523
vn -0.3533 -0.3513 -0.8670
vn 0.1553 -0.2467 -0.9566
vn -0.3625 0.8968 -0.2535
vn -0.7491 0.3264 -0.5765
vn 0.3638 -0.8911 0.2712
vn -0.1918 0.4082 -0.8925
vn 0.4128 -0.7634 0.4968
vn -0.1581 0.9444 -0.2882
vn 0.3928 0.8564 -0.3351
vn 0.0826 -0.9914 -0.1013
vn -0.9494 -0.3014 -0.0888
vn -0.8553 0.1661 0.4908
vn -0.5518 0.2465 0.7967
vn -0.3577 -0.4416 -0.8228
vn -0.8304 0.4059 0.3816
vn -0.2857 -0.0033 0.9583
vn -0.7609 -0.1438 0.6327
vn -0.0589 0.9798 0.1913
vn 0.0708 -0.0846 -0.9939
vn 0.1236 -0.9678 0.2194
vn -0.3838 0.8908 -0.2433
vn 0.0111 -0.9796 -0.2006
vn 0.0174 0.3421 0.9395
vn 0.5418 -0.3028 -0.7841
vn 0.7976 0.0181 0.6029
vn -0.8018 0.4485 0.3949
vn 0.0626 -0.3542 0.9331
vn 0.0842 -0.3390 0.9370
vn 0.0018 -0.9944 0.1054
vn 0.6069 0.6786 0.4138
vn 0.2905 0.8686 -0.4015
vn -0.1557 -0.9147 0.3728
vn -0.1486 0.8498 -0.5058
vn -0.1999 0.9745 -0.1020
vn 0.7022 0.5964 -0.3888
vn -0.3742 0.9202 0.1152
vn 0.7531 -0.6509 0.0959
vn -0.7897 -0.2810 -0.5453
vn -0.7941 -0.2273 -0.5636
vn -0.0160 -0.9215 0.3880
vn 0.2133 0.8110 -0.5448
vn -0.6524 -0.7398 0.1645
vn 0.8137 -0.0203 -0.5809
vn 0.5564 -0.0267 0.8305
vn -0.8890 0.3997 -0.2235
vn -0.7542 0.6490 -0.1004
vn 0.7301 -0.1002 0.6759
vn -0.0628 0.3771 0.9240
vn -0.0160 -0.5832 0.8122
vn -0.2788 -0.1190 0.9530
vn -0.0956 -0.1599 0.9825
vn -0.3910 0.2357 -0.8897
vn -0.1408 0.9655 -0.2189
vn 0.6784 0.6540 0.3348
vn -0.5679 0.7192 0.4003
vn -0.5518 0.7612 -0.3407
vn 0.3928 -0.8976 0.1999
vn 0.6301 -0.7731 0.0720
vn -0.1579 -0.9458 0.2836
vn 0.0808 -0.9534 0.2906
vn 0.2757 0.9329 0.2316
vn 0.1988 0.8406 -0.5039
vn -0.1707 0.5618 -0.8095
vn 0.0799 0.9366 0.3411
vn 0.0339 0.8929 -0.4490
vn 0.2971 0.8946 0.3339
vn 0.7734 -0.5973 -0.2124
vn -0.8294 -0.3340 -0.4479
vn -0.8540 -0.3679 0.3678
vn -0.6409 0.7290 0.2403
vn -0.4314 0.4562 -0.7784
vn -0.9096 -0.0148 0.4153
vn 0.6033 -0.3105 0.7345
vn -0.7801 0.5580 0.2832
vn 0.6116 -0.3544 0.7073
vn 0.9238 0.1346 -0.3584
vn 0.8007 -0.4772 0.3621
vn 0.7701 0.1715 0.6145
vn -0.7917 0.4730 0.3866
vn -0.4711 0.0374 -0.8813
vn -0.9203 0.1942 0.3396
vn 0.6037 -0.7693 0.2093
vn 0.7207 -0.1612 0.6743
vn 0.5569 0.7799 -0.2858
vn -0.3440 0.9390 -0.0044
vn -0.2615 0.6014 0.7549
vn 0.6074 0.4820 -0.6315
vn -0.8209 0.5114 0.2539
vn -0.0438 0.9721 0.2307
vn -0.2248 0.9673 -0.1177
vn -0.1941 0.9792 -0.0598
vn -0.2169 0.0927 -0.9718
vn -0.5020 0.7941 -0.3427
vn 0.1566 0.9216 0.3552
vn 0.0124 0.9924 0.1225
vn 0.3155 -0.2765 0.9078
vn 0.5409 0.6132 -0.5757
vn 0.8814 -0.4525 0.1357
vn -0.7923 0.2202 0.5690
vn 0.4829 0.6263 0.6121
vn 0.6912 0.3855 0.6113
vn 0.7341 -0.3800 0.5628
vn 0.0234 0.2139 0.9766
vn -0.0659 0.9930 -0.0981
vn -0.4272 0.1229 -0.8958
vn 0.1443 0.4800 -0.8653
vn -0.5730 -0.8048 -0.1547
vn 0.5706 0.8092 0.1402
vn 0.0331 0.7530 0.6572
vn -0.3469 0.9340 -0.0850
vn 0.4930 -0.7968 0.3493
vn -0.5544 0.7054 -0.4417
vn 0.6531 0.6865 -0.3198
vn 0.9128 -0.3714 0.1698
vn -0.7760 0.3019 0.5538
vn 0.7969 -0.1766 0.5776
vn -0.7881 0.6094 -0.0866
vn -0.7690 0.3281 0.5486
vn -0.8986 0.3865 -0.2078
vn 0.4568 -0.5694 0.6835
vn -0.1169 -0.6472 0.7533
vn 0.5468 -0.8225 0.1566
vn -0.3917 -0.9181 -0.0613
vn -0.1198 0.7129 0.6910
vn 0.8410 -0.0162 0.5407
vn -0.1249 0.9292 -0.3479
vn -0.8148 0.5770 0.0561
vn -0.0171 0.2972 -0.9547
vn 0.1889 -0.9815 -0.0306
vn 0.2988 -0.9515 0.0739
vn -0.8787 -0.4478 0.1652
vn -0.6490 0.7371 0.1884
vn -0.0479 -0.9982 -0.0368
vn 0.9590 0.2621 -0.1073
vn 0.5821 0.2277 0.7806
vn 0.6311 -0.3807 0.6758
vn -0.7653 -0.2279 0.6020
vn -0.1556 -0.0913 0.9836
vn 0.2307 -0.5775 0.7831
vn -0.1439 0.3170 -0.9374
vn -0.7275 -0.4631 0.5061
vn 0.6013 -0.6509 -0.4634
vn -0.2245 0.1334 0.9653
vn 0.4009 -0.8445 0.3552
vn -0.1275 0.9774 -0.1687
vn -0.6268 -0.6565 -0.4198
vn 0.5820 0.7828 0.2204
vn 0.8724 0.4299 0.2325
vn 0.3715 0.4050 0.8354
vn 0.2835 0.5805 -0.7633
vn 0.4495 -0.1340 -0.8832
vn 0.0281 -0.3690 -0.9290
vn -0.2846 -0.8959 0.3412
vn -0.5295 -0.7126 0.4603
vn -0.5227 0.8320 0.1858
vn -0.8445 -0.5290 0.0834
vn -0.8637 0.1508 -0.4810
vn -0.4763 0.3781 0.7938
vn -0.7095 0.5100 0.4864
vn -0.4862 0.5128 0.7076
vn -0.1903 -0.0711 0.9792
vn 0.2747 -0.9583 -0.0783
vn 0.8358 -0.5425 0.0846
vn 0.2497 0.5379 0.8052
vn -0.5386 -0.7844 -0.3078
vn 0.5368 0.8379 -0.0993
vn -0.1880 0.5863 0.7880
vn 0.3361 0.4187 -0.8437
vn 0.4881 0.8358 0.2512
vn 0.3640 0.0129 0.9313
vn 0.5016 -0.0130 0.8650
vn -0.1562 -0.9851 -0.0723
vn 0.2059 -0.0618 0.9766
vn -0.3286 0.7334 -0.5951
vn 0.2814 0.5379 -0.7947
vn -0.1744 0.5385 -0.8244
vn -0.3611 -0.8787 0.3122
vn -0.4303 -0.6559 0.6202
vn -0.0798 -0.9900 0.1166
vn -0.9763 -0.1903 -0.1035
vn 0.2248 -0.3298 0.9169
vn 0.3972 0.7467 -0.5336
vn -0.7577 0.2576 0.5996
vn 0.8069 -0.2403 0.5396
vn 0.1027 -0.8312 0.5464
vn -0.4763 0.5348 0.6980
vn -0.2470 -0.9651 0.0875
vn -0.3736 0.4013 -0.8363
vn -0.0557 -0.9742 0.2187
vn 0.6152 0.7521 0.2363
vn 0.5847 0.7762 0.2357
vn -0.3765 -0.4480 -0.8109
vn 0.2266 -0.0702 0.9715
vn -0.4148 0.6629 -0.6233
vn -0.3827 0.5547 -0.7388
vn -0.2213 -0.9722 -0.0761
vn 0.2994 -0.9518 -0.0670
vn -0.9541 -0.2941 0.0565
vn -0.8901 -0.3094 0.3347
vn 0.1041 -0.3191 0.9420
vn 0.7955 -0.5712 0.2023
vn 0.6451 -0.3078 0.6993
vn -0.4340 0.2330 -0.8703
vn -0.2417 -0.9669 0.0821
vn 0.2591 0.5319 0.8062
vn -0.8197 0.5714 -0.0405
vn 0.1396 0.5567 0.8189
vn -0.6231 0.5974 -0.5048
vn -0.1699 0.4898 -0.8551
vn 0.1830 -0.9654 -0.1857
vn 0.6025 -0.7933 0.0877
vn -0.5483 -0.8278 0.1189
vn 0.7972 -0.5364 0.2772
vn -0.8916 -0.0828 0.4453
vn -0.9171 0.3941 0.0606
vn 0.3282 0.5590 0.7615
vn -0.0937 0.3742 0.9226
vn 0.7286 -0.3031 0.6142
vn -0.7359 0.6408 0.2185
vn -0.2349 -0.4835 0.8432
vn 0.7531 -0.0605 0.6551
vn 0.1709 -0.9813 -0.0884
vn 0.1940 -0.9758 -0.1009
vn 0.2587 0.1927 0.9465
vn -0.9074 -0.2859 -0.3079
vn -0.7421 -0.1228 0.6590
vn 0.5214 0.4923 -0.6970
vn -0.4538 0.8911 0.0107
vn 0.2438 -0.9698 0.0029
vn -0.4525 -0.3415 0.8238
vn -0.2825 0.2180 0.9342
vn 0.4035 0.6500 0.6439
vn -0.7474 -0.2395 0.6197
vn 0.4150 -0.6391 0.6476
vn -0.7313 -0.6154 -0.2940
vn 0.3301 0.3664 0.8699
vn -0.0399 0.5367 -0.8428
vn -0.1521 0.8758 -0.4580
vn -0.3085 0.9028 0.2997
vn 0.3933 0.9157 -0.0831
vn 0.1569 0.5166 0.8418
vn 0.0379 0.7558 0.6537
vn -0.1550 -0.9862 -0.0583
vn 0.2394 -0.1593 0.9578
vn -0.2683 0.9592 0.0890
vn 0.4024 -0.8079 -0.4306
vn 0.8109 -0.2728 0.5176
vn 0.4007 0.3211 -0.8581
vn -0.9350 0.1601 0.3165
vn -0.5343 0.8230 0.1929
vn 0.4482 0.8593 -0.2463
vn 0.9300 0.3655 -0.0380
vn -0.0873 -0.8807 0.4655
vn -0.3329 0.9426 0.0274
vn -0.2681 -0.9614 -0.0616
vn -0.7268 -0.6868 0.0012
vn 0.2604 -0.0119 0.9654
vn 0.1100 0.4563 0.8830
vn -0.8476 0.5070 0.1564
vn 0.1204 0.6881 -0.7155
vn -0.4390 0.8897 -0.1254
vn -0.5381 -0.6987 -0.4714
vn -0.6385 -0.6140 -0.4640
vn 0.1246 -0.9847 -0.1218
vn -0.8732 -0.4228 0.2422
vn 0.8195 -0.1501 0.5530
vn -0.1899 0.7707 -0.6082
vn -0.1330 -0.0432 0.9902
vn 0.3563 -0.3948 0.8469
vn 0.7527 0.3023 -0.5848
vn -0.5169 0.3476 -0.7823
vn -0.2072 -0.3079 0.9286
vn -0.6755 -0.7371 -0.0203
vn 0.6618 0.6687 -0.3390
vn 0.7610 0.4113 0.5016
vn 0.4146 -0.1166 0.9025
vn -0.9675 0.2520 -0.0199
vn -0.7728 0.5987 0.2103
vn -0.4793 0.0291 0.8772
vn -0.6121 0.7066 0.3551
vn 0.5079 -0.3881 0.7690
vn 0.0970 -0.6192 0.7792
vn -0.7281 0.5245 0.4414
vn -0.2887 0.5356 0.7936
vn -0.1088 0.2560 0.9605
vn 0.4181 0.8455 -0.3321
vn 0.1837 0.8590 -0.4779
vn 0.7785 0.6265 -0.0376
vn 0.5853 0.7837 -0.2080
vn -0.3608 0.2713 -0.8923
vn 0.4322 -0.8992 0.0681
vn 0.4270 0.0698 0.9016
vn 0.2521 -0.0357 0.9670
vn -0.3004 -0.6865 0.6622
vn -0.7126 -0.5720 0.4062
vn -0.8012 0.4932 -0.3388
vn 0.8908 -0.2007 0.4076
vn -0.3519 -0.8820 0.3134
vn -0.3990 -0.9164 0.0325
vn -0.1217 -0.9908 0.0587
vn 0.0304 -0.9995 -0.0072
vn 0.4839 -0.4898 0.7252
vn 0.7333 -0.1329 -0.6667
vn 0.3495 0.1913 -0.9172
vn -0.8143 -0.0144 -0.5803
vn 0.8079 -0.3673 0.4609
vn 0.7460 -0.5148 0.4225
vn 0.7560 -0.5185 0.3995
vn 0.8567 -0.3127 0.4103
vn 0.8666 -0.3510 0.3548
vn 0.6142 -0.4636 0.6387
vn 0.8174 -0.5129 0.2624
vn -0.5614 0.4572 -0.6898
vn -0.5117 0.2461 -0.8232
vn -0.7615 0.4799 -0.4356
vn 0.5325 -0.7724 0.3463
vn -0.8100 0.4499 -0.3762
vn -0.0442 -0.5206 -0.8527
vn -0.8897 0.2114 0.4047
vn 0.8900 -0.2264 0.3958
vn -0.4882 0.4745 0.7325
vn -0.5984 0.3224 0.7334
vn -0.5041 0.7411 0.4434
vn 0.4292 -0.0292 0.9027
vn -0.3534 0.6687 -0.6542
vn -0.1500 0.9886 -0.0124
vn -0.5836 0.6226 0.5214
vn 0.1685 -0.9856 -0.0137
vn -0.4547 -0.6793 -0.5760
vn 0.6166 -0.4542 0.6431
vn 0.3901 0.9203 -0.0274
vn 0.0010 -0.9978 -0.0656
vn -0.4462 -0.8730 0.1969
vn -0.8941 0.3584 -0.2684
vn -0.8919 -0.2486 0.3778
vn -0.4923 0.8101 -0.3184
vn 0.8608 -0.5009 -0.0898
vn -0.6269 0.7453 -0.2272
vn 0.8565 -0.4525 -0.2483
vn 0.3085 0.4558 -0.8349
vn -0.3093 -0.4550 0.8350
vn -0.6121 0.2408 0.7533
vn 0.8295 -0.5243 0.1924
vn -0.0515 0.0386 0.9979
vn 0.1487 0.6045 0.7826
vn -0.1561 0.3622 -0.9189
vn 0.2108 0.9772 -0.0270
vn 0.1112 -0.1052 0.9882
vn 0.5518 -0.2852 -0.7837
vn 0.7787 -0.1907 0.5977
vn -0.5132 0.1255 0.8490
vn -0.9403 -0.0734 0.3323
vn -0.6703 0.3985 0.6260
vn 0.2187 -0.7110 0.6683
vn 0.5227 -0.8245 0.2165
vn 0.0142 0.7873 -0.6165
vn 0.8460 0.5331 -0.0125
vn 0.9201 0.3655 0.1406
vn -0.8512 -0.5246 -0.0180
vn -0.1364 0.9785 0.1550
vn -0.2247 0.9743 0.0158
vn -0.2541 0.9656 0.0543
vn 0.5014 -0.5593 0.6602
vn -0.1481 -0.9877 -0.0499
vn 0.2627 0.9560 -0.1303
vn -0.7015 0.4972 -0.5106
vn -0.7588 0.4092 -0.5067
vn 0.1618 0.8972 0.4109
vn 0.2945 0.0392 0.9549
vn -0.4643 0.8816 -0.0842
vn -0.8804 0.1486 -0.4503
vn -0.2557 -0.9324 -0.2554
vn -0.6392 0.7286 0.2459
vn 0.2622 -0.9603 -0.0953
vn -0.7906 0.5961 -0.1398
vn 0.8416 -0.5322 -0.0918
vn 0.8547 -0.5083 -0.1049
vn 0.3599 -0.3763 0.8537
vn 0.4548 0.0311 0.8901
vn 0.2973 -0.2649 0.9173
vn 0.7983 0.5356 0.2755
vn 0.3490 0.1546 0.9243
vn -0.3367 0.2898 0.8959
vn 0.0631 -0.0327 0.9975
vn 0.2993 0.2360 0.9245
vn -0.0730 0.3481 0.9346
vn 0.2645 -0.9524 0.1513
vn -0.1918 -0.7430 0.6412
vn -0.4526 0.3999 -0.7970
vn 0.9234 0.3359 -0.1857
vn 0.9374 0.2591 0.2328
vn -0.1815 0.9832 0.0207
vn 0.5108 0.4571 0.7281
vn 0.1034 -0.6715 0.7337
vn 0.1245 -0.9883 -0.0881
vn -0.5475 -0.8366 0.0188
vn 0.7422 -0.4090 0.5310
vn 0.6737 -0.3980 0.6227
vn -0.4493 0.1248 0.8846
vn 0.5193 -0.8546 0.0040
vn -0.4167 0.3843 -0.8238
vn 0.8810 -0.4709 0.0448
vn 0.2189 -0.2141 0.9520
vn 0.7459 -0.2213 0.6282
vn 0.8761 -0.4723 0.0971
vn 0.8298 -0.5545 -0.0631
vn -0.2388 0.0817 0.9676
vn -0.9774 0.1157 -0.1771
vn -0.2546 -0.1640 0.9530
vn -0.7714 0.5173 -0.3705
vn 0.1841 0.2731 0.9442
vn -0.4737 -0.5206 0.7103
vn -0.2935 0.1062 0.9500
vn -0.3803 0.9097 0.1670
vn -0.3541 -0.4382 -0.8262
vn -0.8311 0.5478 0.0958
vn 0.9423 0.2259 0.2472
vn -0.6552 0.2615 0.7087
vn -0.1331 -0.9593 0.2491
vn -0.3413 -0.7428 0.5759
vn -0.0078 -0.1049 0.9944
vn -0.0267 0.2197 0.9752
vn -0.5950 0.6360 0.4914
vn -0.0730 0.1501 0.9860
vn 0.4994 0.7922 0.3507
vn 0.4272 0.1652 0.8889
vn -0.5271 0.8157 0.2382
vn 0.6486 -0.4887 0.5835
vn 0.1489 -0.9751 0.1646
vn 0.8486 -0.4053 0.3401
vn -0.8088 0.4538 0.3740
vn 0.7907 -0.5754 0.2090
vn -0.8829 -0.3991 -0.2475
vn 0.8833 -0.4568 0.1050
vn -0.9346 -0.2175 -0.2813
vn 0.2757 0.6293 0.7267
vn -0.2142 -0.5780 0.7874
vn 0.1058 -0.1014 0.9892
vn 0.1420 -0.1013 0.9847
vn -0.5512 0.4630 0.6941
vn -0.3193 0.3476 0.8816
vn 0.2781 0.0591 0.9587
vn -0.0081 -0.1043 0.9945
vn -0.0254 0.0252 0.9994
vn -0.2232 0.3991 0.8893
vn 0.3982 -0.8329 0.3843
vn -0.8562 0.0994 0.5071
vn 0.3532 -0.1680 0.9203
vn -0.1551 0.9873 -0.0341
vn -0.3492 0.1007 -0.9316
vn -0.6468 0.4196 0.6368
vn -0.4863 -0.6217 0.6141
vn 0.4799 -0.8702 0.1114
vn -0.0682 -0.9031 0.4239
vn -0.4730 -0.8426 0.2576
vn -0.6326 0.3358 0.6980
vn -0.7715 0.3845 0.5070
vn -0.5537 0.4216 -0.7181
vn 0.8305 0.3990 -0.3887
vn 0.9166 -0.3265 0.2306
vn -0.8816 -0.2548 -0.3972
vn -0.9791 -0.1997 -0.0386
vn -0.4746 0.3772 0.7953
vn 0.7868 -0.2851 0.5473
vn -0.8571 0.4959 0.1397
vn 0.1302 -0.3259 -0.9364
vn -0.5585 -0.2163 0.8008
vn -0.6763 0.6373 0.3695
vn -0.4714 0.7871 0.3978
vn -0.1661 -0.0252 0.9858
vn 0.3392 -0.8844 0.3206
vn -0.1265 -0.8015 0.5844
vn -0.2718 -0.1324 -0.9532
vn 0.3191 0.8581 0.4023
vn 0.0738 0.3486 0.9344
vn 0.2284 0.0334 0.9730
vn -0.3465 -0.7970 0.4946
vn 0.2721 -0.1481 0.9508
vn 0.3111 0.6925 -0.6508
vn 0.3779 -0.7148 0.5884
vn -0.6679 -0.7084 0.2281
vn -0.7842 0.5626 -0.2617
vn 0.8307 0.3926 -0.3947
vn -0.3521 0.9332 -0.0718
vn -0.9491 -0.1119 -0.2945
vn 0.0435 0.5664 0.8230
vn -0.7349 0.3246 0.5954
vn -0.9430 0.1184 0.3111
vn -0.6422 0.6683 0.3754
vn 0.0288 -0.0656 0.9974
vn -0.5570 0.7590 0.3373
vn -0.1651 0.0596 0.9845
vn 0.5617 -0.1990 0.8030
vn 0.1041 0.1364 0.9852
vn -0.0230 0.0376 0.9990
vn -0.1957 0.6231 0.7573
vn 0.8589 0.2633 0.4393
vn 0.2660 0.9598 0.0896
vn -0.0415 -0.9854 0.1649
vn -0.2186 -0.9478 -0.2322
vn 0.4532 0.8265 0.3338
vn 0.5430 0.8340 -0.0978
vn 0.2685 -0.0609 0.9613
vn 0.3559 0.3305 0.8741
vn -0.0002 0.9116 0.4110
vn 0.2264 0.7175 0.6587
vn 0.0853 0.8508 -0.5185
vn -0.1350 -0.9900 0.0420
vn 0.6996 -0.6325 -0.3325
vn 0.8432 -0.5089 0.1736
vn -0.8204 0.5371 0.1963
vn -0.8674 0.4902 0.0851
vn 0.9129 -0.3736 -0.1646
vn -0.5102 0.8537 -0.1039
vn 0.8527 -0.5194 0.0557
vn -0.0023 -0.9227 0.3856
vn 0.1058 -0.1295 -0.9859
vn -0.2010 0.0273 -0.9792
vn -0.4886 0.6041 0.6295
vn 0.7224 -0.4978 0.4799
vn 0.1009 0.0882 0.9910
vn 0.5124 0.0438 0.8576
vn -0.8916 -0.1769 -0.4169
vn -0.2622 0.5387 -0.8007
vn -0.2935 0.7916 0.5359
vn -0.4811 0.8589 0.1754
vn 0.7582 -0.3498 0.5503
vn 0.2594 -0.8369 0.4821
vn 0.3472 0.9376 -0.0192
vn -0.5372 0.0237 -0.8431
vn -0.3941 0.3801 0.8368
vn 0.7729 -0.2113 0.5983
vn -0.8087 -0.5834 0.0745
vn -0.9837 0.1649 0.0713
vn 0.9574 0.0338 -0.2867
vn 0.1081 0.1614 0.9809
vn 0.2092 0.1799 0.9612
vn -0.0963 -0.5059 0.8572
vn -0.2865 -0.9550 0.0775
vn -0.9909 -0.1275 0.0427
vn -0.1381 0.9131 0.3838
vn -0.0999 0.9723 0.2114
vn -0.4457 -0.8733 0.1967
vn -0.8516 0.5178 -0.0820
vn -0.8566 0.5116 -0.0670
vn -0.8827 0.4650 0.0677
vn -0.7520 0.5309 -0.3907
vn -0.8614 0.5038 -0.0644
vn -0.8754 0.4558 0.1610
vn 0.8085 -0.5270 -0.2619
vn 0.7946 -0.5997 -0.0951
vn -0.7960 0.5939 0.1171
vn 0.8034 -0.5534 -0.2197
vn 0.6709 0.4491 -0.5900
vn 0.3770 -0.2004 0.9043
vn 0.4071 -0.1744 0.8966
vn 0.4384 0.3965 0.8066
vn 0.2632 -0.1776 0.9483
vn 0.2116 -0.7193 0.6617
vn 0.2300 0.4352 0.8705
vn 0.2209 -0.9748 0.0311
vn -0.9223 -0.3626 0.1333
vn -0.9155 0.0604 0.3977
vn 0.7252 -0.6488 0.2307
vn 0.6539 -0.4409 0.6148
vn -0.1163 0.0958 -0.9886
vn 0.8174 -0.5073 -0.2729
vn 0.6883 -0.6396 -0.3423
vn 0.7648 0.1492 -0.6267
vn 0.8188 -0.5051 -0.2729
vn 0.8121 -0.4947 -0.3093
vn -0.8736 -0.3449 -0.3434
vn -0.6060 0.7803 0.1543
vn -0.9771 0.0471 0.2074
vn -0.3927 -0.1280 0.9107
vn 0.7542 -0.2182 0.6193
vn -0.3570 -0.4584 -0.8139
vn -0.9003 0.0422 0.4332
vn -0.7180 0.6196 0.3171
vn -0.8334 0.4219 0.3570
vn 0.3652 0.6747 0.6414
vn -0.0465 0.1490 0.9877
vn -0.0972 -0.9950 -0.0229
vn 0.6016 0.3278 0.7284
vn -0.2645 0.6090 -0.7478
vn 0.1787 -0.6961 0.6954
vn 0.3369 -0.0397 0.9407
vn -0.1176 0.3263 0.9379
vn 0.6970 -0.6642 0.2703
vn -0.1040 -0.9940 0.0335
vn 0.7613 -0.4595 -0.4575
vn -0.0568 -0.9833 0.1726
vn -0.8487 0.5219 -0.0854
vn 0.8790 -0.2449 -0.4092
vn 0.4618 -0.4036 -0.7898
vn 0.8328 -0.3742 -0.4079
vn 0.7947 -0.5432 -0.2708
vn 0.8540 -0.1776 -0.4890
vn 0.7475 -0.2781 -0.6033
vn 0.7787 -0.5980 -0.1898
vn -0.2496 -0.4573 -0.8536
vn 0.4232 0.0160 0.9059
vn 0.1524 0.1323 0.9794
vn 0.5854 -0.5635 -0.5829
vn -0.5534 0.5111 -0.6576
vn 0.1324 0.9239 -0.3591
vn -0.0403 -0.4486 0.8928
vn 0.1671 -0.9339 -0.3162
vn 0.0279 0.7061 0.7075
vn -0.8638 -0.3182 0.3907
vn 0.0078 0.9600 0.2798
vn 0.2181 -0.9628 -0.1598
vn 0.0263 -0.9863 0.1627
vn 0.3005 0.8637 -0.4045
vn 0.4711 -0.7911 -0.3901
vn -0.9865 0.1208 -0.1103
vn -0.7915 0.5391 0.2879
vn -0.0429 -0.4399 -0.8970
vn 0.6933 -0.1577 -0.7032
vn 0.9507 -0.2057 -0.2320
vn -0.8678 -0.4250 0.2575
vn -0.8459 -0.4694 0.2531
vn 0.1808 0.6215 -0.7622
vn 0.4225 -0.0547 -0.9047
vn 0.0373 0.4934 -0.8690
vn 0.2162 0.9168 -0.3357
vn -0.9258 0.2842 0.2492
vn 0.7214 -0.3447 -0.6006
vn -0.6608 0.3773 0.6488
vn -0.4121 0.5759 0.7061
vn 0.0838 -0.9930 0.0827
vn -0.7139 0.6449 -0.2729
vn 0.0067 -0.5809 0.8140
vn -0.4973 0.3476 0.7949
vn -0.1778 -0.9607 0.2133
vn -0.5524 0.8053 0.2152
vn -0.7476 -0.2984 0.5933
vn -0.0839 0.9158 0.3928
vn -0.4061 -0.8876 0.2172
vn 0.7322 -0.6028 -0.3172
vn 0.8493 -0.1416 -0.5086
vn 0.5095 -0.6065 -0.6104
vn -0.6040 -0.7705 0.2037
vn -0.8300 -0.3335 0.4470
vn 0.8988 -0.2349 0.3702
vn -0.8683 0.0363 0.4947
vn -0.9579 -0.0872 0.2734
vn 0.2268 0.6089 -0.7601
vn -0.2567 0.0418 -0.9656
vn -0.7759 0.6163 0.1349
vn 0.1227 0.5655 0.8156
vn 0.8329 -0.2256 -0.5053
vn -0.4980 -0.2790 -0.8211
vn -0.9703 0.1667 -0.1754
vn -0.8700 0.3908 0.3005
vn 0.6345 -0.0894 0.7678
vn 0.7067 -0.0362 0.7066
vn -0.1073 -0.9840 -0.1423
vn 0.0739 0.5983 0.7979
vn 0.2150 -0.6663 0.7140
vn 0.0418 -0.9303 -0.3643
vn 0.4377 -0.4367 -0.7860
vn -0.2707 -0.8420 -0.4667
vn 0.3684 0.8289 -0.4210
vn 0.5857 -0.1567 -0.7952
vn -0.0565 -0.9868 0.1517
vn 0.6224 0.3689 0.6903
vn -0.9858 0.0712 0.1523
vn 0.8677 -0.4295 -0.2501
vn -0.9805 -0.0042 0.1966
vn 0.9445 -0.2664 -0.1924
vn 0.9021 -0.3069 -0.3034
vn 0.4140 0.3045 -0.8579
vn -0.1334 -0.3908 -0.9107
vn 0.8930 -0.1305 0.4307
vn -0.4570 -0.8694 0.1881
vn -0.7592 0.6263 0.1772
vn 0.5354 0.7672 -0.3533
vn -0.1571 0.9871 0.0322
vn -0.3272 -0.1582 0.9316
vn 0.0715 0.7265 0.6834
vn 0.2433 0.3915 0.8874
vn -0.8464 0.5204 0.1131
vn 0.2449 0.9569 0.1563
vn 0.1113 -0.9911 0.0727
vn 0.4965 -0.7187 0.4867
vn 0.1423 -0.1132 0.9833
vn 0.5879 -0.1206 -0.7999
vn -0.6017 -0.6056 0.5208
vn -0.1574 0.9760 0.1503
vn -0.9231 -0.0354 0.3830
vn 0.3536 0.3603 -0.8632
vn -0.4630 -0.1820 -0.8675
vn -0.7325 -0.3031 0.6096
vn -0.5240 0.4977 -0.6911
vn 0.3286 -0.7828 -0.5284
vn -0.7473 -0.6496 0.1395
vn -0.5475 0.7431 0.3846
vn -0.3774 0.7383 0.5590
vn -0.4734 0.3678 0.8004
vn -0.2884 -0.8100 -0.5106
vn 0.3326 -0.9343 0.1283
vn 0.0470 -0.3360 0.9407
vn -0.0313 0.9571 0.2881
vn 0.6443 0.1506 0.7498
vn 0.4947 0.4542 0.7409
vn -0.6517 0.6287 0.4243
vn 0.0702 0.9551 -0.2879
vn -0.2871 -0.2943 -0.9116
vn -0.2548 0.0686 -0.9645
vn 0.9769 0.2138 -0.0054
vn 0.4254 -0.8361 0.3463
vn 0.6109 -0.7366 0.2902
vn 0.2802 0.2983 -0.9124
vn 0.4360 -0.8928 0.1131
vn -0.1831 0.8481 -0.4972
vn 0.7391 -0.3771 0.5581
vn 0.1940 0.7321 0.6530
vn -0.2244 0.9333 -0.2805
vn -0.9542 0.1556 -0.2556
vn 0.3020 0.0650 0.9511
vn 0.2790 0.0007 0.9603
vn -0.0270 0.2066 0.9781
vn -0.2519 -0.8030 -0.5402
vn 0.3774 0.1645 0.9113
vn 0.1149 0.6163 -0.7791
vn -0.1214 0.9852 0.1210
vn -0.3192 -0.8221 0.4714
vn 0.3065 -0.0252 0.9515
vn -0.3950 0.0556 0.9170
vn 0.4602 -0.1623 -0.8729
vn 0.4658 -0.7618 0.4502
vn -0.4854 0.7001 -0.5238
vn 0.1104 -0.9776 -0.1793
vn -0.4352 -0.8859 -0.1608
vn -0.8895 -0.2557 0.3787
vn -0.4099 0.1785 -0.8945
vn 0.1677 -0.1210 -0.9784
vn -0.0841 0.1947 0.9773
vn -0.2125 0.5881 0.7804
vn 0.0658 -0.9880 0.1396
vn 0.2705 -0.9370 0.2212
vn 0.0470 0.3396 0.9394
vn -0.1165 -0.9928 0.0279
vn -0.5578 -0.8043 0.2047
vn -0.3414 0.2310 -0.9111
vn -0.2167 -0.9437 0.2501
vn 0.7327 -0.3095 0.6061
vn -0.8743 0.2892 0.3899
vn -0.9249 -0.1011 0.3665
vn -0.3861 0.0881 -0.9182
vn -0.3971 0.7469 -0.5334
vn -0.6338 -0.4991 0.5910
vn 0.8396 0.5430 -0.0130
vn 0.2297 0.3991 0.8877
vn -0.1433 -0.8692 -0.4732
vn -0.7338 -0.4452 0.5131
vn 0.6457 -0.0456 -0.7622
vn 0.0879 0.0907 -0.9920
vn -0.3842 0.2069 -0.8998
vn 0.0679 0.0859 -0.9940
vn -0.0917 -0.1078 -0.9899
vn 0.0203 0.9939 0.1083
vn 0.5280 0.4979 0.6879
vn 0.3167 -0.9402 0.1254
vn 0.4664 0.1240 0.8758
vn -0.1626 -0.9460 -0.2803
vn -0.8016 -0.3305 0.4981
vn -0.0333 -0.8986 -0.4374
vn 0.9590 -0.0033 -0.2833
vn 0.2695 -0.5657 -0.7793
vn 0.6493 -0.5722 0.5011
vn -0.0345 -0.9573 -0.2872
vn -0.0025 0.8977 -0.4405
vn 0.3846 0.8823 0.2714
vn 0.3100 0.0670 0.9484
vn 0.0187 -0.3029 0.9528
vn 0.3594 0.8827 0.3029
vn -0.0927 -0.9953 0.0282
vn -0.3242 -0.9069 0.2692
vn 0.3516 -0.9323 0.0850
vn 0.1582 -0.9455 0.2846
vn 0.4239 -0.9053 0.0278
vn -0.8570 -0.0946 0.5066
vn -0.9062 0.2498 0.3413
vn -0.7726 -0.5543 0.3096
vn 0.4133 0.1506 -0.8980
vn -0.3806 0.8252 -0.4173
vn 0.0361 0.8961 -0.4424
vn -0.9084 0.2166 0.3576
vn 0.3438 0.1322 0.9297
vn -0.1285 0.2716 0.9538
vn -0.0054 -0.2197 0.9756
vn -0.6078 0.4856 0.6284
vn 0.5399 -0.6589 0.5239
vn 0.0353 0.2144 -0.9761
vn 0.6900 0.3181 -0.6501
vn 0.7362 0.6472 0.1977
vn -0.9650 0.1940 0.1766
vn -0.2438 0.5459 0.8016
vn 0.0221 0.9991 -0.0366
vn 0.2337 0.9601 -0.1536
vn 0.1133 0.7500 -0.6516
vn 0.2896 0.5894 0.7542
vn 0.2378 -0.1732 0.9557
vn -0.7995 -0.3526 0.4863
vn 0.4839 0.7379 0.4705
vn -0.0574 0.9960 -0.0679
vn 0.0133 -0.8905 -0.4548
vn -0.0434 -0.9961 -0.0770
vn 0.6808 -0.4220 0.5987
vn 0.3987 0.7298 -0.5554
vn -0.1014 0.3689 0.9239
vn 0.4155 0.0332 0.9090
vn 0.2239 0.2499 0.9420
vn -0.2042 0.5480 0.8112
vn 0.3431 -0.9308 0.1262
vn 0.6821 -0.1203 0.7213
vn -0.4952 0.8477 -0.1902
vn 0.2440 0.4268 0.8708
vn -0.3605 -0.9252 0.1183
vn 0.4282 0.5888 0.6855
vn 0.1697 0.2687 0.9481
vn -0.0442 -0.5760 0.8163
vn -0.2453 0.8583 0.4508
vn 0.4598 -0.6979 -0.5491
vn 0.7087 -0.4679 -0.5281
vn 0.6715 -0.3611 -0.6471
vn -0.6633 0.3888 0.6394
vn -0.0803 -0.9929 -0.0875
vn -0.6863 -0.4467 0.5740
vn 0.9265 -0.1499 -0.3452
vn 0.2348 0.9468 -0.2200
vn -0.9151 -0.1273 0.3826
vn 0.4089 -0.0295 0.9121
vn -0.1148 0.9320 -0.3437
vn 0.9980 0.0336 -0.0533
vn -0.7001 0.5220 0.4872
vn -0.1885 -0.8238 -0.5346
vn -0.9422 -0.0519 0.3309
vn -0.5169 0.3122 -0.7971
vn -0.5464 -0.8366 -0.0410
vn 0.3862 0.1650 -0.9075
vn 0.3520 0.6705 -0.6531
vn -0.4331 0.7972 -0.4206
vn -0.7401 -0.0014 -0.6724
vn 0.2950 -0.9531 0.0675
vn 0.9226 0.0789 0.3777
vn -0.9445 0.2630 0.1968
vn 0.9662 0.1756 0.1889
vn -0.6399 0.7468 -0.1814
vn -0.9805 0.1760 0.0874
vn -0.2723 0.3352 -0.9019
vn 0.0633 -0.9897 0.1287
vn -0.1017 -0.9609 -0.2575
vn 0.3916 -0.3209 0.8624
vn -0.4810 -0.7046 -0.5217
vn -0.3983 -0.0261 0.9169
vn 0.5234 0.7289 0.4413
vn 0.4207 -0.7723 0.4759
vn 0.9774 0.1398 0.1588
vn 0.6281 -0.1310 -0.7670
vn 0.7348 0.1489 -0.6617
vn 0.9670 -0.1597 -0.1988
vn 0.9431 0.2290 0.2411
vn 0.8497 -0.1331 0.5102
vn 0.5116 -0.4801 0.7126
vn 0.2353 0.9588 -0.1591
vn 0.0851 0.9820 -0.1684
vn -0.4443 0.8819 -0.1577
vn -0.0939 -0.5959 0.7975
vn -0.0668 0.8874 0.4561
vn -0.1557 0.0472 -0.9867
vn -0.8853 -0.4383 0.1554
vn -0.1514 0.9559 0.2516
vn -0.5826 0.3740 0.7216
vn -0.2872 0.5179 0.8058
vn 0.0921 0.9896 0.1108
vn 0.1318 0.6621 0.7378
vn -0.8343 -0.3338 0.4388
vn -0.9269 0.0365 0.3736
vn -0.6898 0.5249 0.4986
vn -0.7415 -0.2513 -0.6221
vn -0.0397 -0.9922 0.1185
vn -0.2563 0.9633 0.0792
vn 0.1427 0.9876 -0.0662
vn -0.3460 -0.8003 0.4896
vn -0.1589 0.1585 -0.9745
vn 0.5650 0.3263 -0.7578
vn -0.1963 -0.9506 -0.2405
vn 0.3450 0.9383 -0.0243
vn 0.0905 0.3539 -0.9309
vn -0.1380 0.2681 -0.9535
vn 0.5906 -0.2552 -0.7656
vn -0.9563 0.1519 0.2497
vn 0.9150 -0.3932 -0.0909
vn 0.9612 -0.0349 0.2735
vn -0.6768 -0.6542 0.3375
vn 0.4434 0.1814 0.8778
vn 0.1269 0.2899 0.9486
vn 0.7912 0.0012 -0.6115
vn -0.9422 0.1499 0.2997
vn 0.3131 0.4590 0.8314
vn -0.3466 0.6688 0.6577
vn 0.1765 -0.8311 0.5274
vn -0.4973 -0.6965 0.5173
vn 0.1139 -0.9312 -0.3464
vn 0.4221 -0.0420 -0.9056
vn 0.6729 0.6650 0.3241
vn 0.0105 -0.2133 -0.9769
vn -0.3312 0.8916 0.3088
vn 0.3419 -0.6144 -0.7111
vn -0.1260 -0.9772 0.1707
vn -0.8986 -0.0981 0.4276
vn 0.8248 -0.2944 -0.4826
vn 0.4436 0.8536 0.2730
vn 0.8365 -0.0691 0.5436
vn -0.3053 0.5379 0.7858
vn 0.3943 0.6894 0.6077
vn -0.3419 -0.1152 -0.9326
vn 0.1322 -0.9157 0.3794
vn 0.3760 0.3831 0.8437
vn 0.3701 0.1435 0.9179
vn 0.6238 -0.7281 0.2843
vn -0.3193 -0.9289 -0.1876
vn 0.8900 0.3801 0.2517
vn 0.3069 -0.7600 0.5729
vn -0.7339 -0.6766 -0.0596
vn 0.4534 0.6623 -0.5965
vn -0.8002 -0.4810 -0.3581
vn -0.4069 0.6001 -0.6887
vn 0.8350 0.1375 -0.5327
vn -0.5291 0.6708 0.5197
vn -0.5067 0.5536 0.6609
vn -0.2038 -0.2166 -0.9548
vn 0.4072 -0.4203 0.8109
vn -0.3821 -0.9156 -0.1251
vn -0.1243 -0.9921 -0.0182
vn -0.3261 -0.9358 0.1341
vn 0.5112 0.2730 -0.8150
vn -0.8059 0.4917 0.3298
vn 0.1732 0.0339 -0.9843
vn 0.2807 -0.3496 -0.8939
vn -0.6049 0.7934 0.0678
vn 0.6682 -0.3465 -0.6584
vn -0.8806 -0.1296 0.4558
vn 0.9740 0.2250 -0.0262
vn 0.1586 0.3750 0.9133
vn -0.2819 0.6287 0.7247
vn -0.9603 0.2732 0.0558
vn 0.2774 0.1798 0.9438
vn 0.2340 0.1952 0.9524
vn 0.3659 0.5382 0.7593
vn -0.5656 -0.8183 -0.1026
vn 0.0071 0.6893 0.7244
vn -0.3005 -0.7373 -0.6051
vn 0.1204 -0.5687 -0.8137
vn 0.2781 -0.1900 -0.9416
vn -0.6955 0.3448 -0.6304
vn -0.7079 0.7062 0.0159
vn -0.9237 0.3764 0.0718
vn 0.2720 -0.9302 0.2465
vn -0.1580 -0.7697 -0.6185
vn 0.0859 0.9942 -0.0652
vn -0.2061 -0.8756 0.4369
vn 0.2460 -0.5331 -0.8095
vn 0.4202 -0.5082 -0.7518
vn -0.2273 -0.6255 -0.7464
vn -0.2574 -0.7215 -0.6428
vn 0.8321 -0.3168 0.4552
vn -0.2542 -0.7469 0.6145
vn 0.8312 -0.1648 -0.5310
vn -0.5553 0.4342 0.7093
vn -0.2979 0.4623 0.8352
vn -0.3703 -0.9005 0.2277
vn 0.1407 0.6233 0.7692
vn 0.3634 0.6619 0.6556
vn -0.0631 0.9517 -0.3003
vn -0.3391 -0.8863 -0.3155
vn 0.1140 0.4426 0.8895
vn 0.7219 0.6914 0.0279
vn -0.0189 -0.9798 -0.1989
vn 0.3075 -0.3549 -0.8829
vn -0.0368 -0.2505 -0.9674
vn 0.6453 -0.1542 -0.7482
vn -0.0853 0.9914 -0.0993
vn 0.3251 -0.3013 0.8964
vn -0.0631 -0.2979 0.9525
vn -0.2132 -0.3697 0.9043
vn 0.3186 0.3167 0.8934
vn 0.2820 -0.4619 -0.8409
vn 0.1174 -0.0654 0.9909
vn -0.2517 -0.1519 0.9558
vn 0.3601 -0.6218 -0.6955
vn 0.2517 -0.2346 0.9389
vn 0.1314 -0.1623 -0.9780
vn -0.7460 -0.5449 0.3828
vn 0.1008 0.8907 0.4433
vn -0.4788 0.8695 0.1210
vn -0.1368 0.7178 0.6827
vn 0.4271 0.6211 0.6571
vn 0.3957 0.9003 -0.1812
vn -0.4838 -0.5123 -0.7096
vn -0.7893 -0.5835 0.1912
vn -0.8705 -0.3670 0.3278
vn 0.0921 -0.7691 0.6324
vn 0.3658 -0.2132 -0.9059
vn 0.2965 -0.6466 -0.7028
vn 0.1024 -0.4048 -0.9087
vn 0.1951 -0.5630 0.8031
vn -0.5478 0.8237 -0.1466
vn -0.1475 0.8906 0.4302
vn 0.0606 -0.1380 -0.9886
vn 0.2644 -0.3015 -0.9161
vn -0.5564 0.6788 0.4792
vn 0.0646 -0.4640 -0.8835
vn -0.4704 0.0707 0.8796
vn 0.7923 -0.1889 -0.5802
vn -0.2871 0.8569 0.4281
vn 0.5076 0.2239 0.8320
vn 0.4224 -0.4429 0.7909
vn 0.0632 -0.8150 -0.5760
vn -0.1993 0.9789 -0.0459
vn 0.5701 0.8188 -0.0675
vn -0.7933 0.5643 -0.2284
vn 0.2944 0.7750 0.5593
vn -0.5290 -0.4148 -0.7403
vn 0.1678 -0.4611 -0.8713
vn -0.0278 0.8284 0.5594
vn 0.1026 -0.5177 -0.8494
vn 0.5989 0.0689 -0.7979
vn -0.2970 0.9073 0.2978
vn -0.1119 -0.5403 -0.8340
vn -0.4117 0.5985 0.6872
vn -0.0781 -0.5853 -0.8071
vn 0.2490 -0.3576 -0.9001
vn -0.4045 0.5180 0.7537
vn -0.3787 0.5418 0.7504
vn -0.3799 0.5916 0.7111
vn 0.4307 -0.3618 -0.8268
vn 0.6583 -0.4249 -0.6214
vn -0.0475 0.7906 0.6106
vn 0.2111 0.2576 0.9429
vn 0.1860 0.5519 0.8129
vn -0.2478 -0.9512 0.1839
vn -0.5066 -0.5102 -0.6951
vn -0.2195 0.3727 -0.9016
vn 0.5137 -0.4992 -0.6978
vn 0.1678 -0.4947 -0.8527
vn 0.0081 -0.0038 -1.0000
vn 0.4299 -0.8911 0.1455
vn -0.8378 -0.5017 0.2154
vn -0.7012 0.7129 0.0108
vn -0.6525 0.7520 0.0934
vn -0.5743 0.3496 0.7402
vn 0.1292 0.2779 0.9519
vn 0.3372 0.3009 0.8920
vn 0.2220 -0.2767 -0.9350
vn 0.8729 -0.4734 -0.1185
vn 0.8244 -0.5637 0.0508
vn -0.2706 0.9518 0.1440
vn -0.6927 0.1451 0.7065
vn 0.5096 0.5818 0.6339
vn -0.0470 0.2244 0.9734
vn 0.8507 -0.0298 -0.5248
vn -0.9011 -0.3880 0.1938
vn 0.7346 -0.6785 -0.0028
vn 0.3153 -0.0170 0.9489
vn -0.5216 -0.0493 0.8518
vn 0.5310 0.3828 0.7560
vn 0.6800 0.4745 0.5590
vn 0.9141 0.2224 0.3390
vn 0.2822 -0.6929 0.6635
vn -0.0695 0.2116 -0.9749
vn -0.8856 0.4634 -0.0317
vn 0.7665 0.5630 -0.3091
vn 0.3508 0.9363 0.0183
vn -0.1504 -0.9657 0.2117
vn -0.4539 -0.4025 -0.7949
vn 0.4522 0.8470 0.2795
vn -0.8648 -0.4251 0.2673
vn 0.2868 0.8633 0.4154
vn -0.6285 0.7059 0.3266
vn -0.1602 -0.8462 -0.5081
vn -0.0247 -0.8210 0.5704
vn -0.4483 -0.3861 -0.8062
vn -0.3650 -0.6304 0.6851
vn -0.4666 0.8323 -0.2992
vn -0.2965 -0.5176 0.8026
vn 0.1460 0.0623 0.9873
vn -0.8563 0.3515 0.3784
vn 0.6184 0.4697 0.6301
vn 0.4332 0.5152 0.7395
vn -0.2694 -0.6518 -0.7089
vn 0.6337 0.4421 0.6348
vn 0.4116 0.4999 0.7620
vn -0.4505 -0.6991 -0.5553
vn 0.1926 -0.2855 0.9388
vn 0.2555 0.3069 0.9168
vn 0.6824 0.6391 0.3548
vn -0.5628 -0.8180 -0.1190
vn -0.4024 -0.7094 -0.5786
vn 0.2180 -0.9732 0.0727
vn -0.0958 0.9772 -0.1894
vn -0.0474 0.8904 -0.4526
vn -0.3793 -0.1180 -0.9177
vn 0.9262 -0.3709 -0.0676
vn 0.9191 0.2514 0.3033
vn 0.4987 0.8427 0.2030
vn 0.3862 0.4439 0.8086
vn 0.6520 0.3851 0.6531
vn 0.4653 0.5334 0.7064
vn -0.5231 -0.6248 -0.5797
vn 0.1613 0.5082 0.8460
vn 0.1245 0.9922 -0.0097
vn 0.5072 -0.8291 -0.2353
vn 0.3760 0.7615 0.5280
vn 0.6876 -0.4167 -0.5946
vn -0.0322 -0.8112 0.5838
vn -0.2806 0.1169 -0.9527
vn -0.2799 0.2682 -0.9218
vn -0.0800 0.9129 0.4003
vn 0.7659 -0.4131 0.4927
vn 0.7459 0.1926 -0.6376
vn -0.7293 0.2244 0.6463
vn -0.8416 0.1760 0.5107
vn 0.1398 0.6570 0.7408
vn -0.7892 0.6106 0.0660
vn -0.4976 -0.5560 0.6658
vn 0.2261 -0.1332 -0.9650
vn 0.6265 -0.7672 0.1378
vn -0.2595 0.1418 -0.9553
vn 0.6097 -0.7306 -0.3074
vn 0.0667 0.3379 -0.9388
vn -0.6666 0.7084 -0.2318
vn 0.4431 0.8112 0.3817
vn -0.7363 0.4681 -0.4886
vn -0.5690 0.4438 0.6923
vn -0.4545 0.1847 0.8714
vn -0.9153 -0.2820 0.2875
vn 0.5536 0.8096 0.1952
vn -0.1238 0.2586 0.9580
vn -0.0641 0.3519 0.9338
vn 0.0205 -0.9505 0.3099
vn -0.0856 -0.8948 -0.4381
vn 0.1362 0.7838 -0.6059
vn 0.1106 0.8479 -0.5184
vn 0.7098 0.4655 -0.5287
vn 0.2452 -0.9432 0.2239
vn -0.0191 -0.7166 0.6972
vn 0.0719 -0.5662 0.8211
vn -0.0240 -0.9871 -0.1585
vn -0.7591 0.2080 -0.6169
vn -0.4986 0.7752 -0.3878
vn 0.5513 0.1905 -0.8123
vn -0.4067 0.7765 -0.4813
vn 0.4243 0.4932 0.7594
vn 0.4347 0.3479 0.8306
vn 0.0056 0.9209 0.3899
vn 0.5005 0.8603 0.0965
vn 0.7321 0.6771 0.0745
vn 0.0377 -0.5427 0.8391
vn 0.2718 0.6075 -0.7464
vn -0.1372 0.6682 -0.7312
vn -0.4853 -0.4445 0.7529
vn -0.4698 -0.2773 0.8381
vn 0.8436 -0.3417 -0.4143
vn 0.5213 -0.4980 -0.6930
vn -0.5861 0.6544 -0.4778
vn 0.0966 0.6385 -0.7636
vn 0.5505 0.2415 -0.7992
vn -0.6912 0.5150 0.5071
vn -0.6314 -0.7693 0.0973
vn 0.4788 0.3945 -0.7843
vn 0.2967 -0.2321 -0.9263
vn 0.3706 0.1940 -0.9083
vn 0.3448 0.0053 -0.9387
vn 0.3332 -0.1357 -0.9331
vn 0.4679 -0.3949 -0.7906
vn 0.3219 -0.4145 -0.8512
vn -0.2573 0.5598 0.7876
vn -0.0644 0.9896 -0.1288
vn 0.0629 -0.9421 -0.3293
vn 0.8934 0.2141 -0.3950
vn -0.4447 -0.2345 0.8644
vn -0.3446 0.7799 0.5225
vn -0.4484 -0.0756 0.8906
vn 0.7614 0.5961 0.2548
vn 0.0262 -0.4190 -0.9076
vn -0.6144 0.1567 0.7733
vn 0.5888 0.7449 0.3139
vn 0.3543 0.3111 -0.8819
vn 0.3650 0.3751 -0.8521
vn 0.9808 -0.1177 -0.1554
vn 0.3951 0.2783 -0.8755
vn -0.9534 0.1968 0.2288
vn 0.6581 -0.1530 -0.7372
vn -0.8070 0.3401 -0.4828
vn 0.0421 -0.1959 0.9797
vn -0.3086 0.2323 0.9224
vn 0.4026 -0.1409 -0.9045
vn 0.5201 -0.1853 -0.8338
vn -0.0103 -0.3928 0.9196
vn -0.2584 -0.2013 0.9448
vn -0.2335 0.7854 -0.5732
vn 0.6641 0.4447 0.6010
vn 0.3330 -0.0982 0.9378
vn -0.5330 0.6090 0.5874
vn 0.3132 -0.4343 0.8446
vn 0.6449 -0.7498 -0.1483
vn 0.1664 0.5743 0.8016
vn 0.7699 -0.4552 -0.4472
vn -0.9779 0.2052 -0.0406
vn 0.8325 -0.3756 -0.4073
vn 0.0933 0.5479 -0.8313
vn -0.6815 -0.4993 0.5351
vn -0.5913 -0.6405 0.4900
vn 0.5250 0.7706 -0.3613
vn 0.5890 0.5133 -0.6242
vn 0.1570 -0.7134 -0.6830
vn -0.3592 -0.1845 0.9148
vn 0.1627 -0.4452 0.8805
vn 0.2116 0.3272 0.9210
vn -0.3492 -0.0773 -0.9339
vn 0.2029 0.2117 0.9560
vn 0.0828 0.8662 -0.4929
vn 0.5027 0.7621 -0.4080
vn -0.2345 -0.6502 0.7227
vn -0.0386 -0.1382 0.9897
vn 0.4484 -0.2784 0.8493
vn -0.6250 0.0154 0.7805
vn -0.6246 0.0166 0.7807
vn -0.8795 -0.0409 -0.4742
vn 0.9499 -0.3045 -0.0704
vn -0.3236 -0.1220 -0.9383
vn 0.2425 0.3308 -0.9120
vn 0.5496 0.7267 -0.4122
vn -0.1546 0.7178 0.6789
vn 0.3413 -0.2465 -0.9070
vn -0.8232 0.2499 0.5098
vn -0.0619 -0.7886 0.6118
vn -0.8153 -0.2001 0.5434
vn 0.1792 -0.2800 0.9431
vn 0.0917 -0.9017 0.4225
vn -0.4031 -0.2739 0.8732
vn -0.6155 -0.7568 -0.2199
vn -0.4955 0.2633 0.8278
vn -0.7319 0.1617 -0.6619
vn -0.8362 0.4914 -0.2435
vn 0.1273 0.7453 -0.6544
vn -0.0009 0.9455 -0.3257
vn -0.0127 0.8089 0.5878
vn 0.8147 -0.1781 0.5518
vn -0.0876 -0.9716 0.2197
vn 0.0329 -0.2010 -0.9790
vn 0.8230 -0.3031 -0.4805
vn -0.9782 0.1958 -0.0697
vn -0.3914 0.5497 -0.7380
vn 0.7437 0.6384 0.1984
vn -0.0863 0.6346 -0.7680
vn -0.7862 -0.5891 -0.1868
vn -0.0981 0.6832 -0.7236
vn 0.1649 -0.5845 -0.7944
vn 0.0682 0.5898 0.8047
vn 0.7699 -0.0576 -0.6356
vn 0.8909 0.2348 -0.3888
vn -0.6078 0.6858 0.4002
vn -0.6986 0.5875 0.4083
vn 0.5253 0.8437 0.1101
vn -0.4063 -0.4533 0.7934
vn -0.0674 0.9126 0.4032
vn -0.7266 -0.5987 -0.3370
vn 0.2744 -0.9272 -0.2551
vn 0.1952 -0.8562 0.4784
vn -0.7227 -0.1857 0.6658
vn 0.9869 -0.1283 -0.0980
vn -0.4611 -0.2012 0.8642
vn -0.9941 0.1039 -0.0319
vn 0.1117 0.7599 0.6403
vn -0.5308 0.6931 -0.4878
vn -0.7479 0.5541 -0.3657
vn 0.7583 -0.6010 0.2526
vn -0.0580 0.7620 -0.6449
vn 0.0694 -0.8032 0.5917
vn 0.0354 -0.9983 0.0463
vn -0.3667 -0.8951 -0.2539
vn -0.5349 -0.6184 0.5757
vn -0.0620 0.9666 0.2487
vn -0.8592 0.3180 -0.4008
vn 0.8808 0.4493 0.1492
vn -0.7476 0.1908 -0.6362
vn -0.6765 0.6977 -0.2356
vn -0.9982 0.0468 0.0364
vn -0.6945 0.3455 0.6311
vn 0.4874 -0.4266 0.7619
vn -0.2226 0.5035 -0.8348
vn 0.9127 -0.4078 0.0263
vn -0.1586 0.9096 0.3841
vn -0.8665 0.0368 0.4979
vn 0.6762 0.0313 -0.7361
vn -0.1212 0.3468 0.9301
vn -0.1063 0.5491 -0.8290
vn 0.8257 0.3064 -0.4737
vn 0.0141 -0.9720 -0.2344
vn -0.1348 -0.9609 0.2417
vn 0.3463 0.6761 0.6504
vn 0.5011 0.7241 0.4740
vn 0.2291 0.9635 -0.1383
vn -0.4457 0.6037 -0.6609
vn 0.3098 -0.6514 0.6927
vn 0.7811 -0.2673 -0.5644
vn -0.1942 0.4755 -0.8580
vn 0.7798 0.1452 -0.6089
vn 0.1926 -0.7245 -0.6619
vn 0.8502 -0.4017 -0.3404
vn -0.7733 0.4957 0.3954
vn 0.9643 -0.2422 0.1070
vn 0.6040 -0.3924 -0.6937
vn -0.7515 0.4906 0.4411
vn 0.7965 -0.5752 -0.1865
vn 0.7009 -0.4901 -0.5182
vn 0.3248 -0.4996 -0.8031
vn 0.6506 -0.2842 0.7042
vn -0.2522 0.1047 0.9620
vn 0.3482 -0.1990 0.9160
vn 0.2121 0.1113 -0.9709
vn 0.4070 -0.2369 0.8822
vn -0.2495 0.1097 0.9622
vn 0.5183 -0.2999 -0.8009
vn 0.0321 0.8339 0.5510
vn 0.8900 -0.3681 0.2692
vn -0.8331 0.5324 0.1498
vn 0.0394 0.0190 0.9990
vn 0.3512 -0.2202 0.9101
vn -0.7153 0.4478 0.5365
vn -0.1407 0.1093 0.9840
vn 0.4243 -0.2713 0.8640
vn 0.6970 -0.4349 0.5701
vn 0.4040 -0.1764 0.8976
vn -0.8242 0.5652 0.0340
vn 0.8367 -0.5407 0.0876
vn 0.8067 -0.5821 -0.1022
vn 0.7458 -0.4812 -0.4606
vn -0.7811 0.5781 0.2359
vn -0.7712 0.5331 0.3481
vn -0.7037 0.6159 -0.3542
vn 0.7604 -0.4882 -0.4283
vn 0.7761 -0.5683 -0.2733
vn -0.2113 -0.3334 -0.9188
vn -0.7945 0.6072 -0.0103
vn 0.9801 -0.0949 -0.1744
vn 0.6324 0.1759 -0.7544
vn -0.2558 0.1057 0.9609
vn 0.3182 0.8287 0.4605
vn 0.5795 0.7772 -0.2454
vn 0.3203 -0.3445 -0.8824
vn 0.4709 -0.7974 0.3773
vn -0.4675 0.3595 0.8076
vn -0.2163 -0.0563 -0.9747
vn -0.3672 -0.8108 0.4558
vn 0.4136 -0.2369 -0.8791
vn -0.7428 0.2681 0.6135
vn 0.2302 -0.6532 0.7213
vn 0.3454 -0.1061 0.9324
vn -0.8100 0.2650 0.5231
vn 0.8249 -0.5543 -0.1109
vn -0.7171 -0.1849 0.6720
vn 0.0326 -0.5667 0.8233
vn -0.7215 0.2748 0.6356
vn 0.4016 -0.6497 0.6454
vn -0.1545 0.2395 -0.9585
vn 0.6251 -0.3105 -0.7162
vn -0.4000 0.1024 0.9108
vn 0.1831 -0.8521 0.4902
vn -0.6573 0.3720 0.6554
vn 0.1002 -0.0802 -0.9917
vn -0.5407 0.7776 0.3210
vn 0.2031 0.9330 -0.2970
vn 0.8794 -0.1672 0.4457
vn 0.9918 -0.1274 0.0136
vn 0.0650 -0.8333 0.5490
vn 0.8256 0.1065 -0.5541
vn 0.5062 0.5762 -0.6417
vn 0.1512 -0.6313 -0.7607
vn -0.9395 -0.0103 -0.3424
vn -0.9421 -0.0137 -0.3351
vn 0.2436 0.6757 0.6958
vn 0.3220 0.7073 0.6293
vn 0.5150 0.4817 0.7091
vn 0.0056 0.8073 0.5901
vn -0.1160 0.8380 0.5332
vn -0.0088 -0.3113 0.9503
vn 0.6594 -0.7502 0.0479
vn -0.0394 -0.9703 -0.2385
vn -0.6206 -0.7539 -0.2158
vn 0.9318 -0.3385 0.1311
vn 0.0457 -0.5155 0.8557
vn -0.6072 0.2232 0.7626
vn -0.7149 0.6505 -0.2565
vn -0.0194 0.8005 -0.5991
vn -0.5296 0.8420 0.1033
vn -0.8314 0.0931 -0.5479
vn 0.8317 -0.2447 -0.4984
vn 0.4764 0.1476 0.8668
vn 0.7152 -0.1324 0.6862
vn 0.7221 -0.1087 0.6832
vn 0.7220 -0.1308 0.6794
vn 0.9372 -0.2381 0.2550
vn -0.7329 0.4559 -0.5050
vn 0.0117 0.0175 0.9998
vn -0.4102 0.8289 -0.3804
vn -0.0985 0.1284 0.9868
vn -0.1145 0.9653 -0.2347
vn -0.7277 0.6819 -0.0744
vn 0.6228 0.7814 0.0396
vn -0.2547 0.4901 0.8336
vn -0.6007 0.7943 -0.0911
vn -0.8693 0.4938 0.0205
vn -0.6308 0.6274 0.4566
vn -0.9431 0.3322 0.0146
vn -0.7168 0.6535 0.2431
vn -0.9999 0.0084 0.0072
vn 0.4175 -0.8965 0.1482
vn 0.9174 0.2019 0.3428
vn 0.7674 0.4332 -0.4726
vn 0.7154 0.0079 -0.6987
vn -0.1470 -0.9517 -0.2696
vn 0.1950 0.2849 0.9385
vn -0.0016 -0.3475 0.9377
vn -0.6292 0.4551 0.6301
vn 0.8302 -0.4019 0.3862
vn 0.6744 -0.7236 -0.1470
vn 0.6901 -0.6773 -0.2551
vn 0.5639 -0.3097 0.7656
vn -0.6857 -0.0277 -0.7274
vn -0.7137 0.4623 0.5262
vn 0.7779 -0.5637 -0.2776
vn 0.7910 -0.5650 -0.2345
vn 0.6851 -0.4314 0.5870
vn 0.5319 0.7337 0.4228
vn -0.2190 0.0957 0.9710
vn 0.5001 -0.4281 -0.7528
vn 0.2674 -0.2944 -0.9175
vn 0.4259 -0.3625 -0.8290
vn 0.3962 -0.4828 -0.7810
vn 0.9509 -0.0223 -0.3087
vn 0.7192 -0.6875 0.1002
vn 0.6104 -0.3356 -0.7175
vn -0.4994 0.5922 0.6323
vn 0.4063 -0.4442 0.7985
vn -0.8048 0.2747 0.5262
vn 0.2145 -0.6249 -0.7507
vn 0.8764 -0.3637 0.3158
vn 0.9652 -0.2595 -0.0314
vn -0.8137 0.5793 -0.0489
vn -0.9071 0.4008 -0.1289
vn 0.7046 -0.3639 0.6092
vn 0.6920 0.6759 0.2536
vn 0.7925 -0.0747 0.6053
vn -0.6285 0.4209 0.6540
vn -0.5313 -0.1154 0.8393
vn -0.8299 0.5573 0.0271
vn -0.3368 0.4214 -0.8420
vn -0.3379 0.6217 -0.7067
vn -0.9422 0.3345 0.0201
vn 0.6819 -0.2979 -0.6680
vn -0.8909 0.4099 -0.1956
vn -0.8736 0.2455 -0.4202
vn -0.0460 0.0954 0.9944
vn 0.5293 -0.8349 -0.1510
vn -0.3891 -0.4244 0.8176
vn -0.3881 -0.4712 0.7921
vn 0.0315 -0.9895 0.1410
vn -0.9438 0.2935 0.1518
vn -0.5485 -0.3951 0.7369
vn -0.6135 -0.2745 0.7404
vn 0.0749 -0.5341 0.8421
vn 0.5730 -0.4701 0.6713
vn -0.8344 -0.2075 0.5106
vn 0.2892 0.6732 0.6805
vn 0.7122 -0.1256 0.6907
vn 0.9119 -0.0795 0.4027
vn 0.5893 0.0398 0.8070
vn 0.0803 0.7217 0.6876
vn 0.8815 -0.1702 -0.4405
vn -0.0516 0.7106 0.7017
vn 0.4540 -0.8878 0.0758
vn 0.4290 -0.2296 0.8736
vn -0.7817 0.4887 0.3874
vn -0.4742 -0.2193 0.8527
vn 0.3540 -0.7129 -0.6053
vn -0.3661 0.8887 -0.2760
vn 0.4311 -0.8254 0.3646
vn 0.6024 -0.7927 0.0930
vn -0.6476 -0.4774 -0.5939
vn -0.9071 -0.3424 -0.2446
vn 0.5184 0.3517 0.7795
vn -0.9410 0.3301 0.0749
vn 0.8208 -0.4190 -0.3883
vn 0.7979 -0.5677 0.2029
vn 0.8588 0.0358 0.5110
vn -0.3146 0.4303 0.8461
vn 0.6666 -0.4903 -0.5615
vn -0.2940 -0.6828 0.6689
vn -0.3144 -0.6247 0.7148
vn 0.9748 -0.2226 -0.0146
vn -0.4967 0.5415 0.6783
vn -0.9331 -0.0056 0.3595
vn 0.7927 -0.5552 -0.2517
vn 0.6975 -0.7104 -0.0941
vn 0.7806 -0.6021 -0.1674
vn 0.5813 -0.5648 -0.5857
vn 0.9111 -0.3907 0.1311
vn 0.7700 -0.5919 -0.2381
vn -0.8534 0.3810 -0.3556
vn 0.8779 -0.4450 -0.1769
vn 0.8995 -0.4328 -0.0606
vn 0.8239 -0.4341 -0.3644
vn 0.7602 0.5744 -0.3034
vn 0.9689 -0.1952 -0.1519
vn 0.5438 0.6388 0.5442
vn -0.3333 -0.1414 -0.9322
vn 0.7484 -0.2810 -0.6007
vn 0.6333 -0.7739 -0.0048
vn 0.6884 0.2373 -0.6854
vn 0.3762 0.3867 0.8420
vn 0.5680 -0.5803 -0.5837
vn -0.7803 0.4646 0.4186
vn -0.2447 0.3820 0.8912
vn 0.8932 -0.3631 -0.2653
vn -0.4013 -0.0881 0.9117
vn -0.1443 0.0194 -0.9893
vn -0.5221 -0.8331 0.1824
vn 0.0286 0.9161 -0.3998
vn 0.6684 0.2678 0.6939
vn 0.3892 0.5328 0.7514
vn -0.5739 -0.7397 0.3513
vn 0.8686 -0.3716 -0.3276
vn -0.0982 0.8108 0.5770
vn -0.3258 0.6053 0.7263
vn -0.2387 0.3768 0.8950
vn -0.3396 0.3777 0.8614
vn 0.9715 -0.0693 0.2267
vn 0.5381 0.3119 0.7830
vn -0.3303 0.5381 0.7755
vn -0.3037 0.5122 -0.8034
vn -0.0535 0.3770 -0.9247
vn -0.4091 0.0969 0.9073
vn 0.5775 0.6067 0.5463
vn 0.7403 -0.3313 -0.5850
vn -0.3817 0.0351 0.9236
vn 0.0056 0.5320 0.8467
vn 0.8787 -0.2631 -0.3984
vn -0.9937 -0.0022 0.1119
vn 0.2215 -0.7108 0.6676
vn -0.1768 -0.9800 -0.0916
vn -0.3403 0.9120 0.2288
vn -0.1211 0.3606 0.9248
vn 0.7637 -0.4962 -0.4129
vn 0.4396 0.6317 -0.6385
vn -0.2655 0.7922 0.5495
vn -0.6185 0.6199 0.4829
vn -0.2921 0.1424 0.9457
vn -0.6925 0.5392 0.4793
vn 0.5846 -0.6195 0.5239
vn -0.1812 0.5699 -0.8015
vn -0.2926 -0.8357 -0.4647
vn 0.0083 0.5346 0.8451
vn 0.0204 -0.9961 -0.0855
vn -0.9153 -0.2884 -0.2810
vn 0.0091 0.8885 -0.4589
vn 0.3450 0.5148 0.7848
vn 0.3204 0.1876 0.9285
vn 0.7876 -0.5176 0.3343
vn -0.6349 0.6614 -0.3992
vn -0.8803 0.3386 -0.3322
vn 0.1453 -0.1617 -0.9761
vn 0.8148 0.2796 -0.5078
vn -0.2952 -0.8374 -0.4600
vn 0.2168 -0.2774 0.9360
vn -0.2261 -0.4996 0.8362
vn -0.9671 0.2474 -0.0596
vn -0.4247 0.8261 0.3704
vn 0.7809 -0.5607 0.2753
vn -0.5902 0.7108 -0.3826
vn 0.3259 0.4942 0.8059
vn -0.0189 -0.9914 0.1297
vn -0.1378 -0.8720 -0.4698
vn 0.2101 -0.6868 0.6958
vn -0.9707 0.1956 -0.1395
vn 0.8805 -0.4277 -0.2045
vn -0.6409 -0.7538 0.1449
vn -0.4186 0.0525 0.9066
vn 0.5942 0.7456 0.3017
vn 0.9000 -0.3177 -0.2985
vn 0.2746 0.3404 0.8993
vn -0.3806 0.8719 0.3080
vn 0.0217 0.6269 0.7788
vn 0.8461 -0.4895 0.2109
vn -0.0874 0.0755 0.9933
vn -0.8207 0.4117 0.3962
vn -0.4321 0.2822 0.8565
vn 0.5691 -0.7920 0.2210
vn -0.4954 -0.7951 0.3498
vn -0.2518 -0.9657 0.0641
vn -0.8136 0.5220 -0.2561
vn 0.0861 0.1277 0.9881
vn 0.0130 0.0247 -0.9996
vn 0.9321 -0.0923 -0.3504
vn 0.0820 0.1670 0.9825
vn -0.7234 0.5581 0.4064
vn -0.3308 0.4212 0.8445
vn 0.8032 0.5499 0.2291
vn -0.4217 0.8510 0.3131
vn -0.9561 -0.2689 -0.1164
vn 0.7290 -0.2337 0.6434
vn 0.7385 -0.1213 -0.6632
vn -0.7007 0.1175 0.7038
vn -0.1407 0.0041 0.9900
vn 0.6388 -0.4065 0.6532
vn -0.3933 0.7409 0.5445
vn -0.7926 0.0855 0.6037
vn -0.2976 -0.9391 0.1717
vn -0.1851 0.8239 0.5356
vn 0.3588 -0.8893 -0.2837
vn -0.1699 -0.4766 0.8626
vn 0.6906 0.6421 0.3329
vn -0.1232 0.0196 0.9922
vn -0.4557 0.0500 0.8888
vn 0.4471 0.7976 0.4049
vn -0.8477 0.1099 0.5190
vn 0.9106 -0.3522 -0.2162
vn 0.8991 -0.2778 -0.3383
vn 0.8918 -0.1710 -0.4189
vn 0.5681 -0.8038 -0.1766
vn -0.6447 0.4227 -0.6370
vn -0.1127 0.0193 0.9934
vn 0.2495 0.9209 0.2994
vn -0.4223 0.2545 0.8700
vn -0.8183 0.5690 -0.0818
vn 0.8472 -0.5312 0.0101
vn -0.0174 0.3978 0.9173
vn 0.9005 -0.2697 -0.3410
vn -0.3398 0.5193 0.7841
vn -0.5504 -0.6105 0.5695
vn 0.5796 0.1866 0.7932
vn -0.2169 -0.3185 0.9228
vn 0.3585 -0.4260 0.8307
vn -0.3756 0.2997 0.8770
vn 0.1411 0.9878 0.0660
vn 0.1889 0.2085 0.9596
vn 0.3510 0.0172 0.9362
vn 0.3046 0.4500 0.8395
vn -0.3399 -0.8912 0.3005
vn -0.6024 -0.7203 0.3440
vn -0.0028 -0.9857 -0.1683
vn 0.4402 -0.1137 0.8907
vn 0.4672 0.4524 0.7597
vn 0.7414 -0.5669 0.3592
vn -0.5174 0.6413 0.5666
vn -0.3398 0.8105 0.4771
vn -0.9644 0.2167 -0.1514
vn -0.4429 0.8416 0.3091
vn -0.4783 -0.5668 0.6708
vn 0.5874 -0.3990 0.7042
vn -0.9695 -0.0322 0.2430
vn -0.5805 -0.7375 0.3450
vn -0.1957 -0.9784 0.0668
vn -0.2805 0.4348 0.8557
vn -0.7896 -0.3033 0.5334
vn -0.4734 -0.6169 0.6288
vn -0.5894 -0.7049 -0.3946
vn -0.4727 -0.6184 0.6279
vn 0.1286 -0.1344 0.9825
vn -0.1734 -0.3670 0.9139
vn 0.4368 0.7445 0.5049
vn -0.4732 -0.6190 0.6268
vn 0.9144 -0.2741 -0.2979
vn 0.2191 0.5029 0.8361
vn -0.1614 0.9509 0.2640
vn 0.2269 0.5325 0.8155
vn 0.6028 -0.5426 0.5850
vn -0.3336 0.2973 0.8946
vn 0.5213 0.8419 0.1395
vn 0.0940 0.2163 0.9718
vn -0.3097 0.2270 0.9234
vn 0.4983 -0.5941 0.6314
vn 0.5122 -0.5943 0.6201
vn 0.6529 -0.5189 0.5517
vn -0.3956 0.9103 0.1221
vn 0.5734 0.6846 0.4500
vn -0.0171 0.0073 0.9998
vn 0.4895 -0.7350 0.4692
vn 0.6184 -0.5159 0.5928
vn 0.6353 -0.5070 0.5825
vn 0.5160 0.6357 0.5742
vn 0.4699 0.7315 0.4940
vn -0.0604 -0.9978 0.0287
vn -0.0588 -0.0017 0.9983
vn -0.0417 0.0103 0.9991
vn 0.5663 -0.4536 0.6882
vn 0.4440 -0.3567 0.8220
vn -0.9032 0.3792 0.2010
vn -0.7641 0.6113 -0.2060
vn 0.6021 0.4293 0.6732
vn 0.1522 0.7095 0.6880
vn 0.5194 0.6398 0.5664
vn 0.3159 0.6220 0.7165
vn 0.4602 0.7234 0.5146
vn -0.1387 -0.0239 0.9900
vn -0.7149 0.6817 0.1557
vn 0.6098 0.6590 0.4403
vn -0.8146 0.0970 0.5718
vn 0.2037 -0.5180 0.8308
vn 0.7612 -0.5661 -0.3163
vn -0.5068 0.2653 0.8202
vn -0.6227 0.2834 0.7294
vn -0.1202 -0.2231 0.9673
vn 0.4565 0.5378 0.7088
vn -0.8352 0.1816 0.5191
vn 0.9103 0.0682 0.4083
vn -0.7748 0.3476 0.5281
vn -0.9561 -0.2675 -0.1196
vn -0.1005 -0.2241 0.9694
vn -0.2609 -0.2863 0.9219
vn -0.2729 0.9386 0.2113
vn 0.7605 0.0773 0.6447
vn -0.7898 0.1300 0.5995
vn 0.5406 -0.0569 -0.8393
vn 0.9665 -0.0726 0.2464
vn 0.0762 -0.5795 0.8114
vn 0.2948 -0.0017 0.9556
vn 0.5377 -0.4675 0.7017
vn -0.8326 0.2642 0.4868
vn -0.0528 -0.9985 0.0145
vn 0.6953 -0.7069 -0.1296
vn 0.5565 -0.1016 -0.8246
vn 0.7037 -0.3433 0.6221
vn 0.2038 -0.6883 -0.6962
vn 0.8019 0.4923 0.3386
vn 0.4187 0.0603 0.9061
vn 0.1348 -0.3074 0.9420
vn 0.5936 0.1814 0.7840
vn 0.3414 -0.9108 -0.2319
vn -0.7670 0.2128 0.6054
vn -0.0513 -0.8837 0.4652
vn -0.0314 -0.0292 0.9991
vn 0.9998 -0.0190 0.0075
vn 0.8028 0.4878 0.3430
vn 0.5143 0.3163 0.7971
vn -0.3478 -0.2736 0.8967
vn -0.7352 0.5067 0.4503
vn 0.9444 -0.2558 0.2065
vn -0.9091 -0.1603 0.3845
vn 0.1011 0.1139 0.9883
vn -0.1393 0.9856 0.0961
vn 0.9133 -0.3245 0.2461
vn 0.1250 0.1358 0.9828
vn -0.4899 0.8715 -0.0198
vn -0.1705 0.5053 0.8459
vn 0.5462 -0.5221 0.6550
vn 0.5757 0.2077 0.7909
vn -0.9180 0.1541 -0.3654
vn -0.5047 -0.4270 0.7503
vn 0.4772 0.2540 0.8413
vn 0.1434 -0.6874 0.7120
vn -0.2431 -0.1959 0.9500
vn -0.2227 0.9151 -0.3361
vn 0.4896 0.1276 0.8626
vn 0.5021 0.1583 0.8502
vn -0.1150 -0.2157 0.9697
vn -0.0749 -0.0932 0.9928
vn 0.3255 -0.6647 0.6725
vn -0.8626 -0.0125 0.5057
vn 0.0897 0.8181 0.5680
vn 0.7742 0.1059 0.6240
s 0
f 3//1 2//1 1//1
f 1//2 2//2 7//2
f 4//3 2//3 3//3
f 5//4 2//4 4//4
f 2//5 5//5 6//5
f 4//6 3//6 18//6
f 4//7 18//7 6//7
f 6//8 9//8 4//8
f 2//9 6//9 7//9
f 13//10 10//10 8//10
f 14//11 3//11 1//11
f 7//12 6//12 13//12
f 11//13 8//13 10//13
f 7//14 13//14 8//14
f 18//15 13//15 6//15
f 8//16 11//16 32//16
f 32//17 23//17 8//17
f 30//18 17//18 16//18
f 10//19 26//19 11//19
f 22//20 1//20 7//20
f 8//21 12//21 7//21
f 21//22 10//22 13//22
f 8//23 23//23 12//23
f 20//24 15//24 10//24
f 25//25 15//25 20//25
f 11//26 26//26 20//26
f 21//27 28//27 20//27
f 21//28 20//28 10//28
f 11//29 27//29 21//29
f 3//30 14//30 18//30
f 1//31 19//31 14//31
f 11//32 20//32 27//32
f 20//33 28//33 27//33
f 31//34 32//34 11//34
f 17//35 30//35 53//35
f 41//36 36//36 24//36
f 7//37 12//37 22//37
f 13//38 31//38 21//38
f 11//39 21//39 31//39
f 39//40 30//40 16//40
f 73//41 17//41 53//41
f 45//42 17//42 73//42
f 36//43 62//43 24//43
f 50//44 37//44 49//44
f 37//45 50//45 38//45
f 48//46 43//46 34//46
f 53//47 30//47 44//47
f 57//48 40//48 73//48
f 40//49 41//49 73//49
f 40//50 36//50 41//50
f 37//51 47//51 46//51
f 1//52 22//52 19//52
f 31//53 33//53 32//53
f 32//54 33//54 42//54
f 35//55 43//55 52//55
f 47//56 37//56 38//56
f 32//57 42//57 23//57
f 39//58 66//58 30//58
f 31//59 76//59 33//59
f 48//60 106//60 43//60
f 16//61 51//61 39//61
f 58//62 39//62 51//62
f 58//63 51//63 54//63
f 51//64 55//64 54//64
f 51//65 16//65 55//65
f 17//66 58//66 16//66
f 50//67 49//67 63//67
f 69//68 56//68 64//68
f 52//69 44//69 30//69
f 52//70 30//70 66//70
f 54//71 59//71 58//71
f 60//64 59//64 54//64
f 60//64 54//64 55//64
f 59//72 60//72 61//72
f 61//73 55//73 16//73
f 55//64 61//64 60//64
f 58//74 61//74 16//74
f 70//75 38//75 50//75
f 13//76 65//76 31//76
f 52//77 66//77 35//77
f 58//78 59//78 61//78
f 45//79 73//79 41//79
f 36//80 40//80 67//80
f 65//81 13//81 18//81
f 68//82 19//82 22//82
f 75//83 72//83 47//83
f 38//84 75//84 47//84
f 44//85 57//85 53//85
f 40//86 81//86 67//86
f 62//87 41//87 24//87
f 72//88 94//88 47//88
f 22//89 12//89 68//89
f 74//90 75//90 38//90
f 42//91 12//91 23//91
f 34//92 35//92 66//92
f 73//93 53//93 57//93
f 67//94 62//94 36//94
f 14//95 71//95 18//95
f 70//96 74//96 38//96
f 52//97 43//97 106//97
f 40//98 123//98 81//98
f 37//99 46//99 88//99
f 64//100 102//100 69//100
f 46//101 47//101 94//101
f 77//102 56//102 69//102
f 14//103 19//103 71//103
f 79//104 76//104 31//104
f 48//105 80//105 106//105
f 100//106 37//106 88//106
f 70//107 50//107 147//107
f 34//108 66//108 48//108
f 92//109 84//109 83//109
f 69//110 85//110 77//110
f 65//111 18//111 71//111
f 86//112 64//112 56//112
f 89//113 42//113 33//113
f 106//114 98//114 52//114
f 44//115 52//115 98//115
f 99//116 91//116 44//116
f 57//117 44//117 91//117
f 134//118 58//118 17//118
f 40//119 57//119 123//119
f 134//120 17//120 45//120
f 67//121 81//121 82//121
f 103//122 71//122 19//122
f 103//123 19//123 68//123
f 68//124 12//124 42//124
f 90//125 106//125 80//125
f 66//126 39//126 58//126
f 84//127 92//127 124//127
f 107//128 63//128 49//128
f 50//129 63//129 147//129
f 96//130 70//130 147//130
f 31//131 65//131 78//131
f 99//132 44//132 98//132
f 82//133 81//133 123//133
f 67//134 82//134 166//134
f 31//135 128//135 79//135
f 93//136 72//136 110//136
f 94//137 72//137 93//137
f 107//138 49//138 101//138
f 95//139 76//139 104//139
f 96//140 147//140 105//140
f 42//141 89//141 108//141
f 89//142 33//142 97//142
f 96//143 105//143 135//143
f 105//144 109//144 135//144
f 116//145 96//145 135//145
f 161//146 48//146 66//146
f 57//147 91//147 123//147
f 82//148 123//148 163//148
f 45//149 41//149 62//149
f 166//150 82//150 163//150
f 83//151 166//151 92//151
f 107//152 102//152 64//152
f 107//153 64//153 86//153
f 107//154 86//154 63//154
f 128//155 31//155 78//155
f 95//156 79//156 128//156
f 127//157 75//157 74//157
f 97//158 33//158 76//158
f 117//159 112//159 144//159
f 112//160 117//160 113//160
f 87//161 114//161 106//161
f 98//162 106//162 114//162
f 219//163 77//163 85//163
f 77//164 115//164 56//164
f 129//165 89//165 111//165
f 158//166 117//166 144//166
f 118//167 144//167 112//167
f 87//168 106//168 176//168
f 122//169 121//169 80//169
f 80//170 48//170 120//170
f 45//171 62//171 134//171
f 77//172 219//172 115//172
f 125//173 46//173 94//173
f 126//174 103//174 68//174
f 108//175 89//175 129//175
f 117//176 136//176 132//176
f 132//177 133//177 117//177
f 136//178 117//178 158//178
f 48//179 161//179 120//179
f 166//180 83//180 179//180
f 88//181 46//181 125//181
f 75//182 127//182 72//182
f 76//183 95//183 97//183
f 111//184 89//184 138//184
f 89//185 97//185 130//185
f 138//186 89//186 130//186
f 138//187 130//187 131//187
f 150//188 140//188 141//188
f 141//189 144//189 143//189
f 117//190 133//190 113//190
f 143//191 144//191 118//191
f 137//192 118//192 112//192
f 66//193 58//193 134//193
f 49//194 37//194 100//194
f 94//195 93//195 125//195
f 95//196 128//196 97//196
f 68//197 42//197 108//197
f 149//198 125//198 93//198
f 131//199 155//199 140//199
f 139//200 131//200 140//200
f 174//201 164//201 132//201
f 132//202 183//202 142//202
f 150//203 141//203 143//203
f 112//204 113//204 145//204
f 84//205 124//205 146//205
f 199//206 83//206 84//206
f 101//207 49//207 100//207
f 116//208 241//208 96//208
f 110//209 72//209 127//209
f 149//210 93//210 169//210
f 148//211 169//211 93//211
f 136//212 174//212 132//212
f 140//213 155//213 141//213
f 141//214 151//214 144//214
f 143//215 118//215 160//215
f 119//216 87//216 176//216
f 114//217 87//217 119//217
f 161//218 90//218 80//218
f 134//219 171//219 66//219
f 85//220 69//220 219//220
f 152//221 115//221 219//221
f 56//222 115//222 153//222
f 172//223 105//223 147//223
f 126//224 68//224 108//224
f 70//225 96//225 154//225
f 129//226 111//226 168//226
f 93//227 110//227 148//227
f 138//228 131//228 139//228
f 173//229 132//229 164//229
f 173//230 197//230 132//230
f 131//231 130//231 155//231
f 139//232 140//232 156//232
f 113//233 133//233 159//233
f 106//234 90//234 162//234
f 98//235 256//235 99//235
f 177//236 163//236 123//236
f 146//237 124//237 178//237
f 153//238 86//238 56//238
f 147//239 63//239 86//239
f 154//240 96//240 241//240
f 174//241 180//241 164//241
f 156//242 140//242 150//242
f 136//243 158//243 182//243
f 143//244 157//244 150//244
f 151//245 158//245 144//245
f 118//246 137//246 160//246
f 176//247 106//247 162//247
f 137//248 112//248 145//248
f 67//249 167//249 62//249
f 204//250 178//250 124//250
f 172//251 147//251 86//251
f 74//252 70//252 127//252
f 110//253 127//253 148//253
f 196//254 97//254 200//254
f 130//255 97//255 196//255
f 116//256 135//256 207//256
f 164//257 180//257 173//257
f 198//258 138//258 139//258
f 183//259 132//259 175//259
f 133//260 132//260 142//260
f 90//261 170//261 176//261
f 170//262 90//262 161//262
f 162//263 161//263 171//263
f 161//264 66//264 171//264
f 177//265 123//265 91//265
f 67//266 166//266 179//266
f 172//267 109//267 105//267
f 173//268 149//268 169//268
f 169//269 197//269 173//269
f 197//270 175//270 132//270
f 92//271 166//271 204//271
f 124//272 92//272 204//272
f 127//273 70//273 154//273
f 135//274 109//274 187//274
f 149//275 173//275 180//275
f 188//276 116//276 207//276
f 111//277 138//277 318//277
f 155//278 130//278 181//278
f 174//279 136//279 182//279
f 141//280 155//280 184//280
f 143//281 160//281 190//281
f 114//282 185//282 246//282
f 185//283 114//283 119//283
f 177//284 166//284 163//284
f 167//285 134//285 62//285
f 191//286 287//286 192//286
f 191//287 192//287 186//287
f 151//288 141//288 184//288
f 190//289 157//289 143//289
f 113//290 159//290 228//290
f 170//291 171//291 176//291
f 91//292 99//292 177//292
f 177//293 204//293 166//293
f 179//294 83//294 199//294
f 153//295 205//295 86//295
f 180//296 195//296 149//296
f 234//297 180//297 174//297
f 184//298 155//298 189//298
f 67//299 179//299 167//299
f 88//300 125//300 193//300
f 78//301 258//301 128//301
f 86//302 205//302 172//302
f 149//303 195//303 125//303
f 97//304 128//304 200//304
f 241//305 116//305 188//305
f 130//306 196//306 181//306
f 202//307 98//307 114//307
f 100//308 88//308 193//308
f 194//309 107//309 101//309
f 201//310 148//310 127//310
f 213//311 139//311 156//311
f 155//312 181//312 189//312
f 221//313 158//313 236//313
f 225//314 71//314 103//314
f 153//315 115//315 152//315
f 108//316 129//316 168//316
f 169//317 148//317 220//317
f 209//64 208//64 210//64
f 208//318 209//318 197//318
f 209//64 210//64 211//64
f 212//64 209//64 211//64
f 212//319 197//319 209//319
f 175//320 197//320 212//320
f 176//321 185//321 119//321
f 113//322 228//322 145//322
f 256//323 98//323 202//323
f 171//324 134//324 203//324
f 177//325 99//325 285//325
f 219//326 69//326 224//326
f 258//327 78//327 65//327
f 152//328 219//328 231//328
f 200//329 206//329 196//329
f 135//330 187//330 207//330
f 197//331 169//331 217//331
f 208//332 197//332 217//332
f 218//333 210//333 208//333
f 210//64 218//64 211//64
f 211//334 218//334 175//334
f 212//335 211//335 175//335
f 174//336 182//336 235//336
f 175//337 142//337 183//337
f 221//338 182//338 158//338
f 285//339 99//339 256//339
f 134//340 167//340 214//340
f 239//341 224//341 69//341
f 102//342 107//342 194//342
f 216//343 128//343 258//343
f 200//344 128//344 216//344
f 148//345 201//345 220//345
f 175//346 218//346 217//346
f 139//347 213//347 198//347
f 226//348 142//348 175//348
f 227//349 150//349 157//349
f 270//350 185//350 176//350
f 176//351 171//351 247//351
f 203//352 134//352 214//352
f 191//353 264//353 287//353
f 287//354 295//354 192//354
f 215//355 101//355 279//355
f 224//356 230//356 219//356
f 194//357 101//357 215//357
f 231//358 219//358 230//358
f 127//359 154//359 201//359
f 168//360 111//360 318//360
f 318//361 138//361 250//361
f 138//362 198//362 250//362
f 218//363 208//363 217//363
f 150//364 222//364 156//364
f 237//365 274//365 185//365
f 192//366 295//366 223//366
f 192//367 223//367 186//367
f 238//368 100//368 193//368
f 65//369 71//369 420//369
f 193//370 125//370 195//370
f 232//371 180//371 234//371
f 217//372 169//372 220//372
f 236//373 158//373 151//373
f 237//374 185//374 270//374
f 202//375 229//375 256//375
f 100//376 279//376 101//376
f 258//377 65//377 288//377
f 152//378 205//378 153//378
f 154//379 241//379 201//379
f 109//380 172//380 240//380
f 232//381 195//381 180//381
f 188//382 207//382 233//382
f 133//383 243//383 159//383
f 246//384 185//384 244//384
f 283//385 201//385 241//385
f 207//386 187//386 249//386
f 182//387 221//387 235//387
f 190//388 245//388 157//388
f 251//389 246//389 244//389
f 137//390 145//390 252//390
f 257//391 178//391 204//391
f 167//392 179//392 199//392
f 199//393 84//393 146//393
f 152//394 231//394 248//394
f 205//395 152//395 248//395
f 172//396 205//396 253//396
f 282//397 108//397 168//397
f 240//398 187//398 109//398
f 237//399 268//399 274//399
f 214//400 260//400 203//400
f 262//401 260//401 214//401
f 282//402 126//402 108//402
f 266//403 241//403 188//403
f 276//404 220//404 201//404
f 222//405 213//405 156//405
f 150//406 227//406 222//406
f 185//407 274//407 244//407
f 255//408 145//408 228//408
f 262//64 261//64 260//64
f 260//409 261//409 203//409
f 293//410 263//410 214//410
f 263//411 262//411 214//411
f 146//412 178//412 257//412
f 191//413 186//413 294//413
f 338//414 193//414 195//414
f 234//415 174//415 235//415
f 278//416 176//416 247//416
f 246//417 251//417 114//417
f 374//418 229//418 202//418
f 262//64 272//64 261//64
f 272//64 273//64 261//64
f 261//419 273//419 203//419
f 273//420 293//420 203//420
f 272//64 262//64 263//64
f 293//421 272//421 263//421
f 272//422 293//422 273//422
f 204//423 177//423 257//423
f 286//424 167//424 199//424
f 281//425 258//425 288//425
f 230//426 300//426 231//426
f 276//427 201//427 283//427
f 419//428 237//428 270//428
f 278//429 270//429 176//429
f 190//430 254//430 245//430
f 160//431 254//431 190//431
f 247//432 171//432 203//432
f 205//433 296//433 253//433
f 283//434 241//434 266//434
f 235//435 221//435 284//435
f 268//436 302//436 274//436
f 291//437 251//437 244//437
f 203//438 293//438 247//438
f 279//439 100//439 238//439
f 280//440 225//440 103//440
f 224//441 300//441 230//441
f 71//442 225//442 420//442
f 205//443 248//443 296//443
f 168//444 265//444 282//444
f 195//445 232//445 327//445
f 266//446 188//446 277//446
f 267//447 217//447 220//447
f 213//448 250//448 198//448
f 175//449 217//449 320//449
f 184//450 236//450 151//450
f 133//451 142//451 242//451
f 274//452 269//452 244//452
f 374//453 202//453 114//453
f 259//454 137//454 252//454
f 275//455 292//455 229//455
f 285//456 325//456 177//456
f 325//457 257//457 177//457
f 186//458 223//458 294//458
f 238//459 193//459 349//459
f 258//460 289//460 216//460
f 242//461 243//461 133//461
f 251//462 291//462 321//462
f 256//463 229//463 292//463
f 294//464 264//464 191//464
f 239//465 69//465 102//465
f 420//466 288//466 65//466
f 231//467 300//467 296//467
f 187//468 305//468 249//468
f 302//469 268//469 237//469
f 242//470 142//470 226//470
f 270//471 278//471 419//471
f 227//472 157//472 245//472
f 259//473 271//473 160//473
f 145//474 255//474 252//474
f 299//475 298//475 293//475
f 293//476 298//476 247//476
f 146//477 257//477 304//477
f 146//478 304//478 316//478
f 258//479 281//479 289//479
f 248//480 231//480 296//480
f 216//481 301//481 200//481
f 233//482 277//482 188//482
f 181//483 196//483 319//483
f 254//484 160//484 271//484
f 247//485 298//485 297//485
f 299//486 293//486 303//486
f 293//487 214//487 306//487
f 304//488 257//488 336//488
f 287//489 264//489 286//489
f 307//490 264//490 309//490
f 309//491 264//491 294//491
f 287//492 326//492 310//492
f 310//493 295//493 287//493
f 300//494 224//494 239//494
f 240//495 172//495 253//495
f 200//496 301//496 206//496
f 233//497 207//497 249//497
f 274//498 302//498 350//498
f 313//499 237//499 419//499
f 332//500 321//500 291//500
f 247//501 297//501 278//501
f 160//502 137//502 259//502
f 323//503 292//503 275//503
f 287//504 286//504 326//504
f 308//505 307//505 309//505
f 308//506 294//506 307//506
f 223//507 295//507 310//507
f 301//508 216//508 339//508
f 253//509 296//509 311//509
f 305//510 187//510 240//510
f 426//511 217//511 267//511
f 189//512 181//512 312//512
f 274//513 350//513 269//513
f 314//514 407//514 419//514
f 314//515 419//515 278//515
f 244//516 269//516 291//516
f 322//517 332//517 291//517
f 159//518 243//518 315//518
f 298//519 358//519 297//519
f 335//520 303//520 293//520
f 306//521 214//521 167//521
f 167//522 286//522 306//522
f 383//523 215//523 279//523
f 168//524 318//524 401//524
f 184//525 189//525 312//525
f 221//526 236//526 328//526
f 159//527 315//527 228//527
f 349//528 279//528 238//528
f 327//529 338//529 195//529
f 319//530 196//530 206//530
f 290//531 181//531 319//531
f 330//532 291//532 269//532
f 291//533 342//533 353//533
f 331//534 388//534 321//534
f 255//535 228//535 315//535
f 252//536 255//536 324//536
f 252//537 324//537 333//537
f 293//538 306//538 335//538
f 286//539 264//539 306//539
f 146//540 316//540 199//540
f 380//541 326//541 286//541
f 300//542 317//542 296//542
f 267//543 220//543 276//543
f 302//544 368//544 350//544
f 328//545 284//545 221//545
f 330//546 269//546 340//546
f 330//547 340//547 341//547
f 341//64 342//64 330//64
f 291//548 330//548 342//548
f 321//549 344//549 331//549
f 346//550 255//550 377//550
f 336//551 257//551 347//551
f 306//552 264//552 348//552
f 307//553 398//553 337//553
f 481//554 294//554 223//554
f 338//555 349//555 193//555
f 339//556 216//556 289//556
f 387//557 368//557 302//557
f 427//558 222//558 227//558
f 340//559 269//559 329//559
f 352//560 340//560 329//560
f 352//64 341//64 340//64
f 341//64 352//64 342//64
f 353//561 352//561 329//561
f 353//64 342//64 352//64
f 331//562 345//562 1885//562
f 254//563 271//563 359//563
f 375//564 255//564 315//564
f 377//565 255//565 375//565
f 324//566 255//566 346//566
f 292//567 285//567 256//567
f 259//568 252//568 360//568
f 378//569 252//569 334//569
f 362//570 348//570 264//570
f 362//571 264//571 398//571
f 337//572 398//572 264//572
f 363//573 382//573 326//573
f 365//574 300//574 364//574
f 277//575 233//575 368//575
f 368//576 233//576 367//576
f 428//577 237//577 313//577
f 329//578 291//578 353//578
f 373//579 356//579 389//579
f 243//580 242//580 370//580
f 374//581 114//581 251//581
f 299//582 358//582 298//582
f 259//583 360//583 404//583
f 360//584 252//584 378//584
f 334//585 252//585 333//585
f 199//586 316//586 361//586
f 362//587 396//587 395//587
f 223//588 310//588 381//588
f 382//589 310//589 326//589
f 296//590 317//590 366//590
f 311//591 240//591 253//591
f 401//592 265//592 168//592
f 233//593 249//593 367//593
f 234//594 235//594 386//594
f 351//595 235//595 284//595
f 213//596 222//596 427//596
f 411//597 403//597 372//597
f 251//598 321//598 374//598
f 243//599 370//599 357//599
f 243//600 357//600 315//600
f 391//601 275//601 229//601
f 299//602 303//602 393//602
f 257//603 325//603 379//603
f 413//604 348//604 394//604
f 394//605 348//605 395//605
f 362//606 395//606 348//606
f 380//607 286//607 199//607
f 413//608 398//608 307//608
f 399//609 382//609 363//609
f 102//610 194//610 496//610
f 305//611 240//611 452//611
f 283//612 421//612 276//612
f 350//613 368//613 367//613
f 369//614 278//614 408//614
f 408//615 314//615 369//615
f 242//616 448//616 410//616
f 403//617 332//617 388//617
f 388//618 331//618 403//618
f 331//619 332//619 389//619
f 229//620 374//620 391//620
f 404//621 271//621 259//621
f 404//622 392//622 271//622
f 292//623 376//623 285//623
f 325//624 285//624 376//624
f 398//625 395//625 396//625
f 1892//626 397//626 1889//626
f 398//627 394//627 362//627
f 413//628 307//628 294//628
f 381//629 310//629 382//629
f 365//630 400//630 405//630
f 496//631 239//631 102//631
f 425//632 250//632 213//632
f 386//633 235//633 351//633
f 428//634 302//634 237//634
f 350//635 367//635 269//635
f 439//636 284//636 328//636
f 328//637 236//637 529//637
f 409//638 227//638 245//638
f 242//639 410//639 370//639
f 254//640 359//640 390//640
f 393//641 358//641 299//641
f 315//642 412//642 375//642
f 306//643 348//643 413//643
f 395//644 398//644 413//644
f 405//645 400//645 300//645
f 473//646 265//646 401//646
f 283//647 266//647 402//647
f 234//648 436//648 415//648
f 234//649 415//649 414//649
f 320//650 217//650 426//650
f 387//651 302//651 428//651
f 406//652 284//652 430//652
f 418//653 430//653 284//653
f 284//654 440//654 418//654
f 184//655 529//655 236//655
f 431//656 419//656 407//656
f 291//657 329//657 432//657
f 443//658 332//658 322//658
f 245//659 254//659 433//659
f 358//660 278//660 297//660
f 392//661 359//661 271//661
f 357//662 449//662 315//662
f 281//663 288//663 420//663
f 472//664 103//664 126//664
f 475//665 305//665 452//665
f 283//666 402//666 421//666
f 435//667 232//667 414//667
f 424//668 435//668 414//668
f 414//669 415//669 1896//669
f 414//670 436//670 424//670
f 318//671 250//671 425//671
f 175//672 320//672 226//672
f 351//673 284//673 406//673
f 439//674 418//674 440//674
f 457//675 227//675 409//675
f 321//676 388//676 479//676
f 532//677 374//677 321//677
f 462//678 325//678 376//678
f 360//679 378//679 434//679
f 257//680 505//680 347//680
f 481//681 223//681 381//681
f 482//682 399//682 363//682
f 472//683 280//683 103//683
f 405//684 300//684 239//684
f 338//685 327//685 451//685
f 240//686 311//686 452//686
f 232//687 234//687 414//687
f 1896//688 453//688 435//688
f 424//689 453//689 415//689
f 453//690 1896//690 415//690
f 276//691 421//691 267//691
f 437//692 277//692 368//692
f 368//693 387//693 437//693
f 427//694 425//694 213//694
f 312//695 181//695 290//695
f 429//696 446//696 439//696
f 440//697 438//697 416//697
f 418//698 439//698 406//698
f 456//699 313//699 419//699
f 460//700 441//700 442//700
f 303//701 335//701 445//701
f 481//702 413//702 294//702
f 326//703 482//703 363//703
f 126//704 282//704 472//704
f 402//705 266//705 277//705
f 436//706 453//706 424//706
f 436//707 234//707 386//707
f 249//708 305//708 475//708
f 284//709 438//709 440//709
f 312//710 529//710 184//710
f 242//711 226//711 447//711
f 448//712 242//712 447//712
f 519//713 314//713 408//713
f 321//714 479//714 532//714
f 254//715 390//715 433//715
f 408//716 278//716 358//716
f 501//717 357//717 370//717
f 374//718 485//718 391//718
f 449//719 357//719 501//719
f 393//720 303//720 445//720
f 257//721 379//721 505//721
f 199//722 361//722 380//722
f 496//723 194//723 215//723
f 420//724 225//724 463//724
f 405//725 366//725 317//725
f 282//726 265//726 473//726
f 296//727 366//727 311//727
f 454//728 436//728 386//728
f 367//729 464//729 269//729
f 416//730 446//730 429//730
f 446//731 455//731 439//731
f 508//732 441//732 460//732
f 461//733 427//733 227//733
f 442//734 441//734 457//734
f 519//735 407//735 314//735
f 457//736 461//736 227//736
f 467//737 315//737 449//737
f 333//738 324//738 469//738
f 383//739 279//739 349//739
f 463//740 225//740 280//740
f 438//741 459//741 446//741
f 441//742 427//742 461//742
f 226//743 478//743 447//743
f 443//744 479//744 332//744
f 468//745 469//745 346//745
f 375//746 468//746 377//746
f 468//747 346//747 377//747
f 324//748 346//748 469//748
f 333//749 469//749 470//749
f 360//750 487//750 404//750
f 360//751 434//751 470//751
f 334//752 470//752 378//752
f 316//753 304//753 361//753
f 496//754 215//754 383//754
f 454//755 232//755 435//755
f 516//756 249//756 475//756
f 351//757 406//757 439//757
f 269//758 464//758 329//758
f 457//759 441//759 461//759
f 479//760 388//760 332//760
f 409//761 245//761 433//761
f 391//762 444//762 275//762
f 315//763 467//763 412//763
f 375//764 486//764 468//764
f 375//765 412//765 486//765
f 392//766 404//766 535//766
f 502//767 323//767 275//767
f 333//768 470//768 334//768
f 434//769 378//769 470//769
f 445//770 335//770 306//770
f 405//771 239//771 471//771
f 472//772 282//772 473//772
f 401//773 318//773 483//773
f 454//774 435//774 453//774
f 367//775 249//775 516//775
f 464//776 367//776 516//776
f 226//777 320//777 466//777
f 477//778 428//778 313//778
f 226//779 466//779 478//779
f 449//780 501//780 467//780
f 360//781 470//781 487//781
f 325//782 462//782 488//782
f 379//783 325//783 489//783
f 306//784 413//784 481//784
f 399//785 381//785 382//785
f 281//786 420//786 553//786
f 366//787 405//787 471//787
f 366//788 471//788 311//788
f 319//789 206//789 490//789
f 458//790 318//790 425//790
f 402//791 277//791 437//791
f 519//792 431//792 407//792
f 493//793 442//793 457//793
f 532//794 485//794 374//794
f 322//795 291//795 562//795
f 412//796 467//796 486//796
f 538//797 399//797 482//797
f 450//798 338//798 451//798
f 496//799 471//799 239//799
f 452//800 311//800 497//800
f 475//801 452//801 474//801
f 476//802 386//802 540//802
f 387//803 428//803 437//803
f 320//804 491//804 466//804
f 586//805 508//805 460//805
f 492//806 427//806 441//806
f 391//807 485//807 565//807
f 523//808 323//808 502//808
f 502//809 275//809 480//809
f 514//810 336//810 347//810
f 538//811 481//811 381//811
f 381//812 399//812 538//812
f 495//813 339//813 289//813
f 646//814 320//814 426//814
f 492//815 441//815 508//815
f 431//816 528//816 456//816
f 464//817 541//817 329//817
f 408//818 544//818 519//818
f 359//819 533//819 390//819
f 323//820 494//820 292//820
f 480//821 504//821 502//821
f 489//822 325//822 488//822
f 383//823 349//823 506//823
f 289//824 281//824 495//824
f 327//825 232//825 554//825
f 498//826 318//826 458//826
f 499//827 386//827 476//827
f 312//828 290//828 596//828
f 431//829 519//829 528//829
f 410//830 530//830 370//830
f 591//831 479//831 443//831
f 443//832 322//832 509//832
f 392//833 535//833 533//833
f 359//834 392//834 533//834
f 404//835 487//835 535//835
f 523//836 502//836 511//836
f 511//837 502//837 524//837
f 526//838 480//838 275//838
f 504//839 524//839 512//839
f 505//840 379//840 489//840
f 304//841 336//841 514//841
f 326//842 380//842 641//842
f 454//843 386//843 499//843
f 517//844 428//844 477//844
f 313//845 456//845 477//845
f 456//846 518//846 477//846
f 312//847 555//847 529//847
f 542//848 460//848 500//848
f 447//849 556//849 558//849
f 460//850 442//850 500//850
f 410//851 448//851 530//851
f 501//852 370//852 530//852
f 618//853 433//853 390//853
f 494//854 376//854 292//854
f 510//855 275//855 444//855
f 468//856 521//856 469//856
f 524//857 502//857 512//857
f 525//858 504//858 573//858
f 524//859 504//859 525//859
f 512//860 480//860 526//860
f 526//861 275//861 503//861
f 480//862 573//862 504//862
f 393//863 445//863 546//863
f 280//864 472//864 612//864
f 267//865 527//865 426//865
f 646//866 426//866 527//866
f 540//867 386//867 351//867
f 517//868 507//868 428//868
f 491//869 320//869 646//869
f 530//870 447//870 560//870
f 442//871 493//871 563//871
f 484//872 442//872 563//872
f 622//873 562//873 291//873
f 509//874 322//874 562//874
f 444//875 545//875 510//875
f 523//876 511//876 536//876
f 573//877 480//877 513//877
f 513//878 503//878 573//878
f 515//879 281//879 553//879
f 497//880 311//880 471//880
f 483//881 318//881 498//881
f 478//882 543//882 447//882
f 447//883 558//883 560//883
f 457//884 409//884 618//884
f 531//885 442//885 484//885
f 618//886 409//886 433//886
f 533//887 618//887 390//887
f 408//888 358//888 534//888
f 525//889 536//889 511//889
f 536//890 525//890 573//890
f 567//891 511//891 524//891
f 526//892 567//892 524//892
f 551//893 573//893 503//893
f 482//894 326//894 641//894
f 450//895 349//895 338//895
f 553//896 420//896 463//896
f 554//897 232//897 454//897
f 516//898 475//898 474//898
f 290//899 319//899 585//899
f 460//900 542//900 587//900
f 542//901 500//901 651//901
f 556//902 447//902 543//902
f 558//64 556//64 557//64
f 557//64 559//64 558//64
f 530//903 448//903 447//903
f 560//64 558//64 559//64
f 500//904 442//904 589//904
f 329//905 576//905 432//905
f 509//906 562//906 564//906
f 567//907 523//907 536//907
f 510//908 503//908 275//908
f 549//909 567//909 536//909
f 567//910 549//910 511//910
f 526//911 571//911 567//911
f 572//912 571//912 526//912
f 525//913 570//913 513//913
f 503//914 572//914 551//914
f 513//915 526//915 503//915
f 481//916 552//916 306//916
f 580//917 361//917 304//917
f 281//918 515//918 495//918
f 490//919 206//919 301//919
f 458//920 425//920 645//920
f 490//921 584//921 319//921
f 428//922 539//922 437//922
f 428//923 507//923 539//923
f 574//924 518//924 528//924
f 543//925 557//925 556//925
f 557//926 543//926 575//926
f 559//64 557//64 575//64
f 559//927 575//927 560//927
f 530//928 560//928 575//928
f 530//929 575//929 543//929
f 442//930 520//930 589//930
f 484//931 563//931 577//931
f 468//932 486//932 521//932
f 578//933 567//933 571//933
f 579//934 571//934 572//934
f 573//935 551//935 1909//935
f 1909//936 551//936 578//936
f 578//937 551//937 579//937
f 304//938 514//938 580//938
f 506//939 349//939 581//939
f 402//940 437//940 615//940
f 425//941 604//941 645//941
f 492//942 425//942 427//942
f 439//943 626//943 351//943
f 574//944 528//944 519//944
f 618//945 588//945 457//945
f 520//946 442//946 531//946
f 591//947 621//947 479//947
f 564//948 562//948 561//948
f 572//949 567//949 578//949
f 445//950 306//950 552//950
f 641//951 481//951 538//951
f 450//952 451//952 592//952
f 630//953 471//953 496//953
f 472//954 473//954 593//954
f 602//955 592//955 451//955
f 421//956 595//956 267//956
f 540//957 351//957 626//957
f 555//958 312//958 597//958
f 478//959 466//959 543//959
f 606//960 328//960 529//960
f 542//961 651//961 617//961
f 625//962 588//962 598//962
f 291//963 432//963 622//963
f 486//964 467//964 629//964
f 624//965 533//965 535//965
f 600//966 487//966 470//966
f 572//967 578//967 579//967
f 488//968 601//968 489//968
f 831//969 463//969 732//969
f 582//970 496//970 383//970
f 301//971 339//971 695//971
f 631//972 473//972 401//972
f 646//973 632//973 491//973
f 491//974 632//974 466//974
f 618//975 598//975 588//975
f 619//976 457//976 588//976
f 589//977 520//977 680//977
f 620//978 532//978 479//978
f 530//979 692//979 501//979
f 562//980 608//980 590//980
f 599//981 608//981 562//981
f 610//982 608//982 609//982
f 608//983 610//983 561//983
f 610//984 564//984 561//984
f 565//985 654//985 391//985
f 534//986 358//986 546//986
f 535//987 487//987 600//987
f 469//988 521//988 566//988
f 470//989 469//989 566//989
f 600//990 470//990 566//990
f 546//991 358//991 393//991
f 482//992 641//992 538//992
f 280//993 732//993 463//993
f 451//994 327//994 602//994
f 301//995 594//995 490//995
f 319//996 584//996 585//996
f 607//997 432//997 576//997
f 621//998 620//998 479//998
f 564//999 608//999 599//999
f 488//1000 462//1000 611//1000
f 603//1001 301//1001 695//1001
f 452//1002 497//1002 613//1002
f 595//1003 421//1003 402//1003
f 604//1004 425//1004 664//1004
f 508//1005 586//1005 665//1005
f 312//1006 596//1006 597//1006
f 574//1007 517//1007 477//1007
f 466//1008 632//1008 543//1008
f 623//1009 609//1009 608//1009
f 562//1010 622//1010 599//1010
f 391//1011 654//1011 444//1011
f 698//1012 494//1012 523//1012
f 567//1013 572//1013 523//1013
f 732//1014 280//1014 612//1014
f 506//1015 581//1015 643//1015
f 301//1016 603//1016 594//1016
f 527//1017 267//1017 595//1017
f 574//1018 477//1018 518//1018
f 532//1019 635//1019 485//1019
f 623//1020 509//1020 609//1020
f 609//1021 509//1021 564//1021
f 623//1022 564//1022 599//1022
f 544//1023 408//1023 534//1023
f 462//1024 376//1024 655//1024
f 505//1025 489//1025 640//1025
f 630//1026 496//1026 582//1026
f 631//1027 696//1027 473//1027
f 603//1028 660//1028 594//1028
f 452//1029 613//1029 474//1029
f 402//1030 615//1030 595//1030
f 668//1031 633//1031 648//1031
f 648//1032 634//1032 647//1032
f 633//1033 649//1033 648//1033
f 810//1034 619//1034 588//1034
f 653//1035 531//1035 484//1035
f 778//1036 618//1036 533//1036
f 376//1037 671//1037 655//1037
f 671//1038 376//1038 494//1038
f 656//1039 523//1039 572//1039
f 611//1040 462//1040 655//1040
f 546//1041 445//1041 552//1041
f 347//1042 505//1042 657//1042
f 682//1043 495//1043 515//1043
f 642//1044 581//1044 349//1044
f 471//1045 630//1045 659//1045
f 497//1046 471//1046 659//1046
f 473//1047 696//1047 593//1047
f 631//1048 401//1048 483//1048
f 695//1049 662//1049 603//1049
f 661//1050 662//1050 594//1050
f 490//1051 594//1051 644//1051
f 645//1052 498//1052 458//1052
f 663//1053 645//1053 604//1053
f 646//1054 527//1054 632//1054
f 516//1055 605//1055 464//1055
f 596//1056 585//1056 702//1056
f 507//1057 517//1057 574//1057
f 669//1058 668//1058 648//1058
f 649//1059 668//1059 669//1059
f 625//1060 725//1060 668//1060
f 668//1061 649//1061 625//1061
f 633//1062 625//1062 649//1062
f 686//1063 625//1063 669//1063
f 598//1064 725//1064 625//1064
f 626//1065 439//1065 328//1065
f 625//1066 810//1066 588//1066
f 692//1067 530//1067 650//1067
f 619//1068 493//1068 457//1068
f 618//1069 778//1069 670//1069
f 639//1070 503//1070 510//1070
f 601//1071 640//1071 489//1071
f 347//1072 657//1072 514//1072
f 662//1073 661//1073 603//1073
f 644//1074 594//1074 662//1074
f 615//1075 437//1075 683//1075
f 674//1076 675//1076 666//1076
f 667//1077 674//1077 666//1077
f 464//1078 687//1078 541//1078
f 667//1079 668//1079 678//1079
f 668//1080 667//1080 647//1080
f 666//1081 647//1081 667//1081
f 666//1082 686//1082 647//1082
f 647//1083 686//1083 648//1083
f 686//1084 669//1084 648//1084
f 589//1085 690//1085 500//1085
f 501//1086 629//1086 467//1086
f 535//1087 600//1087 624//1087
f 611//1088 655//1088 699//1088
f 641//1089 380//1089 361//1089
f 472//1090 593//1090 658//1090
f 660//1091 662//1091 695//1091
f 474//1092 672//1092 516//1092
f 595//1093 615//1093 683//1093
f 604//1094 664//1094 663//1094
f 516//1095 672//1095 684//1095
f 595//1096 724//1096 527//1096
f 437//1097 539//1097 683//1097
f 685//1098 476//1098 540//1098
f 605//1099 516//1099 684//1099
f 492//1100 508//1100 665//1100
f 737//1101 425//1101 492//1101
f 586//1102 460//1102 587//1102
f 725//1103 686//1103 668//1103
f 674//1104 668//1104 686//1104
f 674//1105 678//1105 668//1105
f 686//1106 675//1106 674//1106
f 675//1107 686//1107 678//1107
f 686//1108 666//1108 678//1108
f 587//1109 542//1109 617//1109
f 690//1110 651//1110 500//1110
f 543//1111 650//1111 530//1111
f 484//1112 577//1112 653//1112
f 693//1113 711//1113 546//1113
f 694//1114 546//1114 681//1114
f 681//1115 546//1115 552//1115
f 612//1116 472//1116 658//1116
f 602//1117 327//1117 554//1117
f 554//1118 454//1118 685//1118
f 527//1119 673//1119 632//1119
f 737//1120 664//1120 425//1120
f 703//1121 539//1121 507//1121
f 703//1122 507//1122 574//1122
f 329//1123 541//1123 697//1123
f 627//1124 329//1124 697//1124
f 705//1125 680//1125 520//1125
f 706//1126 621//1126 591//1126
f 591//1127 443//1127 509//1127
f 486//1128 629//1128 521//1128
f 711//1129 534//1129 546//1129
f 698//1130 671//1130 494//1130
f 693//1131 546//1131 694//1131
f 694//1132 681//1132 707//1132
f 681//1133 552//1133 700//1133
f 700//1134 552//1134 701//1134
f 709//1135 643//1135 581//1135
f 613//1136 497//1136 659//1136
f 768//1137 498//1137 645//1137
f 673//1138 527//1138 724//1138
f 710//1139 665//1139 586//1139
f 776//1140 586//1140 587//1140
f 704//1141 725//1141 598//1141
f 626//1142 328//1142 606//1142
f 606//1143 529//1143 555//1143
f 691//1144 690//1144 589//1144
f 532//1145 620//1145 727//1145
f 728//1146 534//1146 711//1146
f 515//1147 553//1147 708//1147
f 806//1148 612//1148 658//1148
f 339//1149 495//1149 722//1149
f 490//1150 644//1150 660//1150
f 454//1151 583//1151 685//1151
f 499//1152 476//1152 685//1152
f 597//1153 596//1153 702//1153
f 650//1154 543//1154 717//1154
f 689//1155 574//1155 519//1155
f 329//1156 627//1156 576//1156
f 680//1157 691//1157 589//1157
f 622//1158 432//1158 607//1158
f 652//1159 520//1159 531//1159
f 718//1160 711//1160 719//1160
f 711//1161 718//1161 728//1161
f 984//1162 639//1162 510//1162
f 694//1163 712//1163 693//1163
f 713//1164 481//1164 641//1164
f 582//1165 383//1165 506//1165
f 581//1166 642//1166 733//1166
f 658//1167 593//1167 714//1167
f 583//1168 499//1168 685//1168
f 717//1169 543//1169 632//1169
f 686//1170 738//1170 625//1170
f 617//1171 651//1171 587//1171
f 740//1172 587//1172 651//1172
f 689//1173 519//1173 544//1173
f 670//1174 598//1174 618//1174
f 444//1175 654//1175 545//1175
f 654//1176 1076//1176 545//1176
f 671//1177 731//1177 655//1177
f 639//1178 656//1178 503//1178
f 721//1179 699//1179 655//1179
f 657//1180 505//1180 640//1180
f 762//1181 700//1181 701//1181
f 474//1182 613//1182 723//1182
f 724//1183 595//1183 769//1183
f 585//1184 584//1184 702//1184
f 725//1185 736//1185 664//1185
f 726//1186 737//1186 492//1186
f 619//1187 810//1187 740//1187
f 532//1188 727//1188 823//1188
f 778//1189 533//1189 624//1189
f 552//1190 481//1190 713//1190
f 641//1191 361//1191 764//1191
f 765//1192 515//1192 708//1192
f 645//1193 715//1193 768//1193
f 474//1194 723//1194 672//1194
f 663//1195 715//1195 645//1195
f 736//1196 663//1196 664//1196
f 725//1197 664//1197 737//1197
f 725//1198 737//1198 686//1198
f 739//1199 574//1199 689//1199
f 747//1200 691//1200 680//1200
f 619//1201 785//1201 493//1201
f 727//1202 620//1202 621//1202
f 741//1203 531//1203 653//1203
f 984//1204 510//1204 638//1204
f 361//1205 580//1205 763//1205
f 642//1206 349//1206 838//1206
f 695//1207 339//1207 722//1207
f 659//1208 630//1208 734//1208
f 483//1209 876//1209 631//1209
f 490//1210 735//1210 584//1210
f 736//1211 819//1211 715//1211
f 736//1212 715//1212 663//1212
f 683//1213 769//1213 595//1213
f 492//1214 665//1214 726//1214
f 755//1215 776//1215 587//1215
f 810//1216 625//1216 738//1216
f 755//1217 587//1217 740//1217
f 717//1218 746//1218 650//1218
f 747//1219 680//1219 705//1219
f 705//1220 520//1220 652//1220
f 532//1221 823//1221 635//1221
f 758//1222 545//1222 743//1222
f 759//1223 711//1223 693//1223
f 760//1224 694//1224 707//1224
f 752//1225 655//1225 731//1225
f 656//1226 639//1226 789//1226
f 682//1227 515//1227 765//1227
f 709//1228 581//1228 745//1228
f 745//1229 581//1229 733//1229
f 632//1230 673//1230 795//1230
f 544//1231 534//1231 796//1231
f 706//1232 591//1232 920//1232
f 501//1233 692//1233 629//1233
f 563//1234 493//1234 785//1234
f 577//1235 563//1235 798//1235
f 756//1236 534//1236 728//1236
f 485//1237 635//1237 772//1237
f 756//1238 728//1238 729//1238
f 718//1239 756//1239 742//1239
f 772//1240 565//1240 485//1240
f 743//1241 545//1241 757//1241
f 712//1242 694//1242 760//1242
f 699//1243 721//1243 761//1243
f 681//1244 700//1244 762//1244
f 552//1245 744//1245 701//1245
f 829//1246 552//1246 713//1246
f 753//1247 495//1247 682//1247
f 613//1248 659//1248 754//1248
f 490//1249 660//1249 767//1249
f 702//1250 584//1250 892//1250
f 726//1251 665//1251 941//1251
f 717//1252 632//1252 716//1252
f 651//1253 690//1253 691//1253
f 785//1254 619//1254 740//1254
f 779//1255 654//1255 565//1255
f 729//1256 728//1256 718//1256
f 826//1257 718//1257 719//1257
f 757//1258 545//1258 827//1258
f 773//1259 749//1259 743//1259
f 768//1260 715//1260 819//1260
f 665//1261 710//1261 793//1261
f 683//1262 539//1262 703//1262
f 716//1263 632//1263 795//1263
f 777//1264 740//1264 651//1264
f 651//1265 691//1265 777//1265
f 591//1266 509//1266 920//1266
f 785//1267 798//1267 563//1267
f 773//1268 758//1268 757//1268
f 788//1269 773//1269 757//1269
f 773//1270 781//1270 758//1270
f 788//1271 545//1271 781//1271
f 788//1272 758//1272 748//1272
f 984//1273 638//1273 720//1273
f 750//1274 759//1274 693//1274
f 970//1275 750//1275 712//1275
f 751//1276 731//1276 671//1276
f 782//1277 698//1277 523//1277
f 488//1278 611//1278 601//1278
f 753//1279 722//1279 495//1279
f 774//1280 498//1280 768//1280
f 703//1281 794//1281 683//1281
f 770//1282 605//1282 684//1282
f 775//1283 464//1283 605//1283
f 771//1284 725//1284 704//1284
f 810//1285 755//1285 740//1285
f 777//1286 691//1286 747//1286
f 798//1287 740//1287 777//1287
f 798//1288 785//1288 740//1288
f 823//1289 894//1289 635//1289
f 779//1290 786//1290 654//1290
f 719//1291 711//1291 759//1291
f 773//1292 788//1292 749//1292
f 545//1293 758//1293 781//1293
f 970//1294 712//1294 760//1294
f 751//1295 671//1295 698//1295
f 782//1296 523//1296 789//1296
f 789//1297 523//1297 656//1297
f 681//1298 817//1298 707//1298
f 601//1299 611//1299 790//1299
f 640//1300 601//1300 657//1300
f 701//1301 744//1301 762//1301
f 552//1302 829//1302 1016//1302
f 783//1303 713//1303 641//1303
f 732//1304 612//1304 806//1304
f 808//1305 791//1305 642//1305
f 733//1306 642//1306 791//1306
f 766//1307 733//1307 808//1307
f 714//1308 593//1308 696//1308
f 660//1309 695//1309 767//1309
f 819//1310 736//1310 792//1310
f 795//1311 673//1311 724//1311
f 725//1312 792//1312 736//1312
f 710//1313 586//1313 776//1313
f 703//1314 574//1314 739//1314
f 704//1315 598//1315 670//1315
f 797//1316 622//1316 607//1316
f 635//1317 894//1317 799//1317
f 812//1318 786//1318 779//1318
f 756//1319 718//1319 826//1319
f 780//1320 565//1320 772//1320
f 779//1321 780//1321 812//1321
f 531//1322 741//1322 652//1322
f 814//1323 521//1323 629//1323
f 772//1324 635//1324 800//1324
f 577//1325 798//1325 653//1325
f 545//1326 1076//1326 827//1326
f 720//1327 545//1327 788//1327
f 984//1328 720//1328 788//1328
f 601//1329 790//1329 828//1329
f 611//1330 699//1330 790//1330
f 783//1331 641//1331 764//1331
f 764//1332 361//1332 763//1332
f 765//1333 708//1333 852//1333
f 818//1334 696//1334 631//1334
f 960//1335 602//1335 554//1335
f 490//1336 767//1336 735//1336
f 769//1337 683//1337 842//1337
f 842//1338 683//1338 794//1338
f 540//1339 626//1339 869//1339
f 777//1340 747//1340 705//1340
f 780//1341 772//1341 786//1341
f 799//1342 800//1342 635//1342
f 801//1343 787//1343 802//1343
f 801//1344 803//1344 804//1344
f 803//1345 802//1345 804//1345
f 566//1346 864//1346 600//1346
f 788//1347 757//1347 827//1347
f 817//1348 681//1348 762//1348
f 818//1349 714//1349 696//1349
f 876//1350 483//1350 498//1350
f 554//1351 685//1351 960//1351
f 584//1352 735//1352 809//1352
f 1011//1353 685//1353 540//1353
f 775//1354 605//1354 770//1354
f 597//1355 702//1355 861//1355
f 687//1356 464//1356 775//1356
f 606//1357 1012//1357 626//1357
f 606//1358 555//1358 784//1358
f 534//1359 825//1359 796//1359
f 756//1360 825//1360 534//1360
f 566//1361 521//1361 864//1361
f 759//1362 750//1362 970//1362
f 1016//1363 744//1363 552//1363
f 830//1364 514//1364 657//1364
f 858//1365 805//1365 847//1365
f 838//1366 349//1366 450//1366
f 682//1367 765//1367 839//1367
f 642//1368 833//1368 808//1368
f 808//1369 833//1369 766//1369
f 833//1370 745//1370 791//1370
f 833//1371 791//1371 832//1371
f 820//1372 819//1372 878//1372
f 792//1373 725//1373 771//1373
f 784//1374 555//1374 597//1374
f 741//1375 777//1375 813//1375
f 705//1376 813//1376 777//1376
f 823//1377 822//1377 870//1377
f 599//1378 622//1378 797//1378
f 825//1379 824//1379 796//1379
f 653//1380 798//1380 741//1380
f 826//1381 825//1381 756//1381
f 654//1382 786//1382 772//1382
f 787//1383 835//1383 802//1383
f 802//1384 835//1384 804//1384
f 815//1385 856//1385 835//1385
f 817//1386 760//1386 707//1386
f 761//1387 790//1387 699//1387
f 829//1388 713//1388 805//1388
f 829//1389 805//1389 858//1389
f 807//1390 708//1390 553//1390
f 840//1391 851//1391 642//1391
f 766//1392 833//1392 840//1392
f 840//1393 832//1393 766//1393
f 877//1394 735//1394 767//1394
f 584//1395 809//1395 892//1395
f 650//1396 746//1396 692//1396
f 946//1397 692//1397 746//1397
f 798//1398 777//1398 741//1398
f 727//1399 621//1399 834//1399
f 705//1400 652//1400 813//1400
f 999//1401 624//1401 600//1401
f 787//1402 772//1402 800//1402
f 835//1403 787//1403 800//1403
f 521//1404 814//1404 864//1404
f 835//1405 800//1405 816//1405
f 800//1406 856//1406 816//1406
f 826//1407 719//1407 759//1407
f 1028//1408 826//1408 759//1408
f 789//1409 639//1409 866//1409
f 865//1410 760//1410 817//1410
f 657//1411 601//1411 844//1411
f 828//1412 845//1412 601//1412
f 713//1413 846//1413 805//1413
f 807//1414 553//1414 883//1414
f 807//1415 848//1415 708//1415
f 848//1416 850//1416 708//1416
f 851//1417 833//1417 642//1417
f 852//1418 708//1418 860//1418
f 876//1419 818//1419 631//1419
f 737//1420 726//1420 686//1420
f 1011//1421 540//1421 869//1421
f 854//1422 823//1422 727//1422
f 629//1423 692//1423 946//1423
f 797//1424 509//1424 599//1424
f 894//1425 855//1425 799//1425
f 856//1426 787//1426 804//1426
f 772//1427 787//1427 856//1427
f 835//1428 856//1428 804//1428
f 857//1429 752//1429 731//1429
f 698//1430 731//1430 751//1430
f 846//1431 836//1431 783//1431
f 713//1432 783//1432 836//1432
f 904//1433 642//1433 838//1433
f 951//1434 506//1434 849//1434
f 642//1435 832//1435 840//1435
f 859//1436 695//1436 722//1436
f 860//1437 708//1437 853//1437
f 875//1438 592//1438 602//1438
f 878//1439 819//1439 792//1439
f 823//1440 871//1440 894//1440
f 797//1441 920//1441 509//1441
f 999//1442 778//1442 624//1442
f 799//1443 873//1443 800//1443
f 970//1444 760//1444 865//1444
f 721//1445 880//1445 761//1445
f 847//1446 805//1446 846//1446
f 850//1447 867//1447 708//1447
f 986//1448 450//1448 592//1448
f 851//1449 745//1449 833//1449
f 765//1450 852//1450 885//1450
f 695//1451 859//1451 767//1451
f 891//1452 735//1452 877//1452
f 768//1453 819//1453 774//1453
f 774//1454 819//1454 820//1454
f 626//1455 1012//1455 869//1455
f 541//1456 821//1456 697//1456
f 843//1457 606//1457 784//1457
f 544//1458 796//1458 689//1458
f 834//1459 621//1459 811//1459
f 811//1460 621//1460 706//1460
f 772//1461 856//1461 872//1461
f 872//1462 856//1462 862//1462
f 857//1463 879//1463 752//1463
f 844//1464 601//1464 845//1464
f 514//1465 830//1465 580//1465
f 849//1466 506//1466 643//1466
f 767//1467 889//1467 877//1467
f 702//1468 892//1468 995//1468
f 755//1469 810//1469 1032//1469
f 784//1470 597//1470 861//1470
f 823//1471 854//1471 822//1471
f 822//1472 1024//1472 870//1472
f 999//1473 670//1473 778//1473
f 823//1474 870//1474 871//1474
f 863//1475 872//1475 862//1475
f 813//1476 652//1476 741//1476
f 873//1477 799//1477 855//1477
f 600//1478 864//1478 999//1478
f 873//1479 856//1479 800//1479
f 866//1480 639//1480 985//1480
f 731//1481 698//1481 879//1481
f 580//1482 830//1482 763//1482
f 553//1483 463//1483 831//1483
f 767//1484 939//1484 889//1484
f 889//1485 915//1485 877//1485
f 738//1486 686//1486 1228//1486
f 541//1487 687//1487 821//1487
f 895//1488 872//1488 863//1488
f 856//1489 896//1489 863//1489
f 863//1490 896//1490 895//1490
f 788//1491 827//1491 898//1491
f 782//1492 789//1492 874//1492
f 752//1493 879//1493 929//1493
f 762//1494 1004//1494 817//1494
f 762//1495 744//1495 1004//1495
f 830//1496 657//1496 1078//1496
f 845//1497 828//1497 881//1497
f 847//1498 846//1498 882//1498
f 765//1499 867//1499 900//1499
f 900//1500 839//1500 765//1500
f 709//1501 745//1501 904//1501
f 643//1502 709//1502 884//1502
f 852//1503 886//1503 885//1503
f 905//1504 852//1504 906//1504
f 910//1505 907//1505 908//1505
f 908//1506 852//1506 860//1506
f 806//1507 658//1507 714//1507
f 767//1508 915//1508 939//1508
f 915//1509 916//1509 877//1509
f 877//1510 939//1510 917//1510
f 774//1511 876//1511 498//1511
f 820//1512 878//1512 992//1512
f 878//1513 792//1513 964//1513
f 672//1514 1031//1514 684//1514
f 795//1515 724//1515 979//1515
f 861//1516 702//1516 943//1516
f 627//1517 697//1517 997//1517
f 944//1518 1012//1518 606//1518
f 606//1519 843//1519 944//1519
f 607//1520 576//1520 945//1520
f 946//1521 814//1521 629//1521
f 864//1522 814//1522 1000//1522
f 872//1523 968//1523 772//1523
f 947//1524 872//1524 895//1524
f 947//1525 895//1525 923//1525
f 947//1526 923//1526 924//1526
f 897//1527 855//1527 894//1527
f 789//1528 866//1528 927//1528
f 879//1529 857//1529 731//1529
f 1004//1530 865//1530 817//1530
f 1035//1531 655//1531 752//1531
f 721//1532 655//1532 899//1532
f 899//1533 880//1533 721//1533
f 858//1534 847//1534 829//1534
f 553//1535 1119//1535 883//1535
f 582//1536 902//1536 630//1536
f 903//1537 807//1537 883//1537
f 849//1538 643//1538 884//1538
f 885//1539 935//1539 765//1539
f 765//1540 935//1540 932//1540
f 867//1541 765//1541 932//1541
f 852//1542 933//1542 886//1542
f 852//1543 1964//1543 933//1543
f 905//1544 935//1544 852//1544
f 975//1545 906//1545 936//1545
f 936//1546 906//1546 907//1546
f 852//1547 907//1547 906//1547
f 907//1548 852//1548 908//1548
f 875//1549 602//1549 960//1549
f 853//1550 708//1550 867//1550
f 917//1551 939//1551 916//1551
f 917//1552 940//1552 877//1552
f 918//1553 1045//1553 877//1553
f 891//1554 877//1554 1045//1554
f 665//1555 1008//1555 941//1555
f 726//1556 965//1556 686//1556
f 794//1557 703//1557 942//1557
f 1032//1558 810//1558 738//1558
f 746//1559 717//1559 1177//1559
f 576//1560 627//1560 945//1560
f 893//1561 689//1561 796//1561
f 1076//1562 654//1562 772//1562
f 856//1563 873//1563 925//1563
f 894//1564 926//1564 897//1564
f 789//1565 948//1565 928//1565
f 789//1566 927//1566 948//1566
f 1016//1567 1004//1567 744//1567
f 764//1568 1017//1568 971//1568
f 951//1569 582//1569 506//1569
f 807//1570 903//1570 952//1570
f 904//1571 832//1571 642//1571
f 807//1572 953//1572 850//1572
f 1964//1573 935//1573 958//1573
f 932//1574 935//1574 905//1574
f 959//1575 905//1575 975//1575
f 911//1576 907//1576 937//1576
f 909//1577 911//1577 937//1577
f 909//1578 938//1578 911//1578
f 938//1579 937//1579 907//1579
f 907//1580 910//1580 938//1580
f 860//1581 912//1581 908//1581
f 860//1582 961//1582 911//1582
f 918//1583 939//1583 940//1583
f 940//1584 1045//1584 918//1584
f 995//1585 878//1585 964//1585
f 665//1586 793//1586 1008//1586
f 685//1587 1011//1587 963//1587
f 702//1588 995//1588 943//1588
f 684//1589 980//1589 770//1589
f 717//1590 716//1590 981//1590
f 854//1591 1024//1591 822//1591
f 968//1592 872//1592 896//1592
f 1076//1593 772//1593 968//1593
f 969//1594 924//1594 925//1594
f 947//1595 924//1595 969//1595
f 967//1596 925//1596 924//1596
f 925//1597 873//1597 969//1597
f 968//1598 856//1598 969//1598
f 984//1599 788//1599 898//1599
f 970//1600 1028//1600 759//1600
f 985//1601 639//1601 1015//1601
f 1078//1602 657//1602 844//1602
f 790//1603 950//1603 828//1603
f 950//1604 881//1604 828//1604
f 971//1605 783//1605 764//1605
f 1036//1606 829//1606 847//1606
f 846//1607 783//1607 882//1607
f 903//1608 972//1608 952//1608
f 972//1609 850//1609 883//1609
f 974//1610 989//1610 955//1610
f 904//1611 745//1611 851//1611
f 932//1612 905//1612 959//1612
f 911//1613 938//1613 910//1613
f 912//1614 911//1614 910//1614
f 915//1615 767//1615 916//1615
f 978//1616 993//1616 878//1616
f 771//1617 964//1617 792//1617
f 776//1618 755//1618 1272//1618
f 1013//1619 704//1619 670//1619
f 746//1620 998//1620 946//1620
f 944//1621 843//1621 1000//1621
f 1013//1622 670//1622 999//1622
f 814//1623 946//1623 1000//1623
f 706//1624 920//1624 1136//1624
f 824//1625 1001//1625 796//1625
f 894//1626 871//1626 1002//1626
f 856//1627 968//1627 896//1627
f 969//1628 967//1628 947//1628
f 925//1629 967//1629 968//1629
f 970//1630 865//1630 1116//1630
f 949//1631 879//1631 698//1631
f 1321//1632 753//1632 682//1632
f 987//1633 850//1633 952//1633
f 987//1634 952//1634 988//1634
f 989//1635 952//1635 972//1635
f 952//1636 989//1636 974//1636
f 904//1637 851//1637 832//1637
f 853//1638 867//1638 1040//1638
f 911//1639 913//1639 962//1639
f 962//1640 961//1640 860//1640
f 888//1641 962//1641 860//1641
f 962//1642 914//1642 1041//1642
f 1041//1643 888//1643 890//1643
f 890//1644 860//1644 853//1644
f 916//1645 767//1645 1042//1645
f 890//1646 853//1646 991//1646
f 1045//1647 940//1647 917//1647
f 995//1648 1021//1648 978//1648
f 878//1649 996//1649 978//1649
f 995//1650 892//1650 1021//1650
f 724//1651 769//1651 979//1651
f 941//1652 1022//1652 726//1652
f 980//1653 684//1653 1031//1653
f 842//1654 794//1654 942//1654
f 797//1655 607//1655 1023//1655
f 834//1656 854//1656 727//1656
f 893//1657 966//1657 797//1657
f 1000//1658 843//1658 999//1658
f 1000//1659 999//1659 864//1659
f 894//1660 1137//1660 926//1660
f 873//1661 982//1661 967//1661
f 1137//1662 873//1662 926//1662
f 1116//1663 865//1663 1004//1663
f 783//1664 1141//1664 882//1664
f 1037//1665 732//1665 806//1665
f 867//1666 850//1666 987//1666
f 933//1667 975//1667 957//1667
f 957//1668 959//1668 1964//1668
f 911//1669 975//1669 907//1669
f 767//1670 859//1670 1042//1670
f 1041//1671 911//1671 962//1671
f 1061//1672 1045//1672 917//1672
f 992//1673 878//1673 993//1673
f 995//1674 978//1674 1010//1674
f 995//1675 964//1675 943//1675
f 964//1676 771//1676 943//1676
f 981//1677 1177//1677 717//1677
f 998//1678 746//1678 1177//1678
f 771//1679 704//1679 1013//1679
f 843//1680 784//1680 999//1680
f 946//1681 944//1681 1000//1681
f 797//1682 1023//1682 893//1682
f 1046//1683 893//1683 796//1683
f 982//1684 968//1684 967//1684
f 825//1685 826//1685 1028//1685
f 827//1686 1076//1686 898//1686
f 1003//1687 984//1687 1234//1687
f 1015//1688 639//1688 984//1688
f 1035//1689 899//1689 655//1689
f 838//1690 450//1690 986//1690
f 1005//1691 839//1691 900//1691
f 709//1692 1018//1692 884//1692
f 900//1693 957//1693 956//1693
f 900//1694 959//1694 957//1694
f 867//1695 932//1695 1040//1695
f 1019//1696 714//1696 1044//1696
f 1041//1697 914//1697 888//1697
f 917//1698 916//1698 1042//1698
f 723//1699 613//1699 754//1699
f 1153//1700 892//1700 809//1700
f 1006//1701 978//1701 1021//1701
f 978//1702 1006//1702 993//1702
f 1008//1703 1173//1703 941//1703
f 978//1704 1009//1704 1010//1704
f 821//1705 687//1705 1238//1705
f 997//1706 945//1706 627//1706
f 999//1707 784//1707 1013//1707
f 1033//1708 1046//1708 796//1708
f 920//1709 797//1709 966//1709
f 1027//1710 1026//1710 982//1710
f 873//1711 1014//1711 982//1711
f 1234//1712 984//1712 898//1712
f 1049//1713 970//1713 1116//1713
f 698//1714 782//1714 949//1714
f 1102//1715 1004//1715 1016//1715
f 790//1716 761//1716 950//1716
f 831//1717 732//1717 1037//1717
f 901//1718 1079//1718 900//1718
f 932//1719 1020//1719 1040//1719
f 714//1720 1019//1720 806//1720
f 714//1721 818//1721 1029//1721
f 917//1722 1042//1722 1061//1722
f 1021//1723 892//1723 1153//1723
f 795//1724 1176//1724 716//1724
f 686//1725 965//1725 1228//1725
f 687//1726 775//1726 1238//1726
f 861//1727 771//1727 1013//1727
f 697//1728 821//1728 997//1728
f 784//1729 861//1729 1013//1729
f 1098//1730 739//1730 689//1730
f 998//1731 1012//1731 946//1731
f 946//1732 1012//1732 944//1732
f 607//1733 945//1733 1023//1733
f 1001//1734 1033//1734 796//1734
f 982//1735 1026//1735 1137//1735
f 1137//1736 1026//1736 1014//1736
f 1973//1737 1014//1737 1026//1737
f 1014//1738 873//1738 1137//1738
f 1137//1739 894//1739 1002//1739
f 1077//1740 1028//1740 970//1740
f 1049//1741 1077//1741 970//1741
f 829//1742 1102//1742 1016//1742
f 1036//1743 1102//1743 829//1743
f 950//1744 761//1744 880//1744
f 951//1745 902//1745 582//1745
f 1081//1746 1005//1746 975//1746
f 1005//1747 956//1747 975//1747
f 1038//1748 932//1748 959//1748
f 932//1749 1039//1749 911//1749
f 911//1750 1041//1750 1020//1750
f 853//1751 1040//1751 1060//1751
f 1041//1752 890//1752 1132//1752
f 991//1753 1132//1753 890//1753
f 1019//1754 1044//1754 1008//1754
f 1008//1755 1044//1755 1173//1755
f 795//1756 919//1756 1176//1756
f 703//1757 739//1757 1064//1757
f 861//1758 943//1758 771//1758
f 893//1759 1098//1759 689//1759
f 870//1760 1024//1760 1025//1760
f 968//1761 982//1761 1137//1761
f 984//1762 1003//1762 1065//1762
f 783//1763 971//1763 1141//1763
f 847//1764 882//1764 1141//1764
f 972//1765 1068//1765 987//1765
f 1029//1766 1044//1766 714//1766
f 853//1767 1060//1767 1132//1767
f 1043//1768 1061//1768 1042//1768
f 960//1769 685//1769 963//1769
f 672//1770 1074//1770 1227//1770
f 672//1771 1227//1771 1031//1771
f 776//1772 793//1772 710//1772
f 998//1773 1154//1773 1012//1773
f 1066//1774 1138//1774 1028//1774
f 1066//1775 1028//1775 1077//1775
f 782//1776 874//1776 1067//1776
f 929//1777 1035//1777 752//1777
f 830//1778 1117//1778 763//1778
f 1017//1779 764//1779 1050//1779
f 1080//1780 972//1780 1104//1780
f 900//1781 1052//1781 1056//1781
f 900//1782 1056//1782 1083//1782
f 1083//1783 1069//1783 900//1783
f 1070//1784 900//1784 1069//1784
f 1070//1785 1086//1785 900//1785
f 959//1786 900//1786 1086//1786
f 1071//1787 975//1787 1072//1787
f 1072//1788 975//1788 932//1788
f 932//1789 975//1789 1073//1789
f 975//1790 911//1790 1073//1790
f 1269//1791 876//1791 774//1791
f 1153//1792 993//1792 1021//1792
f 1154//1793 869//1793 1012//1793
f 825//1794 1138//1794 824//1794
f 1138//1795 825//1795 1028//1795
f 1101//1796 929//1796 949//1796
f 1004//1797 1049//1797 1116//1797
f 901//1798 867//1798 987//1798
f 972//1799 1080//1799 1068//1799
f 1005//1800 1105//1800 1053//1800
f 875//1801 986//1801 592//1801
f 1037//1802 806//1802 1019//1802
f 1057//1803 1109//1803 1055//1803
f 975//1804 1069//1804 1084//1804
f 1081//1805 975//1805 1084//1805
f 1057//1806 1085//1806 1109//1806
f 1069//1807 975//1807 1086//1807
f 1038//1808 975//1808 1071//1808
f 859//1809 1129//1809 1042//1809
f 1041//1810 1130//1810 1040//1810
f 1060//1811 1130//1811 1132//1811
f 1045//1812 1062//1812 1043//1812
f 960//1813 963//1813 1063//1813
f 1022//1814 941//1814 1134//1814
f 965//1815 726//1815 1022//1815
f 979//1816 1030//1816 919//1816
f 770//1817 980//1817 775//1817
f 1272//1818 755//1818 1032//1818
f 1177//1819 1154//1819 998//1819
f 1208//1820 854//1820 834//1820
f 1138//1821 1033//1821 1001//1821
f 968//1822 1137//1822 1242//1822
f 929//1823 879//1823 949//1823
f 1004//1824 1102//1824 1049//1824
f 830//1825 1078//1825 1103//1825
f 1036//1826 847//1826 1141//1826
f 1118//1827 1321//1827 682//1827
f 682//1828 839//1828 1118//1828
f 1018//1829 709//1829 904//1829
f 900//1830 1079//1830 1052//1830
f 1053//1831 1121//1831 839//1831
f 1081//1832 1052//1832 1005//1832
f 1081//1833 1122//1833 1082//1833
f 1082//1834 1056//1834 1052//1834
f 1087//1835 1112//1835 1085//1835
f 1057//1836 1087//1836 1085//1836
f 1038//1837 1086//1837 975//1837
f 1134//1838 1096//1838 1022//1838
f 1011//1839 869//1839 1154//1839
f 893//1840 1023//1840 1098//1840
f 1135//1841 893//1841 1046//1841
f 870//1842 1025//1842 871//1842
f 968//1843 1242//1843 1075//1843
f 1001//1844 824//1844 1138//1844
f 1067//1845 1100//1845 782//1845
f 1180//1846 1103//1846 1078//1846
f 1117//1847 830//1847 1103//1847
f 764//1848 763//1848 1050//1848
f 1119//1849 553//1849 831//1849
f 1104//1850 972//1850 883//1850
f 1018//1851 849//1851 1120//1851
f 1052//1852 1145//1852 1005//1852
f 1005//1853 1121//1853 1105//1853
f 1146//1854 1056//1854 1082//1854
f 1081//1855 1056//1855 1122//1855
f 1056//1856 1081//1856 1124//1856
f 1058//1857 1128//1857 1112//1857
f 659//1858 734//1858 1094//1858
f 754//1859 659//1859 1094//1859
f 818//1860 1131//1860 1029//1860
f 1041//1861 1132//1861 1130//1861
f 876//1862 1269//1862 1133//1862
f 774//1863 820//1863 1269//1863
f 1074//1864 672//1864 723//1864
f 1195//1865 1008//1865 793//1865
f 981//1866 716//1866 1176//1866
f 738//1867 1228//1867 1032//1867
f 966//1868 1136//1868 920//1868
f 984//1869 1065//1869 1220//1869
f 1179//1870 1066//1870 1077//1870
f 1140//1871 1100//1871 1067//1871
f 1140//1872 1067//1872 1115//1872
f 782//1873 1140//1873 1115//1873
f 1101//1874 1035//1874 929//1874
f 763//1875 1117//1875 1050//1875
f 1079//1876 1142//1876 1005//1876
f 839//1877 1142//1877 1143//1877
f 1121//1878 1142//1878 839//1878
f 1079//1879 1005//1879 1145//1879
f 1107//1880 734//1880 630//1880
f 1147//1881 859//1881 722//1881
f 1122//1882 1056//1882 1146//1882
f 1105//1883 1125//1883 1055//1883
f 1171//1884 1059//1884 1090//1884
f 1131//1885 818//1885 876//1885
f 1044//1886 1029//1886 1173//1886
f 1045//1887 1174//1887 891//1887
f 993//1888 1153//1888 992//1888
f 1019//1889 1008//1889 1195//1889
f 941//1890 1173//1890 1134//1890
f 965//1891 1022//1891 1096//1891
f 1031//1892 1097//1892 980//1892
f 1098//1893 1064//1893 739//1893
f 1139//1894 1138//1894 1066//1894
f 874//1895 866//1895 985//1895
f 1102//1896 1036//1896 1221//1896
f 1036//1897 1141//1897 971//1897
f 1155//1898 951//1898 849//1898
f 849//1899 1018//1899 1155//1899
f 1079//1900 1143//1900 1142//1900
f 1120//1901 1157//1901 884//1901
f 1158//1902 1018//1902 1144//1902
f 904//1903 1144//1903 1018//1903
f 1183//1904 1142//1904 1121//1904
f 1143//1905 1156//1905 1005//1905
f 1183//1906 1121//1906 1162//1906
f 1005//1907 1156//1907 1121//1907
f 1148//1908 1053//1908 1054//1908
f 1152//1909 1128//1909 1058//1909
f 1131//1910 876//1910 1133//1910
f 1096//1911 1134//1911 1218//1911
f 703//1912 1064//1912 942//1912
f 1135//1913 966//1913 893//1913
f 1002//1914 871//1914 1178//1914
f 1002//1915 1178//1915 1137//1915
f 898//1916 1076//1916 1240//1916
f 1015//1917 984//1917 1139//1917
f 1180//1918 1078//1918 844//1918
f 1036//1919 971//1919 1221//1919
f 950//1920 1181//1920 881//1920
f 1182//1921 845//1921 881//1921
f 1143//1922 1183//1922 839//1922
f 838//1923 986//1923 1284//1923
f 1143//1924 1079//1924 1156//1924
f 1158//1925 1155//1925 1018//1925
f 1184//1926 1159//1926 884//1926
f 1161//1927 1185//1927 1160//1927
f 1217//1928 1189//1928 1165//1928
f 1189//1929 1166//1929 1167//1929
f 1212//1930 1168//1930 1165//1930
f 1166//1931 1189//1931 1168//1931
f 1168//1932 1212//1932 1193//1932
f 1194//1933 1206//1933 1129//1933
f 1043//1934 1278//1934 1045//1934
f 979//1935 769//1935 1030//1935
f 1176//1936 919//1936 1030//1936
f 1177//1937 981//1937 1176//1937
f 966//1938 1135//1938 1197//1938
f 706//1939 1281//1939 811//1939
f 1046//1940 1033//1940 1209//1940
f 898//1941 1240//1941 1234//1941
f 1066//1942 1179//1942 1139//1942
f 1179//1943 1077//1943 1049//1943
f 1180//1944 1198//1944 1103//1944
f 950//1945 880//1945 1181//1945
f 1155//1946 1144//1946 904//1946
f 1162//1947 1079//1947 1183//1947
f 1199//1948 1155//1948 1158//1948
f 1163//1949 1185//1949 1161//1949
f 1211//1950 1201//1950 1160//1950
f 1168//1951 1193//1951 1166//1951
f 1170//1952 1129//1952 1169//1952
f 1170//1953 1194//1953 1129//1953
f 875//1954 960//1954 1172//1954
f 992//1955 1153//1955 1231//1955
f 809//1956 891//1956 1196//1956
f 1226//1957 965//1957 1096//1957
f 1207//1958 963//1958 1011//1958
f 1207//1959 1011//1959 1154//1959
f 1177//1960 1207//1960 1154//1960
f 1197//1961 1282//1961 966//1961
f 1138//1962 1209//1962 1033//1962
f 1242//1963 1137//1963 1178//1963
f 1139//1964 984//1964 1220//1964
f 1048//1965 1015//1965 1139//1965
f 1221//1966 1049//1966 1102//1966
f 1035//1967 880//1967 899//1967
f 1144//1968 1155//1968 1199//1968
f 1201//1969 1185//1969 1163//1969
f 1211//1970 1160//1970 1185//1970
f 1212//1971 1189//1971 1217//1971
f 1147//1972 1129//1972 859//1972
f 754//1973 1094//1973 1095//1973
f 1131//1974 1173//1974 1029//1974
f 1218//1975 1131//1975 1133//1975
f 1177//1976 1176//1976 1207//1976
f 945//1977 997//1977 1023//1977
f 1015//1978 1048//1978 1264//1978
f 1235//1979 1101//1979 949//1979
f 1017//1980 1050//1980 1221//1980
f 1079//1981 1051//1981 1183//1981
f 1107//1982 630//1982 902//1982
f 1211//1983 1185//1983 1216//1983
f 1193//1984 1194//1984 1169//1984
f 1063//1985 1172//1985 960//1985
f 1045//1986 1278//1986 1174//1986
f 723//1987 754//1987 1214//1987
f 1131//1988 1134//1988 1173//1988
f 1219//1989 1178//1989 871//1989
f 1198//1990 1117//1990 1103//1990
f 844//1991 845//1991 1229//1991
f 971//1992 1017//1992 1221//1992
f 1259//1993 904//1993 838//1993
f 1147//1994 722//1994 753//1994
f 1215//1995 1216//1995 1185//1995
f 1212//1996 1211//1996 1194//1996
f 1194//1997 1211//1997 1216//1997
f 1193//1998 1212//1998 1194//1998
f 1131//1999 1218//1999 1134//1999
f 769//2000 1175//2000 1030//2000
f 1233//2001 1135//2001 1046//2001
f 1281//2002 706//2002 1136//2002
f 1209//2003 1233//2003 1046//2003
f 985//2004 1015//2004 1264//2004
f 1035//2005 1235//2005 880//2005
f 1259//2006 1155//2006 904//2006
f 1118//2007 839//2007 1183//2007
f 1204//2008 1212//2008 1217//2008
f 986//2009 875//2009 1285//2009
f 1213//2010 1216//2010 1206//2010
f 1153//2011 809//2011 1232//2011
f 1175//2012 769//2012 842//2012
f 1255//2013 963//2013 1207//2013
f 1197//2014 1135//2014 1233//2014
f 1180//2015 844//2015 1229//2015
f 1230//2016 1321//2016 1118//2016
f 1051//2017 901//2017 1222//2017
f 1222//2018 901//2018 1246//2018
f 901//2019 987//2019 1246//2019
f 1185//2020 1201//2020 1204//2020
f 1267//2021 1223//2021 1185//2021
f 1267//2022 1216//2022 1215//2022
f 734//2023 1107//2023 1094//2023
f 1169//2024 1129//2024 1193//2024
f 1206//2025 1216//2025 1225//2025
f 1129//2026 1206//2026 1225//2026
f 1043//2027 1042//2027 1278//2027
f 1255//2028 1302//2028 963//2028
f 1176//2029 1255//2029 1207//2029
f 1048//2030 1139//2030 1179//2030
f 1180//2031 1265//2031 1198//2031
f 1285//2032 1284//2032 986//2032
f 1147//2033 1193//2033 1129//2033
f 1237//2034 1231//2034 1153//2034
f 1175//2035 842//2035 1256//2035
f 1270//2036 1228//2036 965//2036
f 997//2037 821//2037 1291//2037
f 1075//2038 1240//2038 1076//2038
f 1075//2039 1242//2039 1240//2039
f 1242//2040 1178//2040 1241//2040
f 1220//2041 1209//2041 1138//2041
f 1220//2042 1138//2042 1139//2042
f 1035//2043 1101//2043 1235//2043
f 1221//2044 1050//2044 1266//2044
f 1181//2045 880//2045 1258//2045
f 1259//2046 951//2046 1155//2046
f 1244//2047 1183//2047 1051//2047
f 875//2048 1172//2048 1285//2048
f 1153//2049 1232//2049 1237//2049
f 1289//2050 1255//2050 1176//2050
f 1305//2051 1064//2051 1098//2051
f 1023//2052 1305//2052 1098//2052
f 1023//2053 997//2053 1291//2053
f 834//2054 811//2054 1281//2054
f 1233//2055 1274//2055 1197//2055
f 1239//2056 871//2056 1025//2056
f 1234//2057 1240//2057 1306//2057
f 782//2058 1115//2058 1248//2058
f 1049//2059 1221//2059 1179//2059
f 1265//2060 1257//2060 1198//2060
f 1257//2061 1221//2061 1266//2061
f 1182//2062 881//2062 1181//2062
f 1277//2063 1230//2063 1118//2063
f 1244//2064 1249//2064 1118//2064
f 1183//2065 1222//2065 1118//2065
f 1244//2066 1222//2066 1183//2066
f 1051//2067 1249//2067 1244//2067
f 1147//2068 753//2068 1245//2068
f 1166//2069 1193//2069 1217//2069
f 1225//2070 1253//2070 1129//2070
f 754//2071 1095//2071 1214//2071
f 1302//2072 1063//2072 963//2072
f 1232//2073 809//2073 1196//2073
f 793//2074 776//2074 1254//2074
f 1238//2075 775//2075 980//2075
f 1282//2076 1136//2076 966//2076
f 1024//2077 1418//2077 1025//2077
f 1178//2078 1219//2078 1241//2078
f 949//2079 782//2079 1248//2079
f 1277//2080 1118//2080 1249//2080
f 1277//2081 1249//2081 1222//2081
f 1262//2082 1252//2082 1104//2082
f 1261//2083 1246//2083 1104//2083
f 1315//2084 1204//2084 1217//2084
f 1279//2085 1063//2085 1302//2085
f 1270//2086 965//2086 1226//2086
f 1271//2087 1254//2087 776//2087
f 871//2088 1239//2088 1247//2088
f 1219//2089 871//2089 1247//2089
f 1241//2090 1219//2090 1350//2090
f 1263//2091 1264//2091 1048//2091
f 874//2092 985//2092 1264//2092
f 1263//2093 1048//2093 1179//2093
f 1276//2094 1235//2094 949//2094
f 1198//2095 1266//2095 1117//2095
f 1294//2096 1229//2096 845//2096
f 1267//2097 1185//2097 1204//2097
f 1473//2098 1246//2098 987//2098
f 1193//2099 1268//2099 1217//2099
f 1268//2100 1193//2100 1299//2100
f 1195//2101 793//2101 1254//2101
f 1271//2102 776//2102 1272//2102
f 942//2103 1064//2103 1256//2103
f 1197//2104 1274//2104 1282//2104
f 1293//2105 1240//2105 1242//2105
f 1065//2106 1234//2106 1220//2106
f 1220//2107 1234//2107 1312//2107
f 1266//2108 1198//2108 1257//2108
f 1117//2109 1266//2109 1050//2109
f 1261//2110 1262//2110 1222//2110
f 1517//2111 1068//2111 1104//2111
f 820//2112 1236//2112 1269//2112
f 980//2113 1097//2113 1330//2113
f 821//2114 1238//2114 1291//2114
f 1292//2115 1273//2115 1311//2115
f 1257//2116 1386//2116 1221//2116
f 753//2117 1295//2117 1245//2117
f 1074//2118 723//2118 1214//2118
f 1290//2119 1031//2119 1227//2119
f 1304//2120 1311//2120 1273//2120
f 1405//2121 1208//2121 834//2121
f 1312//2122 1234//2122 1306//2122
f 1229//2123 1275//2123 1180//2123
f 1107//2124 902//2124 1313//2124
f 1246//2125 1261//2125 1222//2125
f 1217//2126 1268//2126 1296//2126
f 1380//2127 1296//2127 1286//2127
f 1286//2128 1298//2128 1380//2128
f 1300//2129 1297//2129 1268//2129
f 1300//2130 1309//2130 1297//2130
f 1193//2131 1300//2131 1299//2131
f 1267//2132 1301//2132 1216//2132
f 1288//2133 1019//2133 1195//2133
f 1302//2134 1255//2134 1279//2134
f 1031//2135 1290//2135 1097//2135
f 1305//2136 1256//2136 1064//2136
f 1291//2137 1305//2137 1023//2137
f 1304//2138 1273//2138 1292//2138
f 1025//2139 1418//2139 1239//2139
f 1386//2140 1179//2140 1221//2140
f 1352//2141 1182//2141 1181//2141
f 1259//2142 838//2142 1333//2142
f 1295//2143 753//2143 1321//2143
f 1230//2144 1277//2144 1262//2144
f 1296//2145 1268//2145 1297//2145
f 1296//2146 1297//2146 1299//2146
f 1299//2147 1309//2147 1296//2147
f 1300//2148 1245//2148 1309//2148
f 1193//2149 1245//2149 1300//2149
f 1245//2150 1193//2150 1147//2150
f 1278//2151 1042//2151 1129//2151
f 1381//2152 1172//2152 1063//2152
f 820//2153 992//2153 1236//2153
f 842//2154 942//2154 1256//2154
f 1280//2155 1032//2155 1228//2155
f 1272//2156 1032//2156 1280//2156
f 1319//2157 1311//2157 1304//2157
f 1024//2158 854//2158 1418//2158
f 1233//2159 1367//2159 1274//2159
f 1233//2160 1209//2160 1367//2160
f 949//2161 1283//2161 1276//2161
f 1283//2162 949//2162 1248//2162
f 1294//2163 845//2163 1182//2163
f 1333//2164 838//2164 1284//2164
f 1267//2165 1204//2165 1315//2165
f 1380//2166 1217//2166 1296//2166
f 1309//2167 1298//2167 1296//2167
f 1246//2168 1517//2168 1104//2168
f 1231//2169 1237//2169 1398//2169
f 1255//2170 1289//2170 1404//2170
f 1270//2171 1318//2171 1228//2171
f 1304//2172 1364//2172 1319//2172
f 1386//2173 1263//2173 1179//2173
f 1115//2174 874//2174 1264//2174
f 1368//2175 883//2175 1119//2175
f 1104//2176 883//2176 1368//2176
f 1309//2177 1380//2177 1298//2177
f 1380//2178 1245//2178 1314//2178
f 1314//2179 1245//2179 1295//2179
f 1285//2180 1172//2180 1355//2180
f 1301//2181 1225//2181 1216//2181
f 1348//2182 1355//2182 1172//2182
f 1253//2183 1278//2183 1129//2183
f 1381//2184 1063//2184 1279//2184
f 1176//2185 1382//2185 1289//2185
f 1030//2186 1382//2186 1176//2186
f 1226//2187 1218//2187 1310//2187
f 1305//2188 1399//2188 1256//2188
f 1220//2189 1312//2189 1209//2189
f 1293//2190 1320//2190 1240//2190
f 1350//2191 1219//2191 1247//2191
f 1386//2192 1257//2192 1265//2192
f 1421//2193 1283//2193 1248//2193
f 1339//2194 1323//2194 1285//2194
f 1380//2195 1309//2195 1245//2195
f 1317//2196 1301//2196 1267//2196
f 1310//2197 1218//2197 1133//2197
f 1270//2198 1226//2198 1310//2198
f 1281//2199 1405//2199 834//2199
f 1331//2200 1136//2200 1282//2200
f 1180//2201 1275//2201 1265//2201
f 902//2202 951//2202 1313//2202
f 1285//2203 1354//2203 1284//2203
f 1354//2204 1285//2204 1322//2204
f 1322//2205 1285//2205 1323//2205
f 1285//2206 1355//2206 1339//2206
f 1456//2207 1473//2207 987//2207
f 1456//2208 987//2208 1068//2208
f 1381//2209 1348//2209 1172//2209
f 1238//2210 980//2210 1330//2210
f 1238//2211 1330//2211 1291//2211
f 854//2212 1365//2212 1418//2212
f 1312//2213 1367//2213 1209//2213
f 1384//2214 1240//2214 1320//2214
f 1450//2215 1241//2215 1350//2215
f 1385//2216 1115//2216 1264//2216
f 1352//2217 1294//2217 1182//2217
f 1181//2218 1258//2218 1352//2218
f 1368//2219 1262//2219 1104//2219
f 1284//2220 1354//2220 1370//2220
f 1370//2221 1322//2221 1334//2221
f 1336//2222 1370//2222 1354//2222
f 1338//2223 1335//2223 1336//2223
f 1338//2224 1340//2224 1335//2224
f 1341//2225 1340//2225 1322//2225
f 1338//2226 1322//2226 1340//2226
f 1340//2227 1341//2227 2037//2227
f 1346//2228 1357//2228 1344//2228
f 1324//2229 2037//2229 1325//2229
f 1362//2230 2037//2230 1356//2230
f 1346//2231 1328//2231 1345//2231
f 1326//2232 1325//2232 2021//2232
f 1328//2233 1346//2233 1329//2233
f 1317//2234 1267//2234 1433//2234
f 1527//2235 992//2235 1231//2235
f 1133//2236 1269//2236 1403//2236
f 1280//2237 1228//2237 1318//2237
f 1332//2238 1240//2238 1366//2238
f 1293//2239 1242//2239 1241//2239
f 1248//2240 1115//2240 1351//2240
f 880//2241 1235//2241 1422//2241
f 1424//2242 880//2242 1422//2242
f 1400//2243 1259//2243 1333//2243
f 1369//2244 1284//2244 1370//2244
f 1337//2245 1353//2245 1370//2245
f 1323//2246 1337//2246 1334//2246
f 1354//2247 1356//2247 1336//2247
f 1337//2248 1370//2248 1358//2248
f 1322//2249 1336//2249 1356//2249
f 1356//2250 1341//2250 1322//2250
f 1394//2251 1357//2251 1345//2251
f 1361//2252 1356//2252 1359//2252
f 1376//2253 1394//2253 1345//2253
f 1361//2254 1362//2254 1356//2254
f 1527//2255 1231//2255 1398//2255
f 992//2256 1527//2256 1236//2256
f 1279//2257 1255//2257 1404//2257
f 1274//2258 1406//2258 1282//2258
f 1331//2259 1281//2259 1136//2259
f 1312//2260 1306//2260 1383//2260
f 1306//2261 1240//2261 1383//2261
f 1240//2262 1332//2262 1407//2262
f 1384//2263 1366//2263 1240//2263
f 1351//2264 1115//2264 1440//2264
f 1372//2265 1369//2265 1370//2265
f 1370//2266 1371//2266 1373//2266
f 1369//2267 1372//2267 1373//2267
f 1369//2268 1373//2268 1353//2268
f 1373//2269 1371//2269 1353//2269
f 1355//2270 1369//2270 1353//2270
f 1370//2271 1374//2271 1392//2271
f 1337//2272 1355//2272 1353//2272
f 1357//2273 1394//2273 1388//2273
f 1370//2274 1392//2274 1358//2274
f 1358//2275 1392//2275 1377//2275
f 1359//2276 1358//2276 1377//2276
f 1379//2277 1361//2277 1363//2277
f 1376//2278 1363//2278 1361//2278
f 1253//2279 1225//2279 1301//2279
f 1411//2280 1289//2280 1382//2280
f 1030//2281 1175//2281 1382//2281
f 854//2282 1208//2282 1365//2282
f 1351//2283 1421//2283 1248//2283
f 1389//2284 1388//2284 1394//2284
f 1391//2285 1353//2285 1392//2285
f 1376//2286 1375//2286 1394//2286
f 1379//2287 1397//2287 1361//2287
f 1705//2288 831//2288 1037//2288
f 1517//2289 1456//2289 1068//2289
f 1310//2290 1133//2290 1403//2290
f 891//2291 1174//2291 1196//2291
f 1330//2292 1097//2292 1290//2292
f 1291//2293 1399//2293 1305//2293
f 1406//2294 1274//2294 1367//2294
f 1389//2295 1401//2295 1353//2295
f 1119//2296 831//2296 1705//2296
f 1037//2297 1019//2297 1705//2297
f 1269//2298 1236//2298 1403//2298
f 1290//2299 1227//2299 1074//2299
f 1416//2300 1272//2300 1280//2300
f 1291//2301 1330//2301 1399//2301
f 1292//2302 1417//2302 1304//2302
f 1267//2303 1315//2303 1433//2303
f 1705//2304 1019//2304 1288//2304
f 1408//2305 1409//2305 1411//2305
f 1349//2306 1214//2306 1095//2306
f 1175//2307 1256//2307 1449//2307
f 1415//64 1414//64 1413//64
f 1413//64 1414//64 1412//64
f 1272//2308 1413//2308 1412//2308
f 1415//64 1413//64 1416//64
f 1416//2309 1413//2309 1272//2309
f 1282//2310 1406//2310 1331//2310
f 1407//2311 1332//2311 1420//2311
f 1332//2312 1419//2312 1420//2312
f 1240//2313 1407//2313 1383//2313
f 1293//2314 1241//2314 1496//2314
f 1385//2315 1264//2315 1263//2315
f 1451//2316 1421//2316 1351//2316
f 1386//2317 1265//2317 1275//2317
f 1422//2318 1283//2318 1421//2318
f 1294//2319 1352//2319 1423//2319
f 1424//2320 1258//2320 880//2320
f 1284//2321 1369//2321 1387//2321
f 951//2322 1259//2322 1400//2322
f 1426//2323 1427//2323 1425//2323
f 1378//2324 1107//2324 1313//2324
f 1301//2325 1317//2325 1434//2325
f 1253//2326 1402//2326 1464//2326
f 1382//2327 1408//2327 1411//2327
f 1289//2328 1411//2328 1404//2328
f 1271//2329 1272//2329 1509//2329
f 1430//2330 1415//2330 1280//2330
f 1509//2331 1272//2331 1412//2331
f 1430//64 1414//64 1415//64
f 1414//2332 1430//2332 1412//2332
f 1415//2333 1416//2333 1280//2333
f 1319//2334 1364//2334 1460//2334
f 1483//2335 1331//2335 1406//2335
f 1483//2336 1406//2336 1367//2336
f 1439//2337 1384//2337 1293//2337
f 1450//2338 1350//2338 1247//2338
f 1333//2339 1284//2339 1387//2339
f 1427//2340 1432//2340 1425//2340
f 1426//2341 1431//2341 1428//2341
f 1428//2342 1431//2342 1427//2342
f 1455//2343 1433//2343 1315//2343
f 1288//2344 1195//2344 1254//2344
f 1381//2345 1279//2345 1410//2345
f 1448//2346 1175//2346 1449//2346
f 1449//2347 1256//2347 1399//2347
f 1412//2348 1430//2348 1509//2348
f 1509//2349 1430//2349 1280//2349
f 1460//2350 1364//2350 1470//2350
f 1367//2351 1383//2351 1483//2351
f 1450//2352 1496//2352 1241//2352
f 1115//2353 1385//2353 1440//2353
f 1275//2354 1472//2354 1386//2354
f 1369//2355 1355//2355 1348//2355
f 1313//2356 951//2356 1400//2356
f 1442//2357 1431//2357 1426//2357
f 1455//2358 1315//2358 1431//2358
f 1253//2359 1301//2359 1402//2359
f 1436//2360 1446//2360 1445//2360
f 1398//2361 1237//2361 1522//2361
f 1290//2362 1074//2362 1214//2362
f 1311//2363 1319//2363 1515//2363
f 1383//2364 1367//2364 1312//2364
f 1283//2365 1422//2365 1235//2365
f 1525//2366 1295//2366 1321//2366
f 1452//2367 1442//2367 1426//2367
f 1441//2368 1431//2368 1315//2368
f 1431//2369 1442//2369 1454//2369
f 1429//2370 1295//2370 1525//2370
f 1455//2371 1431//2371 1454//2371
f 1434//2372 1317//2372 1486//2372
f 1457//2373 1527//2373 1398//2373
f 1435//2374 1446//2374 1437//2374
f 1436//2375 1435//2375 1437//2375
f 1437//2376 1458//2376 1447//2376
f 1458//2377 1459//2377 1447//2377
f 1382//2378 1175//2378 1448//2378
f 1330//2379 1290//2379 1471//2379
f 1330//2380 1471//2380 1399//2380
f 1510//2381 1405//2381 1331//2381
f 1405//2382 1281//2382 1331//2382
f 1332//2383 1384//2383 1419//2383
f 1419//2384 1384//2384 1461//2384
f 1383//2385 1407//2385 1463//2385
f 1425//2386 1432//2386 1441//2386
f 1313//2387 1400//2387 1771//2387
f 1400//2388 1333//2388 1453//2388
f 1315//2389 1217//2389 1380//2389
f 1486//2390 1433//2390 1455//2390
f 1446//2391 1458//2391 1445//2391
f 1436//2392 1602//2392 1458//2392
f 1436//2393 1459//2393 1602//2393
f 1474//2394 1279//2394 1404//2394
f 1462//2395 1293//2395 1496//2395
f 1275//2396 1229//2396 1472//2396
f 1294//2397 1534//2397 1229//2397
f 1423//2398 1352//2398 1258//2398
f 1400//2399 1453//2399 1485//2399
f 1486//2400 1455//2400 1444//2400
f 1517//2401 1246//2401 1473//2401
f 1094//2402 1107//2402 1378//2402
f 1278//2403 1253//2403 1464//2403
f 1518//2404 1457//2404 1398//2404
f 1458//2405 1435//2405 1445//2405
f 1459//2406 1458//2406 1446//2406
f 1466//2407 1467//2407 1232//2407
f 1237//2408 1467//2408 1476//2408
f 1466//2409 1232//2409 1477//2409
f 1476//2410 1467//2410 1465//2410
f 1475//2411 1465//2411 1467//2411
f 1466//2412 1468//2412 1480//2412
f 1468//2413 1482//2413 1480//2413
f 1493//2414 1491//2414 1468//2414
f 1468//2415 1491//2415 1482//2415
f 1469//2416 1493//2416 1468//2416
f 1364//2417 1531//2417 1470//2417
f 1292//2418 1311//2418 1515//2418
f 1462//2419 1439//2419 1293//2419
f 1230//2420 1262//2420 1368//2420
f 1295//2421 1429//2421 1484//2421
f 1095//2422 1094//2422 1589//2422
f 1403//2423 1236//2423 1498//2423
f 1349//2424 1095//2424 1589//2424
f 1519//2425 1408//2425 1382//2425
f 1499//2426 1602//2426 1459//2426
f 1214//2427 1349//2427 1290//2427
f 1519//2428 1382//2428 1448//2428
f 1237//2429 1232//2429 1467//2429
f 1475//2430 1237//2430 1476//2430
f 1489//2431 1476//2431 1465//2431
f 2067//2432 1475//2432 1476//2432
f 1479//2433 1466//2433 1490//2433
f 1477//2434 1232//2434 1490//2434
f 1479//2435 1490//2435 1468//2435
f 1482//2436 1490//2436 1466//2436
f 1482//2437 1466//2437 1481//2437
f 1491//2438 1481//2438 1480//2438
f 1493//2439 1481//2439 1491//2439
f 1490//2440 1482//2440 1505//2440
f 1505//2441 1482//2441 1491//2441
f 1505//2442 1469//2442 1468//2442
f 1417//2443 1292//2443 1515//2443
f 1331//2444 1483//2444 1510//2444
f 1419//2445 1463//2445 1420//2445
f 1511//2446 1440//2446 1385//2446
f 1458//2447 1513//2447 1435//2447
f 1279//2448 1474//2448 1410//2448
f 1518//2449 1398//2449 1446//2449
f 1499//2450 1500//2450 1501//2450
f 1475//2451 1503//2451 1237//2451
f 1477//2452 2067//2452 1476//2452
f 1465//2453 2067//2453 1489//2453
f 1503//2454 1467//2454 2067//2454
f 1477//2455 1489//2455 1467//2455
f 1489//2456 2067//2456 1467//2456
f 1467//2457 1504//2457 1475//2457
f 1481//2458 1492//2458 1482//2458
f 1505//2459 1492//2459 1481//2459
f 1399//2460 1471//2460 1449//2460
f 1460//2461 1470//2461 1524//2461
f 1419//2462 1383//2462 1463//2462
f 1461//2463 1384//2463 1495//2463
f 1495//2464 1384//2464 1439//2464
f 1450//2465 1247//2465 1462//2465
f 1450//2466 1462//2466 1496//2466
f 1485//2467 1771//2467 1400//2467
f 1411//2468 1409//2468 1474//2468
f 1411//2469 1474//2469 1404//2469
f 1520//2470 1446//2470 1435//2470
f 1521//2471 1514//2471 1499//2471
f 1499//2472 1501//2472 1521//2472
f 1502//2473 1602//2473 1501//2473
f 1503//2474 2067//2474 1477//2474
f 1503//2475 1504//2475 1467//2475
f 1477//2476 1490//2476 1505//2476
f 1460//2477 1515//2477 1319//2477
f 1263//2478 1511//2478 1385//2478
f 1351//2479 1440//2479 1511//2479
f 1511//2480 1263//2480 1386//2480
f 1511//2481 1451//2481 1351//2481
f 1511//2482 1421//2482 1451//2482
f 1333//2483 1707//2483 1453//2483
f 1441//2484 1442//2484 1425//2484
f 1527//2485 1518//2485 1513//2485
f 1435//2486 1513//2486 1520//2486
f 1488//2487 1528//2487 1602//2487
f 1602//2488 1514//2488 1522//2488
f 1514//2489 1602//2489 1499//2489
f 2073//2490 1521//2490 1500//2490
f 1522//2491 1521//2491 1602//2491
f 1602//2492 1521//2492 1501//2492
f 1522//2493 1446//2493 1398//2493
f 1522//2494 1500//2494 1521//2494
f 1602//2495 1523//2495 1487//2495
f 1523//2496 1602//2496 1502//2496
f 1490//2497 1232//2497 1524//2497
f 1468//2498 1490//2498 1524//2498
f 1468//2499 1524//2499 1505//2499
f 1531//2500 1524//2500 1470//2500
f 1318//2501 1509//2501 1280//2501
f 1532//2502 1364//2502 1304//2502
f 1532//2503 1304//2503 1417//2503
f 1533//2504 1247//2504 1239//2504
f 1533//2505 1462//2505 1247//2505
f 1472//2506 1229//2506 1534//2506
f 1421//2507 1511//2507 1422//2507
f 1294//2508 1423//2508 1534//2508
f 1707//2509 1333//2509 1387//2509
f 1313//2510 1771//2510 1665//2510
f 1429//2511 1525//2511 1569//2511
f 1486//2512 1442//2512 1441//2512
f 1381//2513 1546//2513 1348//2513
f 1094//2514 1378//2514 1589//2514
f 1522//2515 1514//2515 1459//2515
f 1529//2516 1523//2516 1502//2516
f 1232//2517 1196//2517 1530//2517
f 1524//2518 1232//2518 1530//2518
f 1477//2519 1505//2519 1508//2519
f 1507//2520 1505//2520 1524//2520
f 1511//2521 1386//2521 1472//2521
f 1545//2522 1387//2522 1369//2522
f 1380//2523 1295//2523 1535//2523
f 1378//2524 1313//2524 1665//2524
f 1402//2525 1301//2525 1526//2525
f 1516//2526 1402//2526 1526//2526
f 1381//2527 1410//2527 1546//2527
f 1518//2528 1446//2528 1513//2528
f 1459//2529 1446//2529 1563//2529
f 1522//2530 1459//2530 1536//2530
f 1536//2531 1565//2531 1537//2531
f 1565//2532 1536//2532 1538//2532
f 1522//2533 1563//2533 1446//2533
f 1488//2534 1523//2534 1538//2534
f 1523//2535 1500//2535 1522//2535
f 1529//2536 1500//2536 1523//2536
f 1567//2537 1522//2537 1237//2537
f 1471//2538 1290//2538 1703//2538
f 1507//2539 1524//2539 1531//2539
f 1532//2540 1531//2540 1364//2540
f 1510//2541 1664//2541 1405//2541
f 1365//2542 1208//2542 1405//2542
f 1544//2543 1419//2543 1461//2543
f 1423//2544 1258//2544 1424//2544
f 1301//2545 1434//2545 1526//2545
f 1548//2546 1527//2546 1457//2546
f 1548//2547 1518//2547 1527//2547
f 1457//2548 1518//2548 1547//2548
f 1409//2549 1408//2549 1519//2549
f 1601//2550 1527//2550 1513//2550
f 1601//2551 1513//2551 1458//2551
f 1601//2552 1458//2552 1602//2552
f 1548//2553 1550//2553 1520//2553
f 1446//2554 1548//2554 1513//2554
f 1550//2555 1586//2555 1549//2555
f 1552//2556 1520//2556 1551//2556
f 1550//2557 1553//2557 1586//2557
f 1553//2558 1550//2558 1554//2558
f 1558//2559 1563//2559 1562//2559
f 1522//2560 1536//2560 1537//2560
f 1561//2561 1349//2561 1589//2561
f 1564//2562 1538//2562 1523//2562
f 1565//2563 1538//2563 1564//2563
f 1564//2564 1523//2564 1522//2564
f 1349//2565 1561//2565 1290//2565
f 1508//2566 1567//2566 1477//2566
f 1543//2567 1449//2567 1471//2567
f 1588//2568 1568//2568 1525//2568
f 1572//2569 1592//2569 1570//2569
f 1592//2570 1572//2570 1573//2570
f 1573//2571 1574//2571 1596//2571
f 1574//2572 1572//2572 1597//2572
f 1574//2573 1573//2573 1572//2573
f 1574//2574 1598//2574 1596//2574
f 1598//2575 1574//2575 1575//2575
f 1598//2576 1575//2576 1576//2576
f 1457//2577 1583//2577 1548//2577
f 1548//2578 1582//2578 1547//2578
f 1582//2579 1457//2579 1547//2579
f 1446//2580 1550//2580 1548//2580
f 1584//2581 1520//2581 1550//2581
f 1520//2582 1584//2582 1551//2582
f 1563//2583 1537//2583 1565//2583
f 1563//2584 1538//2584 1536//2584
f 1487//2585 1528//2585 1538//2585
f 1565//2586 1522//2586 1487//2586
f 1604//2587 1541//2587 1540//2587
f 1528//2588 1566//2588 1604//2588
f 1237//2589 1503//2589 1567//2589
f 1290//2590 1561//2590 1703//2590
f 1543//2591 1448//2591 1449//2591
f 1663//2592 1508//2592 1507//2592
f 1663//2593 1507//2593 1531//2593
f 1595//2594 1590//2594 1591//2594
f 1570//2595 1593//2595 1572//2595
f 2084//2596 1575//2596 1597//2596
f 1600//2597 1527//2597 1601//2597
f 1551//2598 1584//2598 1586//2598
f 1174//2599 1278//2599 1603//2599
f 1540//2600 1487//2600 1604//2600
f 1510//2601 1483//2601 1664//2601
f 1763//2602 1239//2602 1418//2602
f 1369//2603 1348//2603 1620//2603
f 1486//2604 1441//2604 1606//2604
f 1453//2605 1621//2605 1485//2605
f 1591//2606 1607//2606 1588//2606
f 1591//2607 1608//2607 1607//2607
f 1607//2608 1590//2608 2088//2608
f 1595//2609 1608//2609 2088//2609
f 1611//2610 1593//2610 1570//2610
f 1594//2611 1613//2611 1593//2611
f 1596//2612 1572//2612 1613//2612
f 1572//2613 1596//2613 1597//2613
f 1785//2614 1474//2614 1409//2614
f 1614//2615 1236//2615 1527//2615
f 1615//2616 1288//2616 1254//2616
f 1617//2617 1616//2617 1528//2617
f 1661//2618 1617//2618 1528//2618
f 1528//2619 1604//2619 1661//2619
f 1567//2620 1503//2620 1477//2620
f 1508//2621 1663//2621 1567//2621
f 1524//2622 1530//2622 1619//2622
f 1460//2623 1524//2623 1619//2623
f 1483//2624 1383//2624 1806//2624
f 1383//2625 1419//2625 1544//2625
f 1495//2626 1544//2626 1461//2626
f 1533//2627 1495//2627 1439//2627
f 1462//2628 1533//2628 1439//2628
f 1423//2629 1511//2629 1472//2629
f 1545//2630 1369//2630 1620//2630
f 1315//2631 1380//2631 1535//2631
f 1707//2632 1621//2632 1453//2632
f 1708//2633 1588//2633 1590//2633
f 1590//2634 1607//2634 1608//2634
f 1595//2635 1591//2635 1588//2635
f 1622//2636 1402//2636 1516//2636
f 1611//2637 1592//2637 1613//2637
f 1612//2638 1593//2638 1611//2638
f 1236//2639 1614//2639 1602//2639
f 1527//2640 1600//2640 1614//2640
f 1614//2641 1601//2641 1602//2641
f 1614//2642 1623//2642 1669//2642
f 1614//2643 1600//2643 1623//2643
f 1600//2644 1528//2644 1623//2644
f 1600//2645 1602//2645 1528//2645
f 1634//2646 1633//2646 1632//2646
f 1646//2647 1642//2647 1643//2647
f 1650//2648 1487//2648 1522//2648
f 1648//2649 1652//2649 1651//2649
f 1654//2650 1487//2650 1650//2650
f 1651//2651 1652//2651 1487//2651
f 1654//2652 1651//2652 1487//2652
f 1652//2653 1702//2653 1658//2653
f 1487//2654 1652//2654 1658//2654
f 1487//2655 1658//2655 1604//2655
f 1604//2656 1658//2656 1659//2656
f 1604//2657 1659//2657 1617//2657
f 1604//2658 1617//2658 2121//2658
f 1660//2659 1661//2659 1726//2659
f 1604//2660 2121//2660 1662//2660
f 1661//2661 1662//2661 1726//2661
f 1661//2662 1604//2662 1662//2662
f 1660//2663 1522//2663 1567//2663
f 1418//2664 1365//2664 1763//2664
f 1534//2665 1423//2665 1472//2665
f 1525//2666 1321//2666 1588//2666
f 1434//2667 1486//2667 1606//2667
f 1708//2668 1668//2668 1588//2668
f 1590//2669 1608//2669 1708//2669
f 1595//2670 1725//2670 1608//2670
f 1669//2671 1725//2671 1595//2671
f 1669//2672 1602//2672 1600//2672
f 1677//2673 1676//2673 1675//2673
f 1688//2674 1627//2674 1691//2674
f 1627//2675 1626//2675 1691//2675
f 2107//2676 1694//2676 2106//2676
f 1528//2677 1702//2677 1726//2677
f 1703//2678 1561//2678 1695//2678
f 1702//2679 1616//2679 1726//2679
f 1652//2680 1659//2680 1702//2680
f 1702//2681 1659//2681 1616//2681
f 1726//2682 1616//2682 1617//2682
f 1660//2683 1726//2683 1617//2683
f 1522//2684 1660//2684 1654//2684
f 1704//2685 1663//2685 1531//2685
f 1318//2686 1270//2686 1310//2686
f 1483//2687 1806//2687 1664//2687
f 1239//2688 1763//2688 1533//2688
f 1665//2689 1771//2689 1706//2689
f 1588//2690 1733//2690 1568//2690
f 1588//2691 1668//2691 1667//2691
f 1708//2692 1608//2692 1725//2692
f 1402//2693 1622//2693 1464//2693
f 1669//2694 1595//2694 1236//2694
f 1772//2695 1409//2695 1519//2695
f 1236//2696 1602//2696 1669//2696
f 1715//2697 1716//2697 2133//2697
f 1603//2698 1278//2698 1737//2698
f 2148//2699 1720//2699 2147//2699
f 1659//2700 1652//2700 1654//2700
f 1660//2701 1659//2701 1654//2701
f 1660//2702 1617//2702 1659//2702
f 1605//2703 1726//2703 1662//2703
f 1660//2704 1605//2704 1662//2704
f 1618//2705 1605//2705 1660//2705
f 1722//2706 1663//2706 1704//2706
f 1729//2707 1405//2707 1664//2707
f 1422//2708 1511//2708 1423//2708
f 1424//2709 1422//2709 1423//2709
f 1730//2710 1230//2710 1368//2710
f 1441//2711 1666//2711 1606//2711
f 1588//2712 1321//2712 1731//2712
f 1569//2713 1733//2713 1512//2713
f 1568//2714 1733//2714 1569//2714
f 1724//2715 1588//2715 1725//2715
f 1725//2716 1588//2716 1667//2716
f 1785//2717 1410//2717 1474//2717
f 1528//2718 1669//2718 1623//2718
f 1769//2719 1726//2719 1605//2719
f 1727//2720 1663//2720 1722//2720
f 1544//2721 1495//2721 1533//2721
f 1512//2722 1733//2722 1484//2722
f 1434//2723 1606//2723 1526//2723
f 1733//2724 1588//2724 1732//2724
f 1669//2725 1724//2725 1725//2725
f 1785//2726 1409//2726 1772//2726
f 1278//2727 1464//2727 1737//2727
f 1738//2728 1528//2728 1726//2728
f 1515//2729 1460//2729 1619//2729
f 1368//2730 1119//2730 1705//2730
f 1666//2731 1441//2731 1315//2731
f 1378//2732 1665//2732 1795//2732
f 1735//2733 1589//2733 1378//2733
f 1785//2734 1779//2734 1410//2734
f 1589//2735 1736//2735 1561//2735
f 1528//2736 1738//2736 1739//2736
f 1740//2737 1739//2737 1738//2737
f 1615//2738 1254//2738 1271//2738
f 1543//2739 1471//2739 1703//2739
f 1722//2740 1531//2740 1741//2740
f 1321//2741 1230//2741 1730//2741
f 1321//2742 1730//2742 1731//2742
f 1620//2743 1348//2743 1546//2743
f 1236//2744 1595//2744 1498//2744
f 1736//2745 1589//2745 1735//2745
f 1724//2746 1669//2746 1787//2746
f 1749//2747 1750//2747 1748//2747
f 1739//2748 1750//2748 1749//2748
f 1528//2749 1739//2749 1749//2749
f 1740//2750 1764//2750 1739//2750
f 1750//2751 1765//2751 1738//2751
f 1760//2752 1738//2752 1759//2752
f 1738//2753 1760//2753 1750//2753
f 1726//2754 1759//2754 1738//2754
f 1758//2755 1726//2755 1757//2755
f 1726//2756 1760//2756 1757//2756
f 1769//2757 1760//2757 1726//2757
f 1799//2758 1519//2758 1448//2758
f 1722//2759 1728//2759 1727//2759
f 1728//2760 1722//2760 1741//2760
f 1778//2761 1485//2761 1621//2761
f 1724//2762 1780//2762 1733//2762
f 1546//2763 1410//2763 1779//2763
f 1764//2764 1747//2764 1528//2764
f 1528//2765 1749//2765 1764//2765
f 1748//2766 1764//2766 1751//2766
f 1750//2767 1764//2767 1765//2767
f 1759//2768 1768//2768 1761//2768
f 1728//2769 1660//2769 1567//2769
f 1744//2770 1770//2770 1742//2770
f 1742//2771 1770//2771 1745//2771
f 1806//2772 1729//2772 1664//2772
f 1806//2773 1383//2773 1544//2773
f 1826//2774 1707//2774 1387//2774
f 1669//2775 1528//2775 1746//2775
f 1695//2776 1561//2776 1736//2776
f 1747//2777 1746//2777 1528//2777
f 1748//2778 1747//2778 1764//2778
f 1761//2779 1760//2779 1759//2779
f 1750//2780 1760//2780 1769//2780
f 1615//2781 1271//2781 1509//2781
f 1318//2782 1310//2782 1819//2782
f 1744//2783 1728//2783 1741//2783
f 1728//2784 1744//2784 1745//2784
f 1595//2785 1588//2785 1731//2785
f 1799//2786 1772//2786 1519//2786
f 1781//2787 1748//2787 1750//2787
f 1695//2788 1783//2788 1703//2788
f 1318//2789 1819//2789 1509//2789
f 1741//2790 1531//2790 1532//2790
f 1619//2791 1530//2791 1777//2791
f 1368//2792 1705//2792 1730//2792
f 1666//2793 1315//2793 1535//2793
f 1808//2794 1516//2794 1526//2794
f 1772//2795 1791//2795 1779//2795
f 1787//2796 1780//2796 1724//2796
f 1787//2797 1669//2797 1746//2797
f 1775//2798 1776//2798 1750//2798
f 1310//2799 1403//2799 1802//2799
f 1543//2800 1703//2800 1783//2800
f 1196//2801 1174//2801 1603//2801
f 1745//2802 1532//2802 1728//2802
f 1745//2803 1741//2803 1532//2803
f 1763//2804 1365//2804 1729//2804
f 1807//2805 1544//2805 1533//2805
f 1535//2806 1295//2806 1484//2806
f 1735//2807 1378//2807 1795//2807
f 1526//2808 1606//2808 1792//2808
f 1797//2809 1791//2809 1772//2809
f 1799//2810 1797//2810 1772//2810
f 1774//2811 1782//2811 1784//2811
f 1774//2812 1773//2812 1788//2812
f 1773//2813 1782//2813 1788//2813
f 1782//2814 1781//2814 1750//2814
f 1782//2815 1750//2815 1789//2815
f 1729//2816 1365//2816 1405//2816
f 1546//2817 1779//2817 1791//2817
f 1772//2818 1779//2818 1785//2818
f 1464//2819 1786//2819 1737//2819
f 1802//2820 1403//2820 1498//2820
f 1774//2821 1793//2821 1782//2821
f 1788//2822 2167//2822 1774//2822
f 1543//2823 1799//2823 1448//2823
f 1820//2824 1387//2824 1545//2824
f 1706//2825 1795//2825 1665//2825
f 1730//2826 1705//2826 1800//2826
f 1792//2827 1606//2827 1666//2827
f 1771//2828 1485//2828 1778//2828
f 1621//2829 1707//2829 1790//2829
f 1736//2830 1735//2830 1803//2830
f 1750//2831 1793//2831 1774//2831
f 1812//2832 1750//2832 1769//2832
f 1819//2833 1615//2833 1509//2833
f 1526//2834 1814//2834 1808//2834
f 1695//2835 1736//2835 1803//2835
f 1793//2836 1781//2836 1782//2836
f 1783//2837 1798//2837 1543//2837
f 1196//2838 1603//2838 1804//2838
f 1533//2839 1763//2839 1807//2839
f 1801//2840 1733//2840 1780//2840
f 1790//2841 1707//2841 1826//2841
f 1790//2842 1778//2842 1621//2842
f 1786//2843 1464//2843 1516//2843
f 1797//2844 1799//2844 1798//2844
f 1787//2845 1781//2845 1793//2845
f 1793//2846 1789//2846 1812//2846
f 1543//2847 1798//2847 1799//2847
f 1812//2848 1769//2848 1660//2848
f 1804//2849 1619//2849 1777//2849
f 1805//2850 1532//2850 1417//2850
f 1828//2851 1515//2851 1619//2851
f 1735//2852 1795//2852 1816//2852
f 1288//2853 1615//2853 1810//2853
f 1660//2854 1728//2854 1532//2854
f 1619//2855 1804//2855 1828//2855
f 1535//2856 1809//2856 1814//2856
f 1288//2857 1810//2857 1705//2857
f 1783//2858 1695//2858 1818//2858
f 1804//2859 1530//2859 1196//2859
f 1729//2860 1807//2860 1763//2860
f 1809//2861 1535//2861 1833//2861
f 1666//2862 1796//2862 1817//2862
f 1731//2863 1730//2863 1800//2863
f 1801//2864 1833//2864 1733//2864
f 1808//2865 1814//2865 1809//2865
f 1595//2866 1731//2866 1815//2866
f 1791//2867 1797//2867 1811//2867
f 1786//2868 1516//2868 1808//2868
f 1812//2869 1787//2869 1793//2869
f 1813//2870 1660//2870 1532//2870
f 1733//2871 1833//2871 1484//2871
f 1796//2872 1666//2872 1822//2872
f 1666//2873 1817//2873 1792//2873
f 1808//2874 1809//2874 1801//2874
f 1814//2875 1526//2875 1792//2875
f 1595//2876 1815//2876 1498//2876
f 1803//2877 1735//2877 1816//2877
f 1780//2878 1787//2878 1812//2878
f 1810//2879 1615//2879 1841//2879
f 1812//2880 1660//2880 1813//2880
f 1310//2881 1802//2881 1819//2881
f 1804//2882 1777//2882 1530//2882
f 1853//2883 1620//2883 1546//2883
f 1800//2884 1815//2884 1731//2884
f 1810//2885 1800//2885 1705//2885
f 1498//2886 1815//2886 1802//2886
f 1783//2887 1818//2887 1798//2887
f 1841//2888 1615//2888 1819//2888
f 1806//2889 1807//2889 1729//2889
f 1544//2890 1807//2890 1806//2890
f 1387//2891 1820//2891 1821//2891
f 1387//2892 1823//2892 1825//2892
f 1535//2893 1484//2893 1833//2893
f 1822//2894 1535//2894 1814//2894
f 1791//2895 1811//2895 1831//2895
f 1834//2896 1780//2896 1812//2896
f 1695//2897 1803//2897 1827//2897
f 1818//2898 1695//2898 1827//2898
f 1845//2899 1828//2899 1804//2899
f 1828//2900 1417//2900 1515//2900
f 1824//64 1823//64 1821//64
f 1820//2901 1824//2901 1821//2901
f 1853//2902 1545//2902 1620//2902
f 1387//2903 1821//2903 1823//2903
f 1825//2904 1826//2904 1387//2904
f 1822//2905 1666//2905 1535//2905
f 1819//2906 1802//2906 1835//2906
f 1737//2907 1836//2907 1603//2907
f 1829//64 1823//64 1824//64
f 1829//64 1824//64 1830//64
f 1830//2908 1824//2908 1820//2908
f 1823//64 1829//64 1825//64
f 1829//2909 1826//2909 1825//2909
f 1830//2910 1826//2910 1829//2910
f 1800//2911 1810//2911 1841//2911
f 1808//2912 1801//2912 1832//2912
f 1847//2913 1840//2913 1417//2913
f 1830//2914 1820//2914 1826//2914
f 1771//2915 1778//2915 1854//2915
f 1546//2916 1831//2916 1853//2916
f 1831//2917 1546//2917 1791//2917
f 1822//2918 1814//2918 1792//2918
f 1801//2919 1780//2919 1832//2919
f 1835//2920 1802//2920 1815//2920
f 1797//2921 1798//2921 1818//2921
f 1819//2922 1835//2922 1841//2922
f 1817//2923 1796//2923 1792//2923
f 1832//2924 1780//2924 1838//2924
f 1780//2925 1834//2925 1838//2925
f 1834//64 1839//64 1838//64
f 1839//2926 1834//2926 1812//2926
f 1827//2927 1803//2927 1848//2927
f 1840//2928 1805//2928 1417//2928
f 1800//2929 1841//2929 1835//2929
f 1842//2930 1832//2930 1838//2930
f 1843//64 1842//64 1838//64
f 1843//64 1838//64 1839//64
f 1842//2931 1843//2931 1844//2931
f 1839//64 1844//64 1843//64
f 1844//2932 1839//2932 1812//2932
f 1840//2933 1846//2933 1805//2933
f 1840//64 1847//64 1846//64
f 1847//2934 1417//2934 1828//2934
f 1856//2935 1795//2935 1706//2935
f 1831//2936 1820//2936 1853//2936
f 1815//2937 1800//2937 1835//2937
f 1812//2938 1842//2938 1844//2938
f 1842//2939 1812//2939 1832//2939
f 1737//2940 1786//2940 1836//2940
f 1804//2941 1603//2941 1845//2941
f 1851//2942 1852//2942 1850//2942
f 1851//2943 1849//2943 1852//2943
f 1852//64 1849//64 1846//64
f 1849//2944 1805//2944 1846//2944
f 1828//2945 1851//2945 1850//2945
f 1828//2946 1850//2946 1847//2946
f 1847//64 1850//64 1852//64
f 1847//64 1852//64 1846//64
f 1831//2947 1826//2947 1820//2947
f 1803//2948 1816//2948 1848//2948
f 1818//2949 1811//2949 1797//2949
f 1808//2950 1858//2950 1786//2950
f 1820//2951 1545//2951 1853//2951
f 1706//2952 1771//2952 1854//2952
f 1833//2953 1801//2953 1809//2953
f 1792//2954 1796//2954 1822//2954
f 1811//2955 1826//2955 1831//2955
f 1805//2956 1849//2956 1851//2956
f 1858//2957 1836//2957 1786//2957
f 1813//2958 1532//2958 1805//2958
f 1845//2959 1851//2959 1828//2959
f 1795//2960 1837//2960 1816//2960
f 1790//2961 1826//2961 1811//2961
f 1808//2962 1832//2962 1858//2962
f 1818//2963 1827//2963 1855//2963
f 1857//2964 1813//2964 1805//2964
f 1845//2965 1603//2965 1851//2965
f 1860//2966 1862//2966 1854//2966
f 1778//2967 1790//2967 1859//2967
f 1790//2968 1811//2968 1859//2968
f 1859//2969 1811//2969 1818//2969
f 1812//2970 1857//2970 1832//2970
f 1836//2971 1851//2971 1603//2971
f 1837//2972 1795//2972 1856//2972
f 1856//2973 1706//2973 1854//2973
f 1860//2974 1854//2974 1778//2974
f 1857//2975 1812//2975 1813//2975
f 1862//2976 1856//2976 1854//2976
f 1778//2977 1863//2977 1860//2977
f 1818//2978 1855//2978 1859//2978
f 1858//2979 1832//2979 1857//2979
f 1857//2980 1805//2980 1851//2980
f 1856//2981 1862//2981 1861//2981
f 1858//2982 1851//2982 1836//2982
f 1837//2983 1856//2983 1864//2983
f 1858//2984 1857//2984 1851//2984
f 1778//2985 1859//2985 1863//2985
f 1868//2986 1860//2986 1863//2986
f 1855//2987 1863//2987 1859//2987
f 1856//2988 1861//2988 1866//2988
f 1848//2989 1816//2989 1865//2989
f 1860//2990 1868//2990 1862//2990
f 1837//2991 1865//2991 1816//2991
f 1867//2992 1863//2992 1855//2992
f 1870//2993 1855//2993 1827//2993
f 1868//2994 1861//2994 1862//2994
f 1867//2995 1866//2995 1863//2995
f 1848//2996 1870//2996 1827//2996
f 1863//2997 1866//2997 1868//2997
f 1856//2998 1866//2998 1871//2998
f 1866//2999 1867//2999 1871//2999
f 1869//3000 1848//3000 1865//3000
f 1865//3001 1837//3001 1864//3001
f 1867//3002 1872//3002 1871//3002
f 1864//3003 1856//3003 1871//3003
f 1868//3004 1866//3004 1861//3004
f 1870//3005 1848//3005 1869//3005
f 1870//3006 1867//3006 1855//3006
f 1870//3007 1872//3007 1867//3007
f 1865//3008 1864//3008 1871//3008
f 1872//3009 1865//3009 1871//3009
f 1865//3010 1872//3010 1873//3010
f 1869//3011 1865//3011 1873//3011
f 1873//3012 1870//3012 1869//3012
f 1873//3013 1872//3013 1870//3013
l 5 9
l 1874 1875
l 79 104
l 343 1881
l 343 354
l 403 389
l 417 429
l 569 550
l 569 573
l 561 590
l 610 1911
l 1912 1913
l 730 729
l 887 914
l 1935 1936
l 926 855
l 934 1946
l 1949 906
l 1959 1960
l 1099 1975
l 1977 1985
l 1980 1983
l 1083 1127
l 1123 1149
l 1186 1187
l 1157 1184
l 1202 1995
l 1156 1996
l 1205 1210
l 1194 1213
l 1215 1223
l 1249 2006
l 1286 1287
l 1303 2008
l 1307 1316
l 2016 2034
l 1340 1324
l 2018 2032
l 1356 1358
l 2024 2045
l 1358 1360
l 2042 2053
l 2055 2057
l 1374 1393
l 1394 1401
l 1554 1555
l 1585 2085
l 1594 1612
l 1637 1639
l 1640 1641
l 1673 2125
l 1673 1674
l 1682 1683
l 1684 2137
l 1684 1685
l 1685 2146
l 1689 2145
l 1689 1690
l 1628 1690
l 1626 2099
l 1674 1714
l 2135 2138
l 1668 1725
l 1761 1762
l 2166 2168
l 27 29
l 162 170
l 364 400
l 371 1884
l 384 385
l 1899 1900
l 455 459
l 465 1902
l 1904 1905
l 545 638
l 1916 1920
l 730 742
l 743 748
l 837 1929
l 1939 1942
l 1953 1955
l 1957 1965
l 1961 1969
l 1034 1047
l 1059 1091
l 1110 1111
l 1113 1981
l 1149 1164
l 1260 2005
l 2013 2028
l 2022 2043
l 2025 2044
l 2029 2048
l 2040 2052
l 1401 1395
l 1361 1396
l 1478 1479
l 2074 2075
l 1556 2078
l 2079 2080
l 1562 2081
l 1597 1598
l 1629 1628
l 1655 1656
l 1769 1618
l 1700 2117
l 2119 2153
l 1717 2154
l 1717 2141
l 1728 1663
l 1765 1740
l 1752 1767
l 1776 2164
l 1746 1781
l 26 15
l 25 26
l 344 355
l 1885 1887
l 1889 1890
l 430 440
l 636 637
l 633 647
l 676 677
l 745 766
l 1926 1927
l 961 913
l 930 954
l 903 973
l 1954 1963
l 1958 1966
l 989 1967
l 1039 1073
l 1988 1991
l 1162 1186
l 1199 1200
l 1203 1996
l 1326 1327
l 2009 2011
l 2030 2047
l 1429 1512
l 1523 1565
l 1542 1566
l 1570 1571
l 1580 1582
l 1624 2092
l 1614 1625
l 1629 1632
l 1687 1688
l 2113 2116
l 1710 1711
l 1712 2126
l 1712 1713
l 2148 2149
l 1704 1723
l 1766 1758
l 1877 1878
l 1879 1880
l 345 356
l 397 1888
l 1894 1895
l 1897 1898
l 522 1906
l 1907 1908
l 1917 1923
l 749 748
l 1931 1932
l 1940 1947
l 953 1944
l 976 977
l 1006 1971
l 932 1071
l 1089 1979
l 1091 1114
l 1128 1987
l 1106 1150
l 1150 1151
l 1989 1993
l 1204 1211
l 1308 1314
l 2010 2023
l 1362 1325
l 1363 2050
l 2063 2066
l 2068 2070
l 1492 1506
l 1557 2076
l 1578 2083
l 2077 2081
l 1630 2097
l 1630 1631
l 1647 2115
l 1676 1678
l 1678 1680
l 1699 2112
l 1699 1700
l 1701 1702
l 2122 2123
l 1711 2127
l 2132 2134
l 1716 2136
l 1718 2140
l 2141 2142
l 1718 1719
l 1732 1734
l 1753 1754
l 1753 1756
l 1738 1766
l 1775 2167
l 122 120
l 121 1876
l 1891 1893
l 422 423
l 513 537
l 547 548
l 537 526
l 614 616
l 628 609
l 1914 1921
l 634 669
l 868 1933
l 1934 1941
l 895 924
l 1943 1945
l 931 955
l 957 958
l 1948 1951
l 954 988
l 928 927
l 1007 1972
l 1090 1089
l 1092 1093
l 1982 1986
l 1187 1188
l 1190 1191
l 1997 1999
l 1243 2002
l 1287 2007
l 2014 2033
l 2020 2038
l 2026 2046
l 1389 1390
l 2056 2059
l 1438 1447
l 1442 1444
l 2064 2065
l 2069 2071
l 1557 1560
l 2086 2090
l 1645 2114
l 1648 2116
l 1657 2120
l 1672 1675
l 1680 1682
l 2105 2152
l 1697 2110
l 1698 2109
l 1698 2113
l 1648 2118
l 1701 2117
l 2127 2128
l 1715 2131
l 1719 2144
l 28 29
l 355 372
l 373 1886
l 1901 1903
l 568 570
l 614 1910
l 1915 1922
l 679 1924
l 812 1928
l 815 816
l 841 1930
l 921 922
l 889 918
l 921 947
l 983 1956
l 1964 975
l 1014 1027
l 1061 1062
l 1057 1090
l 1058 1092
l 1085 1111
l 1105 1148
l 1168 1167
l 1992 1994
l 1191 1192
l 1998 2000
l 1327 2021
l 1337 1339
l 2017 2031
l 2039 2051
l 1375 2060
l 1443 1454
l 1500 1502
l 1536 1560
l 1579 2082
l 1549 1584
l 1587 2087
l 1581 1599
l 1609 1610
l 1633 1635
l 1635 1638
l 1641 1644
l 1649 1653
l 1671 2124
l 1679 2130
l 1686 1687
l 1694 2101
l 1714 2129
l 1714 2132
l 1720 2143
l 1721 1691
l 2159 2161
l 1767 1768
l 1882 1883
l 661 1918
l 662 1919
l 1952 1962
l 996 1010
l 1026 1034
l 1976 1978
l 1250 1251
l 2003 2004
l 1335 1354
l 2012 2027
l 1341 1342
l 2019 2036
l 1328 1347
l 1377 2049
l 1379 2050
l 1390 1401
l 1452 1425
l 1454 1444
l 1488 1487
l 1538 1539
l 1558 1559
l 1575 1577
l 1583 2084
l 1551 1553
l 1592 1596
l 2093 2096
l 1631 2103
l 1636 2102
l 1636 1637
l 1638 1640
l 1672 1670
l 1679 1681
l 1683 1686
l 2099 2100
l 1696 2104
l 2107 2108
l 1696 1697
l 1742 1743
l 1751 2155
l 2156 2157
l 1755 2158
l 2160 2162
l 1773 1784
l 1794 2165
l 165 162
l 317 365
l 548 568
l 688 1925
l 766 791
l 1937 1938
l 886 1946
l 974 1950
l 990 1968
l 1962 1970
l 1009 994
l 1054 1108
l 1087 1088
l 1974 1984
l 1056 1106
l 1108 1109
l 1084 1126
l 1126 1990
l 1160 1163
l 1148 1125
l 1124 1164
l 1224 2001
l 1261 1252
l 2015 2035
l 1343 1344
l 2041 2054
l 1391 2058
l 1396 1397
l 2061 2062
l 1431 1432
l 1494 2071
l 1497 2072
l 1493 1505
l 2089 2091
l 2094 2095
l 1642 2111
l 1646 1649
l 1709 1670
l 1681 2139
l 1692 2098
l 1692 1693
l 2150 2151
l 1747 1781
l 1744 2163
